"url";"lastmod";"priority";
"https://kirkland.in.ua/all-products/bioxcinru/filters/dlya-chego_dlya-pitaniya-volos-i-vosstanovleniya-rosta";"2023-05-02T21:45:28+03:00";""
"https://kirkland.in.ua/all-products/bioxcinru/filters/veschestvo_shampyn";"2023-05-02T21:45:28+03:00";""
"https://kirkland.in.ua/all-products/bioxcinru/filters/dlya-chego_dlya-yhoda-za-jirnoji-i-sklonnoji-k-akne-kojeji";"2023-05-02T21:45:28+03:00";""
"https://kirkland.in.ua/all-products/bioxcinru/filters/dlya-chego_bioaktivnaya-vosstanavlivauschaya-sivorotka-dlya-koji-golovi";"2023-05-02T21:45:28+03:00";""
"https://kirkland.in.ua/all-products/bioxcinru/filters/dlya-chego_dlya-jirnih-volos-i-koji-golovi";"2023-05-02T21:45:28+03:00";""
"https://kirkland.in.ua/all-products/bioxcinru/filters/dlya-chego_izbavlenie-ot-perhoti";"2023-05-02T21:45:28+03:00";""
"https://kirkland.in.ua/all-products/bioxcinru/filters/dlya-chego_zdorove-volos";"2023-05-02T21:45:28+03:00";""
"https://kirkland.in.ua/all-products/bioxcinru/filters/dlya-chego_intensivnoe-ykreplenie-i-zdorove-volos";"2023-05-02T21:45:28+03:00";""
"https://kirkland.in.ua/all-products/bioxcinru/filters/veschestvo_kondicioner";"2023-05-02T21:45:28+03:00";""
"https://kirkland.in.ua/all-products/bioxcinru/filters/dlya-chego_zdorove-volos-i-koji-golovi";"2023-05-02T21:45:28+03:00";""
"https://kirkland.in.ua/all-products/bioxcinru/filters/dlya-chego_lechenie-akne";"2023-05-02T21:45:28+03:00";""
"https://kirkland.in.ua/all-products/bioxcinru/filters/dlya-chego_rost-volos";"2023-05-02T21:45:28+03:00";""
"https://kirkland.in.ua/all-products/bioxcinru/filters/kolichestvo_15-ml";"2023-05-02T21:45:28+03:00";""
"https://kirkland.in.ua/all-products/bioxcinru/filters/kolichestvo_15h6-ml";"2023-05-02T21:45:28+03:00";""
"https://kirkland.in.ua/all-products/bioxcinru/filters/dlya-chego_shampyn-dlya-jirnih-volos";"2023-05-02T21:45:28+03:00";""
"https://kirkland.in.ua/all-products/bioxcinru/filters/kolichestvo_50-ml";"2023-05-02T21:45:28+03:00";""
"https://kirkland.in.ua/all-products/bioxcinru/filters/kolichestvo_150-ml";"2023-05-02T21:45:28+03:00";""
"https://kirkland.in.ua/all-products/bioxcinru/filters/dlya-chego_ykreplenie-korneji-volos";"2023-05-02T21:45:28+03:00";""
"https://kirkland.in.ua/all-products/bioxcinru/filters/dlya-chego_dlya-chyvstvitelnih-i-povrejdyonnih-volos";"2023-05-02T21:45:28+03:00";""
"https://kirkland.in.ua/all-products/bioxcinru/filters/kolichestvo_60-tab";"2023-05-02T21:45:28+03:00";""
"https://kirkland.in.ua/all-products/bioxcinru/filters/kolichestvo_100-ml";"2023-05-02T21:45:28+03:00";""
"https://kirkland.in.ua/all-products/bioxcinru/filters/kolichestvo_60-tabletok";"2023-05-02T21:45:28+03:00";""
"https://kirkland.in.ua/all-products/bioxcinru/filters/kolichestvo_200-ml";"2023-05-02T21:45:28+03:00";""
"https://kirkland.in.ua/all-products/bioxcinru/filters/kolichestvo_300-ml";"2023-05-02T21:45:28+03:00";""
"https://kirkland.in.ua/all-products/bioxcinru/filters/kolichestvo_300-ml-60-tabletok-50-ml";"2023-05-02T21:45:28+03:00";""
"https://kirkland.in.ua/all-products/bioxcinru/filters/kolichestvo_500-ml";"2023-05-02T21:45:28+03:00";""
"https://kirkland.in.ua/all-products/bioxcinru/filters/kolichestvo_250-ml";"2023-05-02T21:45:28+03:00";""
"https://kirkland.in.ua/all-products/bioxcinru/filters/forma-vipyska_flakon-banka";"2023-05-02T21:45:28+03:00";""
"https://kirkland.in.ua/all-products/bioxcinru/filters/forma-vipyska_tyba";"2023-05-02T21:45:28+03:00";""
"https://kirkland.in.ua/all-products/bioxcinru/filters/forma-vipyska_banka";"2023-05-02T21:45:28+03:00";""
"https://kirkland.in.ua/all-products/bioxcinru/filters/forma-vipyska_flakon-s-dozatorom";"2023-05-02T21:45:28+03:00";""
"https://kirkland.in.ua/all-products/bioxcinru/filters/shampyn_shampyn";"2023-05-02T21:45:28+03:00";""
"https://kirkland.in.ua/all-products/bioxcinru/filters/forma-vipyska_flakon-banka-flakon";"2023-05-02T21:45:28+03:00";""
"https://kirkland.in.ua/all-products/vitaminy/filters/veschestvo_omega-3";"2023-05-02T21:45:28+03:00";""
"https://kirkland.in.ua/all-products/bioxcinru/filters/forma-vipyska_flakon";"2023-05-02T21:45:28+03:00";""
"https://kirkland.in.ua/all-products/bioxcinru/filters/strana-proizvoditel_tyrciya";"2023-05-02T21:45:28+03:00";""
"https://kirkland.in.ua/all-products/vitaminy/filters/veschestvo_gialyronovaya-kislota-hondroitin-sylfata";"2023-05-02T21:45:28+03:00";""
"https://kirkland.in.ua/all-products/vitaminy/filters/veschestvo_omega-3-lutein-vitamin-d3";"2023-05-02T21:45:28+03:00";""
"https://kirkland.in.ua/all-products/vitaminy/filters/veschestvo_vitamin-d3";"2023-05-02T21:45:28+03:00";""
"https://kirkland.in.ua/all-products/vitaminy/filters/veschestvo_sambyk-cherniji";"2023-05-02T21:45:28+03:00";""
"https://kirkland.in.ua/all-products/vitaminy/filters/veschestvo_rastitelniji-protein";"2023-05-02T21:45:28+03:00";""
"https://kirkland.in.ua/all-products/vitaminy/filters/veschestvo_smola-gygyl";"2023-05-02T21:45:28+03:00";""
"https://kirkland.in.ua/all-products/vitaminy/filters/veschestvo_tiotropiya-bromid";"2023-05-02T21:45:28+03:00";""
"https://kirkland.in.ua/all-products/vitaminy/filters/dlya-chego_-raboti-serdca-zreniya-immynnoji-sistemi";"2023-05-02T21:45:28+03:00";""
"https://kirkland.in.ua/all-products/vitaminy/filters/veschestvo_selen";"2023-05-02T21:45:28+03:00";""
"https://kirkland.in.ua/all-products/vitaminy/filters/dlya-chego_dlya-bezopasnogo-pohydeniya";"2023-05-02T21:45:28+03:00";""
"https://kirkland.in.ua/all-products/vitaminy/filters/dlya-chego_dlya-pecheni";"2023-05-02T21:45:28+03:00";""
"https://kirkland.in.ua/all-products/vitaminy/filters/dlya-chego_dlya-podderjaniya-imynnoji-sistemi";"2023-05-02T21:45:28+03:00";""
"https://kirkland.in.ua/all-products/vitaminy/filters/dlya-chego_dlya-myjskogo-zdorovya";"2023-05-02T21:45:28+03:00";""
"https://kirkland.in.ua/all-products/vitaminy/filters/dlya-chego_dlya-podderjaniya-immynnoji-fynkcii";"2023-05-02T21:45:28+03:00";""
"https://kirkland.in.ua/all-products/vitaminy/filters/dlya-chego_dlya-imynnoji-sistemi-i-zdorovih-kosteji";"2023-05-02T21:45:28+03:00";""
"https://kirkland.in.ua/all-products/vitaminy/filters/dlya-chego_dlya-podderjki-zdorovogo-rosta-i-razvitiya-deteji";"2023-05-02T21:45:28+03:00";""
"https://kirkland.in.ua/all-products/vitaminy/filters/dlya-chego_dlya-podderjki-zdorovya-systavov-hryaschevoji-i-soedinitelnoji-tkani";"2023-05-02T21:45:28+03:00";""
"https://kirkland.in.ua/all-products/vitaminy/filters/dlya-chego_dlya-podderjaniya-energeticheskogo-obmena";"2023-05-02T21:45:28+03:00";""
"https://kirkland.in.ua/all-products/vitaminy/filters/dlya-chego_dlya-podderjki-kosteji-mishc-i-immyniteta";"2023-05-02T21:45:28+03:00";""
"https://kirkland.in.ua/all-products/vitaminy/filters/dlya-chego_dlya-profilaktiki-serdechno-sosydistih-zabolevaniji";"2023-05-02T21:45:28+03:00";""
"https://kirkland.in.ua/all-products/vitaminy/filters/dlya-chego_dlya-serdechno-sosydistoji-sistemi";"2023-05-02T21:45:28+03:00";""
"https://kirkland.in.ua/all-products/vitaminy/filters/dlya-chego_dlya-podderjki-organizma-vo-vremya-stareniya";"2023-05-02T21:45:28+03:00";""
"https://kirkland.in.ua/all-products/vitaminy/filters/dlya-chego_dlya-podderjki-krepkih-kosteji";"2023-05-02T21:45:28+03:00";""
"https://kirkland.in.ua/all-products/vitaminy/filters/dlya-chego_dlya-sozdaniya-silnogo-i-zdorovogo-tela";"2023-05-02T21:45:28+03:00";""
"https://kirkland.in.ua/all-products/vitaminy/filters/dlya-chego_zdorove-i-ykreplenie-imynnoji-sistemi";"2023-05-02T21:45:28+03:00";""
"https://kirkland.in.ua/all-products/vitaminy/filters/dlya-chego_zdorove-detskogo-organizma";"2023-05-02T21:45:28+03:00";""
"https://kirkland.in.ua/all-products/vitaminy/filters/dlya-chego_zdorove-koji-i-volos";"2023-05-02T21:45:28+03:00";""
"https://kirkland.in.ua/all-products/vitaminy/filters/dlya-chego_zdorove-koji-i-kosteji";"2023-05-02T21:45:28+03:00";""
"https://kirkland.in.ua/all-products/vitaminy/filters/dlya-chego_zdorove-koji-volos-i-nogteji";"2023-05-02T21:45:28+03:00";""
"https://kirkland.in.ua/all-products/vitaminy/filters/dlya-chego_zdorove-rastyschego-organizma";"2023-05-02T21:45:28+03:00";""
"https://kirkland.in.ua/all-products/vitaminy/filters/dlya-chego_zdorove-serdca-i-systavov";"2023-05-02T21:45:28+03:00";""
"https://kirkland.in.ua/all-products/vitaminy/filters/dlya-chego_podvijnost-kosteji-i-systavov";"2023-05-02T21:45:28+03:00";""
"https://kirkland.in.ua/all-products/vitaminy/filters/dlya-chego_zdorove-kosteji-i-kostnoji-tkani";"2023-05-02T21:45:28+03:00";""
"https://kirkland.in.ua/all-products/vitaminy/filters/dlya-chego_zdorove-pecheni";"2023-05-02T21:45:28+03:00";""
"https://kirkland.in.ua/all-products/vitaminy/filters/dlya-chego_pomogaet-nejitralizovat-svobodnie-radikali-v-organizme-i-podderjivat-immynnyu-sistemy";"2023-05-02T21:45:28+03:00";""
"https://kirkland.in.ua/all-products/vitaminy/filters/dlya-chego_podderjanie-zdorovya-vo-vremya-beremennosti";"2023-05-02T21:45:28+03:00";""
"https://kirkland.in.ua/all-products/vitaminy/filters/dlya-chego_zdorove-balans-veschestv-v-organizme";"2023-05-02T21:45:28+03:00";""
"https://kirkland.in.ua/all-products/vitaminy/filters/dlya-chego_podderjivaet-zdorove-dihatelnih-pyteji";"2023-05-02T21:45:28+03:00";""
"https://kirkland.in.ua/all-products/vitaminy/filters/dlya-chego_podderjanie-zdorovya-i-normalnoji-raboti-organizma";"2023-05-02T21:45:28+03:00";""
"https://kirkland.in.ua/all-products/vitaminy/filters/dlya-chego_prednaznachen-dlya-podderjki-zdorovya-ludeji-starshe-50-let";"2023-05-02T21:45:28+03:00";""
"https://kirkland.in.ua/all-products/vitaminy/filters/dlya-chego_sposobstvyet-vosstanovleniu-povrejdennoji-hryaschevoji-tkani";"2023-05-02T21:45:28+03:00";""
"https://kirkland.in.ua/all-products/vitaminy/filters/dlya-chego_yspokoitelniji-effekt";"2023-05-02T21:45:28+03:00";""
"https://kirkland.in.ua/all-products/vitaminy/filters/dlya-chego_ylychshenie-spermatogeneza";"2023-05-02T21:45:28+03:00";""
"https://kirkland.in.ua/all-products/vitaminy/filters/dlya-chego_ylychshenie-pamyati-i-kognitivnih-fynkciji";"2023-05-02T21:45:28+03:00";""
"https://kirkland.in.ua/all-products/vitaminy/filters/dlya-chego_ylychshenie-pischevareniya";"2023-05-02T21:45:28+03:00";""
"https://kirkland.in.ua/all-products/vitaminy/filters/dlya-chego_ykreplenie-kosteji-zdorove-zybov";"2023-05-02T21:45:28+03:00";""
"https://kirkland.in.ua/all-products/vitaminy/filters/kolichestvo_10-ml";"2023-05-02T21:45:28+03:00";""
"https://kirkland.in.ua/all-products/vitaminy/filters/kolichestvo_25-ml";"2023-05-02T21:45:28+03:00";""
"https://kirkland.in.ua/all-products/vitaminy/filters/kolichestvo_30-sht";"2023-05-02T21:45:28+03:00";""
"https://kirkland.in.ua/all-products/vitaminy/filters/kolichestvo_30-kapsyl";"2023-05-02T21:45:28+03:00";""
"https://kirkland.in.ua/all-products/vitaminy/filters/kolichestvo_60-shtyk";"2023-05-02T21:45:28+03:00";""
"https://kirkland.in.ua/all-products/vitaminy/filters/kolichestvo_36-jelejinih-konfet";"2023-05-02T21:45:28+03:00";""
"https://kirkland.in.ua/all-products/vitaminy/filters/kolichestvo_60-tabletok";"2023-05-02T21:45:28+03:00";""
"https://kirkland.in.ua/all-products/vitaminy/filters/kolichestvo_30-tabletok";"2023-05-02T21:45:28+03:00";""
"https://kirkland.in.ua/all-products/vitaminy/filters/kolichestvo_90-kapsyl";"2023-05-02T21:45:28+03:00";""
"https://kirkland.in.ua/all-products/vitaminy/filters/kolichestvo_60-kapsyl";"2023-05-02T21:45:28+03:00";""
"https://kirkland.in.ua/all-products/vitaminy/filters/kolichestvo_80-sht";"2023-05-02T21:45:28+03:00";""
"https://kirkland.in.ua/all-products/vitaminy/filters/kolichestvo_90-tabletok";"2023-05-02T21:45:28+03:00";""
"https://kirkland.in.ua/all-products/vitaminy/filters/kolichestvo_100";"2023-05-02T21:45:28+03:00";""
"https://kirkland.in.ua/all-products/vitaminy/filters/kolichestvo_100-sht";"2023-05-02T21:45:28+03:00";""
"https://kirkland.in.ua/all-products/vitaminy/filters/kolichestvo_100-tabletok";"2023-05-02T21:45:28+03:00";""
"https://kirkland.in.ua/all-products/vitaminy/filters/kolichestvo_112-kapsyl";"2023-05-02T21:45:28+03:00";""
"https://kirkland.in.ua/all-products/vitaminy/filters/kolichestvo_100-kapsyl";"2023-05-02T21:45:28+03:00";""
"https://kirkland.in.ua/all-products/vitaminy/filters/kolichestvo_150-kapsyl";"2023-05-02T21:45:28+03:00";""
"https://kirkland.in.ua/all-products/vitaminy/filters/kolichestvo_120sht";"2023-05-02T21:45:28+03:00";""
"https://kirkland.in.ua/all-products/vitaminy/filters/kolichestvo_180-tabletok";"2023-05-02T21:45:28+03:00";""
"https://kirkland.in.ua/all-products/vitaminy/filters/kolichestvo_120-tabletok";"2023-05-02T21:45:28+03:00";""
"https://kirkland.in.ua/all-products/vitaminy/filters/kolichestvo_120-kapsyl";"2023-05-02T21:45:28+03:00";""
"https://kirkland.in.ua/all-products/vitaminy/filters/kolichestvo_160";"2023-05-02T21:45:28+03:00";""
"https://kirkland.in.ua/all-products/vitaminy/filters/kolichestvo_220";"2023-05-02T21:45:28+03:00";""
"https://kirkland.in.ua/all-products/vitaminy/filters/kolichestvo_230";"2023-05-02T21:45:28+03:00";""
"https://kirkland.in.ua/all-products/vitaminy/filters/kolichestvo_300-kapsyl";"2023-05-02T21:45:28+03:00";""
"https://kirkland.in.ua/all-products/vitaminy/filters/kolichestvo_250-mg";"2023-05-02T21:45:28+03:00";""
"https://kirkland.in.ua/all-products/vitaminy/filters/kolichestvo_250-ml";"2023-05-02T21:45:28+03:00";""
"https://kirkland.in.ua/all-products/vitaminy/filters/kolichestvo_250-tabletok";"2023-05-02T21:45:28+03:00";""
"https://kirkland.in.ua/all-products/vitaminy/filters/kolichestvo_375";"2023-05-02T21:45:28+03:00";""
"https://kirkland.in.ua/all-products/vitaminy/filters/kolichestvo_320";"2023-05-02T21:45:28+03:00";""
"https://kirkland.in.ua/all-products/vitaminy/filters/kolichestvo_400";"2023-05-02T21:45:28+03:00";""
"https://kirkland.in.ua/all-products/vitaminy/filters/kolichestvo_400-mg";"2023-05-02T21:45:28+03:00";""
"https://kirkland.in.ua/all-products/vitaminy/filters/kolichestvo_500-tabletok";"2023-05-02T21:45:28+03:00";""
"https://kirkland.in.ua/all-products/vitaminy/filters/kolichestvo_500";"2023-05-02T21:45:28+03:00";""
"https://kirkland.in.ua/all-products/vitaminy/filters/strana-proizvoditel_beringer-ingelhajim-farma-gmbh-i-ko-kg-germaniya";"2023-05-02T21:45:28+03:00";""
"https://kirkland.in.ua/all-products/vitaminy/filters/strana-proizvoditel_oregons-wild-harvest-oregons-vajild-harvest-ssha";"2023-05-02T21:45:28+03:00";""
"https://kirkland.in.ua/all-products/vitaminy/filters/strana-proizvoditel_angliya";"2023-05-02T21:45:28+03:00";""
"https://kirkland.in.ua/all-products/vitaminy/filters/strana-proizvoditel_germaniya";"2023-05-02T21:45:28+03:00";""
"https://kirkland.in.ua/all-products/vitaminy/filters/kolichestvo_600";"2023-05-02T21:45:28+03:00";""
"https://kirkland.in.ua/all-products/vitaminy/filters/strana-proizvoditel_indiya";"2023-05-02T21:45:28+03:00";""
"https://kirkland.in.ua/all-products/vitaminy/filters/strana-proizvoditel_velikobritaniya";"2023-05-02T21:45:28+03:00";""
"https://kirkland.in.ua/all-products/vitaminy/filters/strana-proizvoditel_italiya";"2023-05-02T21:45:28+03:00";""
"https://kirkland.in.ua/all-products/vitaminy/filters/strana-proizvoditel_norvegiya";"2023-05-02T21:45:28+03:00";""
"https://kirkland.in.ua/all-products/vitaminy/filters/strana-proizvoditel_niderlandi";"2023-05-02T21:45:28+03:00";""
"https://kirkland.in.ua/all-products/vitaminy/filters/forma-vipyska_banka-920g";"2023-05-02T21:45:28+03:00";""
"https://kirkland.in.ua/all-products/vitaminy/filters/forma-vipyska_jevatelnie-konfeti";"2023-05-02T21:45:28+03:00";""
"https://kirkland.in.ua/all-products/vitaminy/filters/forma-vipyska_jelatinovie-kapsyli";"2023-05-02T21:45:28+03:00";""
"https://kirkland.in.ua/all-products/vitaminy/filters/strana-proizvoditel_ssha";"2023-05-02T21:45:28+03:00";""
"https://kirkland.in.ua/all-products/vitaminy/filters/forma-vipyska_banka";"2023-05-02T21:45:28+03:00";""
"https://kirkland.in.ua/all-products/vitaminy/filters/forma-vipyska_gelevie-kapsyli";"2023-05-02T21:45:28+03:00";""
"https://kirkland.in.ua/all-products/vitaminy/filters/strana-proizvoditel_chehiya";"2023-05-02T21:45:28+03:00";""
"https://kirkland.in.ua/all-products/vitaminy/filters/forma-vipyska_kapsyli";"2023-05-02T21:45:28+03:00";""
"https://kirkland.in.ua/all-products/vitaminy/filters/forma-vipyska_jelejinie-konfeti";"2023-05-02T21:45:28+03:00";""
"https://kirkland.in.ua/all-products/vitaminy/filters/forma-vipyska_kapsyli-s-poroshkom-dlya-ingalyaciji-18-mkg-v-komplekte-s-ingalyatorom-handihaler";"2023-05-02T21:45:28+03:00";""
"https://kirkland.in.ua/all-products/vitaminy/filters/forma-vipyska_tabletki";"2023-05-02T21:45:28+03:00";""
"https://kirkland.in.ua/all-products/vitaminy/vitamin-dru/filters/dlya-chego_dlya-podderjaniya-imynnoji-sistemi";"2023-05-02T21:45:28+03:00";""
"https://kirkland.in.ua/all-products/vitaminy/filters/forma-vipyska_sashe";"2023-05-02T21:45:28+03:00";""
"https://kirkland.in.ua/all-products/vitaminy/filters/forma-vipyska_flakon";"2023-05-02T21:45:28+03:00";""
"https://kirkland.in.ua/all-products/vitaminy/vitamin-bru/filters/dlya-chego_dlya-pecheni";"2023-05-02T21:45:28+03:00";""
"https://kirkland.in.ua/all-products/vitaminy/vitamin-dru/filters/dlya-chego_dlya-podderjki-krepkih-kosteji";"2023-05-02T21:45:28+03:00";""
"https://kirkland.in.ua/all-products/vitaminy/vitamin-bru/filters/dlya-chego_dlya-podderjaniya-energeticheskogo-obmena";"2023-05-02T21:45:28+03:00";""
"https://kirkland.in.ua/all-products/vitaminy/vitamin-eru/filters/dlya-chego_pomogaet-nejitralizovat-svobodnie-radikali-v-organizme-i-podderjivat-immynnyu-sistemy";"2023-05-02T21:45:28+03:00";""
"https://kirkland.in.ua/all-products/vitaminy/vitamini-dlya-krasoti/filters/dlya-chego_zdorove-koji-i-volos";"2023-05-02T21:45:28+03:00";""
"https://kirkland.in.ua/all-products/vitaminy/vitamini-dlya-detei/filters/dlya-chego_zdorove-rastyschego-organizma";"2023-05-02T21:45:28+03:00";""
"https://kirkland.in.ua/all-products/vitaminy/vitamin-cru/filters/dlya-chego_dlya-podderjaniya-immynnoji-fynkcii";"2023-05-02T21:45:28+03:00";""
"https://kirkland.in.ua/all-products/vitaminy/vitamini-dlya-krasoti/filters/dlya-chego_zdorove-koji-i-kosteji";"2023-05-02T21:45:28+03:00";""
"https://kirkland.in.ua/all-products/vitaminy/vitamini-dlya-krasoti/filters/dlya-chego_zdorove-koji-volos-i-nogteji";"2023-05-02T21:45:28+03:00";""
"https://kirkland.in.ua/all-products/vitaminy/vitamini-dlya-normalizatsii-sna/filters/dlya-chego_yspokoitelniji-effekt";"2023-05-02T21:45:28+03:00";""
"https://kirkland.in.ua/all-products/vitaminy/vitamini-dlya-krasoti/filters/dlya-chego_ylychshenie-pischevareniya";"2023-05-02T21:45:28+03:00";""
"https://kirkland.in.ua/all-products/vitaminy/vitamini-dlya-pokhudeniya/filters/dlya-chego_dlya-bezopasnogo-pohydeniya";"2023-05-02T21:45:28+03:00";""
"https://kirkland.in.ua/all-products/vitaminy/vitamini-dlya-sustavov/filters/dlya-chego_dlya-podderjki-zdorovya-systavov-hryaschevoji-i-soedinitelnoji-tkani";"2023-05-02T21:45:28+03:00";""
"https://kirkland.in.ua/all-products/vitaminy/vitamini-dlya-sustavov/filters/dlya-chego_zdorove-balans-veschestv-v-organizme";"2023-05-02T21:45:28+03:00";""
"https://kirkland.in.ua/all-products/vitaminy/vitamini-dlya-sustavov/filters/dlya-chego_zdorove-serdca-i-systavov";"2023-05-02T21:45:28+03:00";""
"https://kirkland.in.ua/all-products/vitaminy/vitamini-dlya-sustavov/filters/dlya-chego_sposobstvyet-vosstanovleniu-povrejdennoji-hryaschevoji-tkani";"2023-05-02T21:45:28+03:00";""
"https://kirkland.in.ua/all-products/vitaminy/vitamini-ot-stressa/filters/dlya-chego_yspokoitelniji-effekt";"2023-05-02T21:45:28+03:00";""
"https://kirkland.in.ua/all-products/vitaminy/vitamini-ot-stressa/filters/dlya-chego_ylychshenie-pamyati-i-kognitivnih-fynkciji";"2023-05-02T21:45:28+03:00";""
"https://kirkland.in.ua/all-products/vitaminy/minerali/filters/dlya-chego_dlya-podderjki-krepkih-kosteji";"2023-05-02T21:45:28+03:00";""
"https://kirkland.in.ua/all-products/vitaminy/minerali/filters/dlya-chego_dlya-sozdaniya-silnogo-i-zdorovogo-tela";"2023-05-02T21:45:28+03:00";""
"https://kirkland.in.ua/all-products/vitaminy/minerali/filters/dlya-chego_zdorove-koji-i-volos";"2023-05-02T21:45:28+03:00";""
"https://kirkland.in.ua/all-products/vitaminy/minerali/filters/dlya-chego_zdorove-koji-volos-i-nogteji";"2023-05-02T21:45:28+03:00";""
"https://kirkland.in.ua/all-products/vitaminy/minerali/filters/dlya-chego_zdorove-koji-i-kosteji";"2023-05-02T21:45:28+03:00";""
"https://kirkland.in.ua/all-products/vitaminy/minerali/filters/dlya-chego_zdorove-kosteji-i-kostnoji-tkani";"2023-05-02T21:45:28+03:00";""
"https://kirkland.in.ua/all-products/vitaminy/minerali/filters/dlya-chego_podderjanie-zdorovya-vo-vremya-beremennosti";"2023-05-02T21:45:28+03:00";""
"https://kirkland.in.ua/all-products/vitaminy/minerali/filters/dlya-chego_ykreplenie-kosteji-zdorove-zybov";"2023-05-02T21:45:28+03:00";""
"https://kirkland.in.ua/all-products/vitaminy/minerali/filters/dlya-chego_ylychshenie-pamyati-i-kognitivnih-fynkciji";"2023-05-02T21:45:28+03:00";""
"https://kirkland.in.ua/all-products/vitaminy/minerali/filters/dlya-chego_ylychshenie-pischevareniya";"2023-05-02T21:45:28+03:00";""
"https://kirkland.in.ua/all-products/vitaminy/multivitaminiru/filters/dlya-chego_dlya-pecheni";"2023-05-02T21:45:28+03:00";""
"https://kirkland.in.ua/all-products/vitaminy/multivitaminiru/filters/dlya-chego_dlya-podderjki-kosteji-mishc-i-immyniteta";"2023-05-02T21:45:28+03:00";""
"https://kirkland.in.ua/all-products/vitaminy/multivitaminiru/filters/dlya-chego_dlya-sozdaniya-silnogo-i-zdorovogo-tela";"2023-05-02T21:45:28+03:00";""
"https://kirkland.in.ua/all-products/vitaminy/multivitaminiru/filters/dlya-chego_zdorove-serdca-i-systavov";"2023-05-02T21:45:28+03:00";""
"https://kirkland.in.ua/all-products/vitaminy/multivitaminiru/filters/dlya-chego_podderjanie-zdorovya-i-normalnoji-raboti-organizma";"2023-05-02T21:45:28+03:00";""
"https://kirkland.in.ua/all-products/vitaminy/omega-ta-ribyachij-zhirru/filters/dlya-chego_-raboti-serdca-zreniya-immynnoji-sistemi";"2023-05-02T21:45:28+03:00";""
"https://kirkland.in.ua/all-products/vitaminy/omega-ta-ribyachij-zhirru/filters/dlya-chego_dlya-profilaktiki-serdechno-sosydistih-zabolevaniji";"2023-05-02T21:45:28+03:00";""
"https://kirkland.in.ua/all-products/kosmetikaru/filters/veschestvo_botylinicheskiji-toksin-tipa-a-sivorotochniji-albymin-cheloveka-05-mg-hlorid-natriya-09-mg";"2023-05-02T21:45:28+03:00";""
"https://kirkland.in.ua/all-products/kosmetikaru/filters/veschestvo_gialyronovaya-kislota-sylfadiazin-serebra";"2023-05-02T21:45:28+03:00";""
"https://kirkland.in.ua/all-products/kosmetikaru/filters/veschestvo_zeleniji-chaji";"2023-05-02T21:45:28+03:00";""
"https://kirkland.in.ua/all-products/kosmetikaru/filters/veschestvo_maslo-jojoba-klybniki-semyan-arbyza-i-aloe-vera";"2023-05-02T21:45:28+03:00";""
"https://kirkland.in.ua/all-products/kosmetikaru/filters/veschestvo_maslo-jojoba-persika-i-aloe-vera";"2023-05-02T21:45:28+03:00";""
"https://kirkland.in.ua/all-products/kosmetikaru/filters/veschestvo_mindalnoe-maslo";"2023-05-02T21:45:28+03:00";""
"https://kirkland.in.ua/all-products/kosmetikaru/filters/veschestvo_maslo-makadamii";"2023-05-02T21:45:28+03:00";""
"https://kirkland.in.ua/all-products/kosmetikaru/filters/veschestvo_minerali-mertvogo-morya";"2023-05-02T21:45:28+03:00";""
"https://kirkland.in.ua/all-products/kosmetikaru/filters/veschestvo_chesnochniji-shampyn";"2023-05-02T21:45:28+03:00";""
"https://kirkland.in.ua/all-products/kosmetikaru/filters/veschestvo_stabilizirovannaya-gialyronovaya-kislota-lidokain";"2023-05-02T21:45:28+03:00";""
"https://kirkland.in.ua/all-products/kosmetikaru/filters/veschestvo_retinol";"2023-05-02T21:45:28+03:00";""
"https://kirkland.in.ua/all-products/kosmetikaru/filters/dlya-chego_antivozrastnoe";"2023-05-02T21:45:28+03:00";""
"https://kirkland.in.ua/all-products/kosmetikaru/filters/dlya-chego_antivozrastnaya";"2023-05-02T21:45:28+03:00";""
"https://kirkland.in.ua/all-products/kosmetikaru/filters/dlya-chego_vosstanovlenie-ytrachennih-obemov-zoni-schek-podborodkatonkie-gybi";"2023-05-02T21:45:28+03:00";""
"https://kirkland.in.ua/all-products/kosmetikaru/filters/dlya-chego_vosstanovlenie";"2023-05-02T21:45:28+03:00";""
"https://kirkland.in.ua/all-products/kosmetikaru/filters/dlya-chego_dlya-bolee-gystih-volos";"2023-05-02T21:45:28+03:00";""
"https://kirkland.in.ua/all-products/kosmetikaru/filters/dlya-chego_dlya-gyb";"2023-05-02T21:45:28+03:00";""
"https://kirkland.in.ua/all-products/kosmetikaru/filters/dlya-chego_dlya-gyb-dlya-skyl-dlya-formirovaniya-ovala-lica";"2023-05-02T21:45:28+03:00";""
"https://kirkland.in.ua/all-products/kosmetikaru/filters/dlya-chego_dlya-lica";"2023-05-02T21:45:28+03:00";""
"https://kirkland.in.ua/all-products/kosmetikaru/filters/dlya-chego_dlya-gyb-dlya-formirovaniya-ovala-lica";"2023-05-02T21:45:28+03:00";""
"https://kirkland.in.ua/all-products/kosmetikaru/filters/dlya-chego_dlya-oblasti-vokryg-glaz";"2023-05-02T21:45:28+03:00";""
"https://kirkland.in.ua/all-products/kosmetikaru/filters/dlya-chego_dlya-rosta-volos";"2023-05-02T21:45:28+03:00";""
"https://kirkland.in.ua/all-products/kosmetikaru/filters/dlya-chego_dlya-ydaleniya-pyaten";"2023-05-02T21:45:28+03:00";""
"https://kirkland.in.ua/all-products/kosmetikaru/filters/dlya-chego_zdorove-desen";"2023-05-02T21:45:28+03:00";""
"https://kirkland.in.ua/all-products/kosmetikaru/filters/dlya-chego_dlya-chyvstvitelnih-zybov";"2023-05-02T21:45:28+03:00";""
"https://kirkland.in.ua/all-products/kosmetikaru/filters/dlya-chego_zdorove-koji-lica";"2023-05-02T21:45:28+03:00";""
"https://kirkland.in.ua/all-products/kosmetikaru/filters/dlya-chego_zdorove-zybov-i-desen";"2023-05-02T21:45:28+03:00";""
"https://kirkland.in.ua/all-products/kosmetikaru/filters/dlya-chego_zdorove-koji-lica-shei-i-zoni-dekolte";"2023-05-02T21:45:28+03:00";""
"https://kirkland.in.ua/all-products/kosmetikaru/filters/dlya-chego_lechenie-prischeji";"2023-05-02T21:45:28+03:00";""
"https://kirkland.in.ua/all-products/kosmetikaru/filters/dlya-chego_melanodermiyaaknevesnyshki";"2023-05-02T21:45:28+03:00";""
"https://kirkland.in.ua/all-products/kosmetikaru/filters/dlya-chego_omolojenie";"2023-05-02T21:45:28+03:00";""
"https://kirkland.in.ua/all-products/kosmetikaru/filters/dlya-chego_otbelivanie";"2023-05-02T21:45:28+03:00";""
"https://kirkland.in.ua/all-products/kosmetikaru/filters/dlya-chego_otbelivanie-zybov";"2023-05-02T21:45:28+03:00";""
"https://kirkland.in.ua/all-products/kosmetikaru/filters/dlya-chego_ochischenie";"2023-05-02T21:45:28+03:00";""
"https://kirkland.in.ua/all-products/kosmetikaru/filters/dlya-chego_perhotvipadenie-volos";"2023-05-02T21:45:28+03:00";""
"https://kirkland.in.ua/all-products/kosmetikaru/filters/dlya-chego_pitanie-vosstanovlenie";"2023-05-02T21:45:28+03:00";""
"https://kirkland.in.ua/all-products/kosmetikaru/filters/dlya-chego_pitanie";"2023-05-02T21:45:28+03:00";""
"https://kirkland.in.ua/all-products/kosmetikaru/filters/dlya-chego_yvlajnenie";"2023-05-02T21:45:28+03:00";""
"https://kirkland.in.ua/all-products/kosmetikaru/filters/dlya-chego_yvlajnenie-koji-lica";"2023-05-02T21:45:28+03:00";""
"https://kirkland.in.ua/all-products/kosmetikaru/filters/dlya-chego_yvlajnenie-i-pitanie";"2023-05-02T21:45:28+03:00";""
"https://kirkland.in.ua/all-products/kosmetikaru/filters/dlya-chego_yvlajnenie-pyatok";"2023-05-02T21:45:28+03:00";""
"https://kirkland.in.ua/all-products/kosmetikaru/filters/dlya-chego_yvlajnenie-pitanie";"2023-05-02T21:45:28+03:00";""
"https://kirkland.in.ua/all-products/kosmetikaru/filters/dlya-chego_yvlajnyaschiji";"2023-05-02T21:45:28+03:00";""
"https://kirkland.in.ua/all-products/kosmetikaru/filters/dlya-chego_ykreplenie-zdorovya-desen-i-zybov";"2023-05-02T21:45:28+03:00";""
"https://kirkland.in.ua/all-products/kosmetikaru/filters/dlya-chego_ykreplenie-zdorove-volos";"2023-05-02T21:45:28+03:00";""
"https://kirkland.in.ua/all-products/kosmetikaru/filters/dlya-chego_ykreplenie-korneji-volos";"2023-05-02T21:45:28+03:00";""
"https://kirkland.in.ua/all-products/kosmetikaru/filters/kolichestvo_11-ml";"2023-05-02T21:45:28+03:00";""
"https://kirkland.in.ua/all-products/kosmetikaru/filters/kolichestvo_1-flakon-100-ed";"2023-05-02T21:45:28+03:00";""
"https://kirkland.in.ua/all-products/kosmetikaru/filters/kolichestvo_15-g";"2023-05-02T21:45:28+03:00";""
"https://kirkland.in.ua/all-products/kosmetikaru/filters/kolichestvo_15-ml";"2023-05-02T21:45:28+03:00";""
"https://kirkland.in.ua/all-products/kosmetikaru/filters/kolichestvo_25-ml";"2023-05-02T21:45:28+03:00";""
"https://kirkland.in.ua/all-products/kosmetikaru/filters/kolichestvo_20-g";"2023-05-02T21:45:28+03:00";""
"https://kirkland.in.ua/all-products/kosmetikaru/filters/kolichestvo_40-ml";"2023-05-02T21:45:28+03:00";""
"https://kirkland.in.ua/all-products/kosmetikaru/filters/kolichestvo_30-ml";"2023-05-02T21:45:28+03:00";""
"https://kirkland.in.ua/all-products/kosmetikaru/filters/kolichestvo_50-ml";"2023-05-02T21:45:28+03:00";""
"https://kirkland.in.ua/all-products/kosmetikaru/filters/kolichestvo_50-g";"2023-05-02T21:45:28+03:00";""
"https://kirkland.in.ua/all-products/kosmetikaru/filters/kolichestvo_80-g";"2023-05-02T21:45:28+03:00";""
"https://kirkland.in.ua/all-products/kosmetikaru/filters/kolichestvo_125-g";"2023-05-02T21:45:28+03:00";""
"https://kirkland.in.ua/all-products/kosmetikaru/filters/kolichestvo_75-g";"2023-05-02T21:45:28+03:00";""
"https://kirkland.in.ua/all-products/kosmetikaru/filters/kolichestvo_75-ml";"2023-05-02T21:45:28+03:00";""
"https://kirkland.in.ua/all-products/kosmetikaru/filters/kolichestvo_60-ml";"2023-05-02T21:45:28+03:00";""
"https://kirkland.in.ua/all-products/kosmetikaru/filters/kolichestvo_100-ml";"2023-05-02T21:45:28+03:00";""
"https://kirkland.in.ua/all-products/kosmetikaru/filters/kolichestvo_120-ml";"2023-05-02T21:45:28+03:00";""
"https://kirkland.in.ua/all-products/kosmetikaru/filters/kolichestvo_100-g";"2023-05-02T21:45:28+03:00";""
"https://kirkland.in.ua/all-products/kosmetikaru/filters/kolichestvo_150-ml";"2023-05-02T21:45:28+03:00";""
"https://kirkland.in.ua/all-products/kosmetikaru/filters/kolichestvo_150-g";"2023-05-02T21:45:28+03:00";""
"https://kirkland.in.ua/all-products/kosmetikaru/filters/kolichestvo_400-ml";"2023-05-02T21:45:28+03:00";""
"https://kirkland.in.ua/all-products/kosmetikaru/filters/kolichestvo_250-ml";"2023-05-02T21:45:28+03:00";""
"https://kirkland.in.ua/all-products/kosmetikaru/filters/kolichestvo_200-ml";"2023-05-02T21:45:28+03:00";""
"https://kirkland.in.ua/all-products/kosmetikaru/filters/strana-proizvoditel_germaniya";"2023-05-02T21:45:28+03:00";""
"https://kirkland.in.ua/all-products/kosmetikaru/filters/strana-proizvoditel_angliya";"2023-05-02T21:45:28+03:00";""
"https://kirkland.in.ua/all-products/kosmetikaru/filters/strana-proizvoditel_britaniya";"2023-05-02T21:45:28+03:00";""
"https://kirkland.in.ua/all-products/kosmetikaru/filters/strana-proizvoditel_irlandiya";"2023-05-02T21:45:28+03:00";""
"https://kirkland.in.ua/all-products/kosmetikaru/filters/strana-proizvoditel_indiya";"2023-05-02T21:45:28+03:00";""
"https://kirkland.in.ua/all-products/kosmetikaru/filters/strana-proizvoditel_ispaniya";"2023-05-02T21:45:28+03:00";""
"https://kirkland.in.ua/all-products/kosmetikaru/filters/strana-proizvoditel_niderlandi";"2023-05-02T21:45:28+03:00";""
"https://kirkland.in.ua/all-products/kosmetikaru/filters/strana-proizvoditel_ssha";"2023-05-02T21:45:28+03:00";""
"https://kirkland.in.ua/all-products/kosmetikaru/filters/strana-proizvoditel_polsha";"2023-05-02T21:45:28+03:00";""
"https://kirkland.in.ua/all-products/kosmetikaru/filters/strana-proizvoditel_franciya";"2023-05-02T21:45:28+03:00";""
"https://kirkland.in.ua/all-products/kosmetikaru/filters/forma-vipyska_banka";"2023-05-02T21:45:28+03:00";""
"https://kirkland.in.ua/all-products/kosmetikaru/filters/forma-vipyska_150-ml";"2023-05-02T21:45:28+03:00";""
"https://kirkland.in.ua/all-products/kosmetikaru/filters/forma-vipyska_korobka";"2023-05-02T21:45:28+03:00";""
"https://kirkland.in.ua/all-products/kosmetikaru/filters/forma-vipyska_krem";"2023-05-02T21:45:28+03:00";""
"https://kirkland.in.ua/all-products/kosmetikaru/filters/forma-vipyska_tyba";"2023-05-02T21:45:28+03:00";""
"https://kirkland.in.ua/all-products/kosmetikaru/filters/forma-vipyska_krem-balzam";"2023-05-02T21:45:28+03:00";""
"https://kirkland.in.ua/all-products/oporno-dvigatelnyi-aparat/filters/veschestvo_ibyprofen";"2023-05-02T21:45:28+03:00";""
"https://kirkland.in.ua/all-products/kosmetikaru/filters/forma-vipyska_flakon";"2023-05-02T21:45:28+03:00";""
"https://kirkland.in.ua/all-products/kosmetikaru/filters/forma-vipyska_sharikoviji-dezodorant";"2023-05-02T21:45:28+03:00";""
"https://kirkland.in.ua/all-products/oporno-dvigatelnyi-aparat/filters/veschestvo_glukozamin-hondroitin";"2023-05-02T21:45:28+03:00";""
"https://kirkland.in.ua/all-products/oporno-dvigatelnyi-aparat/filters/veschestvo_kapsaicin";"2023-05-02T21:45:28+03:00";""
"https://kirkland.in.ua/all-products/oporno-dvigatelnyi-aparat/filters/veschestvo_metil-salizilat-mentol";"2023-05-02T21:45:28+03:00";""
"https://kirkland.in.ua/all-products/oporno-dvigatelnyi-aparat/filters/veschestvo_nimesylid";"2023-05-02T21:45:28+03:00";""
"https://kirkland.in.ua/all-products/oporno-dvigatelnyi-aparat/filters/veschestvo_metilsalicilat";"2023-05-02T21:45:28+03:00";""
"https://kirkland.in.ua/all-products/oporno-dvigatelnyi-aparat/filters/dlya-chego_lechenie-oporno-dvigatelnoji-sistemi";"2023-05-02T21:45:28+03:00";""
"https://kirkland.in.ua/all-products/oporno-dvigatelnyi-aparat/filters/dlya-chego_podvijnost-kosteji-i-systavov";"2023-05-02T21:45:28+03:00";""
"https://kirkland.in.ua/all-products/oporno-dvigatelnyi-aparat/filters/dlya-chego_protivovospalitelnoe-sredstvo";"2023-05-02T21:45:28+03:00";""
"https://kirkland.in.ua/all-products/oporno-dvigatelnyi-aparat/filters/kolichestvo_45-gramm";"2023-05-02T21:45:28+03:00";""
"https://kirkland.in.ua/all-products/oporno-dvigatelnyi-aparat/filters/kolichestvo_60-ml";"2023-05-02T21:45:28+03:00";""
"https://kirkland.in.ua/all-products/oporno-dvigatelnyi-aparat/filters/kolichestvo_500";"2023-05-02T21:45:28+03:00";""
"https://kirkland.in.ua/all-products/oporno-dvigatelnyi-aparat/filters/kolichestvo_100-ml";"2023-05-02T21:45:28+03:00";""
"https://kirkland.in.ua/all-products/oporno-dvigatelnyi-aparat/filters/kolichestvo_50-g";"2023-05-02T21:45:28+03:00";""
"https://kirkland.in.ua/all-products/oporno-dvigatelnyi-aparat/filters/kolichestvo_50-gramm";"2023-05-02T21:45:28+03:00";""
"https://kirkland.in.ua/all-products/oporno-dvigatelnyi-aparat/filters/kolichestvo_tyba-50-gramm";"2023-05-02T21:45:28+03:00";""
"https://kirkland.in.ua/all-products/oporno-dvigatelnyi-aparat/filters/strana-proizvoditel_ssha";"2023-05-02T21:45:28+03:00";""
"https://kirkland.in.ua/all-products/oporno-dvigatelnyi-aparat/filters/strana-proizvoditel_indiya";"2023-05-02T21:45:28+03:00";""
"https://kirkland.in.ua/all-products/oporno-dvigatelnyi-aparat/filters/forma-vipyska_krem";"2023-05-02T21:45:28+03:00";""
"https://kirkland.in.ua/all-products/oporno-dvigatelnyi-aparat/filters/strana-proizvoditel_tyrciya";"2023-05-02T21:45:28+03:00";""
"https://kirkland.in.ua/all-products/intimnie-tovari/filters/kolichestvo_100-ml";"2023-05-02T21:45:28+03:00";""
"https://kirkland.in.ua/all-products/oporno-dvigatelnyi-aparat/filters/forma-vipyska_flakon";"2023-05-02T21:45:28+03:00";""
"https://kirkland.in.ua/all-products/oporno-dvigatelnyi-aparat/filters/forma-vipyska_tyba";"2023-05-02T21:45:28+03:00";""
"https://kirkland.in.ua/all-products/intimnie-tovari/filters/kolichestvo_125-ml";"2023-05-02T21:45:28+03:00";""
"https://kirkland.in.ua/all-products/intimnie-tovari/filters/kolichestvo_50-ml";"2023-05-02T21:45:28+03:00";""
"https://kirkland.in.ua/all-products/intimnie-tovari/filters/strana-proizvoditel_tyrciya";"2023-05-02T21:45:28+03:00";""
"https://kirkland.in.ua/all-products/intimnie-tovari/filters/forma-vipyska_spreji";"2023-05-02T21:45:28+03:00";""
"https://kirkland.in.ua/all-products/intimnie-tovari/filters/forma-vipyska_gel";"2023-05-02T21:45:28+03:00";""
"https://kirkland.in.ua/all-products/filters/veschestvo_metilprednizolon-emylsiya-dnaryjn-prim-01";"2023-05-02T21:45:28+03:00";""
"https://kirkland.in.ua/all-products/filters/veschestvo_acido-ialuronico-005sulfadiazina-argentica-1";"2023-05-02T21:45:28+03:00";""
"https://kirkland.in.ua/all-products/filters/veschestvo_isotretinoin";"2023-05-02T21:45:28+03:00";""
"https://kirkland.in.ua/all-products/filters/veschestvo_mds17";"2023-05-02T21:45:28+03:00";""
"https://kirkland.in.ua/all-products/filters/veschestvo_benzoyl-peroxide";"2023-05-02T21:45:28+03:00";""
"https://kirkland.in.ua/all-products/filters/veschestvo_omega-3-lutein-vitamin-d3";"2023-05-02T21:45:28+03:00";""
"https://kirkland.in.ua/all-products/filters/veschestvo_miquimod";"2023-05-02T21:45:28+03:00";""
"https://kirkland.in.ua/all-products/filters/veschestvo_omega-3";"2023-05-02T21:45:28+03:00";""
"https://kirkland.in.ua/all-products/filters/veschestvo_adapalen";"2023-05-02T21:45:28+03:00";""
"https://kirkland.in.ua/all-products/filters/veschestvo_tacrolimus";"2023-05-02T21:45:28+03:00";""
"https://kirkland.in.ua/all-products/filters/veschestvo_adapalen-01";"2023-05-02T21:45:28+03:00";""
"https://kirkland.in.ua/all-products/filters/veschestvo_azelainovaya-kislota";"2023-05-02T21:45:28+03:00";""
"https://kirkland.in.ua/all-products/filters/veschestvo_aziatskaya-centella";"2023-05-02T21:45:28+03:00";""
"https://kirkland.in.ua/all-products/filters/veschestvo_azelainovaya-koslota";"2023-05-02T21:45:28+03:00";""
"https://kirkland.in.ua/all-products/filters/veschestvo_aloe-vera-pantenol-i-glicerin";"2023-05-02T21:45:28+03:00";""
"https://kirkland.in.ua/all-products/filters/veschestvo_bazilik-svyaschenniji";"2023-05-02T21:45:28+03:00";""
"https://kirkland.in.ua/all-products/filters/veschestvo_amorilfin-gidrohlorid";"2023-05-02T21:45:28+03:00";""
"https://kirkland.in.ua/all-products/filters/veschestvo_amorolfin";"2023-05-02T21:45:28+03:00";""
"https://kirkland.in.ua/all-products/filters/veschestvo_benzokain-gidrokortizon-acetat-erarin-natriya";"2023-05-02T21:45:28+03:00";""
"https://kirkland.in.ua/all-products/filters/veschestvo_betametazon-kalcipotriol";"2023-05-02T21:45:28+03:00";""
"https://kirkland.in.ua/all-products/filters/veschestvo_bosveliya-serrata";"2023-05-02T21:45:28+03:00";""
"https://kirkland.in.ua/all-products/filters/veschestvo_botylinicheskiji-toksin-tipa-a-sivorotochniji-albymin-cheloveka-05-mg-hlorid-natriya-09-mg";"2023-05-02T21:45:28+03:00";""
"https://kirkland.in.ua/all-products/filters/veschestvo_vitamin-d3";"2023-05-02T21:45:28+03:00";""
"https://kirkland.in.ua/all-products/filters/veschestvo_vitaniya-snotvornaya";"2023-05-02T21:45:28+03:00";""
"https://kirkland.in.ua/all-products/filters/veschestvo_vodniji-ekstrakt-triticum-vulgare-15-g";"2023-05-02T21:45:28+03:00";""
"https://kirkland.in.ua/all-products/filters/veschestvo_gialyronovaya-kislota-natrievaya-sol-pav-deciloviji-efir-oleinovoji-kisloti";"2023-05-02T21:45:28+03:00";""
"https://kirkland.in.ua/all-products/filters/veschestvo_gialyronovaya-kislota-natrijinaya-sol-sylfadiazin-serebra";"2023-05-02T21:45:28+03:00";""
"https://kirkland.in.ua/all-products/filters/veschestvo_gialyronova-kislota-natrieva-sol-sylfadiazin-serebra";"2023-05-02T21:45:28+03:00";""
"https://kirkland.in.ua/all-products/filters/veschestvo_gialyronovaya-kislota-soli-natriya-i-vitamin-e";"2023-05-02T21:45:28+03:00";""
"https://kirkland.in.ua/all-products/filters/veschestvo_gialyronovaya-kislota-hondroitin-sylfata";"2023-05-02T21:45:28+03:00";""
"https://kirkland.in.ua/all-products/filters/veschestvo_ditranol-salicilovaya-k-ta-kamennoygolnaya-smola";"2023-05-02T21:45:28+03:00";""
"https://kirkland.in.ua/all-products/filters/veschestvo_gidrokortizonacetat-benzokain-eskylin";"2023-05-02T21:45:28+03:00";""
"https://kirkland.in.ua/all-products/filters/veschestvo_gidrokortizon-fyzidovaya-kislota";"2023-05-02T21:45:28+03:00";""
"https://kirkland.in.ua/all-products/filters/veschestvo_gidrokortizona-acetat";"2023-05-02T21:45:28+03:00";""
"https://kirkland.in.ua/all-products/filters/veschestvo_gidrohinon-2-tretinoin-0025-mometazona-fyroat-01";"2023-05-02T21:45:28+03:00";""
"https://kirkland.in.ua/all-products/filters/veschestvo_dezonid-005";"2023-05-02T21:45:28+03:00";""
"https://kirkland.in.ua/all-products/filters/veschestvo_gidrohinon";"2023-05-02T21:45:28+03:00";""
"https://kirkland.in.ua/all-products/filters/veschestvo_glukozamin-hondroitin";"2023-05-02T21:45:28+03:00";""
"https://kirkland.in.ua/all-products/filters/veschestvo_djimnema-silvestra";"2023-05-02T21:45:28+03:00";""
"https://kirkland.in.ua/all-products/filters/veschestvo_gialyronovaya-kislota-sylfadiazin-serebra";"2023-05-02T21:45:28+03:00";""
"https://kirkland.in.ua/all-products/filters/veschestvo_diflykortolona-valerat-gks-dlya-naryjnogo-primeneniya-okazivaet-protivovospalitelnoe-antiekssydativnoe-protivoallergicheskoe-i-protivozydnoe-dejistvie";"2023-05-02T21:45:28+03:00";""
"https://kirkland.in.ua/all-products/filters/veschestvo_zeleniji-chaji";"2023-05-02T21:45:28+03:00";""
"https://kirkland.in.ua/all-products/filters/veschestvo_ibyprofen";"2023-05-02T21:45:28+03:00";""
"https://kirkland.in.ua/all-products/filters/veschestvo_izotretinoin";"2023-05-02T21:45:28+03:00";""
"https://kirkland.in.ua/all-products/filters/veschestvo_izikonazol-nitrat";"2023-05-02T21:45:28+03:00";""
"https://kirkland.in.ua/all-products/filters/veschestvo_izotreksin-eritromicin";"2023-05-02T21:45:28+03:00";""
"https://kirkland.in.ua/all-products/filters/veschestvo_izotretinoin-eritromicin";"2023-05-02T21:45:28+03:00";""
"https://kirkland.in.ua/all-products/filters/veschestvo_kalcipotriol";"2023-05-02T21:45:28+03:00";""
"https://kirkland.in.ua/all-products/filters/veschestvo_kapsaicin";"2023-05-02T21:45:28+03:00";""
"https://kirkland.in.ua/all-products/filters/veschestvo_ketokain-gidrohlorid-flyocinolon-acetonid";"2023-05-02T21:45:28+03:00";""
"https://kirkland.in.ua/all-products/filters/veschestvo_klindamicin";"2023-05-02T21:45:28+03:00";""
"https://kirkland.in.ua/all-products/filters/veschestvo_klobetazol";"2023-05-02T21:45:28+03:00";""
"https://kirkland.in.ua/all-products/filters/veschestvo_klobetazol-17-propionat";"2023-05-02T21:45:28+03:00";""
"https://kirkland.in.ua/all-products/filters/veschestvo_klobetazol-005";"2023-05-02T21:45:28+03:00";""
"https://kirkland.in.ua/all-products/filters/veschestvo_klostebol-neomicin";"2023-05-02T21:45:28+03:00";""
"https://kirkland.in.ua/all-products/filters/veschestvo_klostridiopeptidaza-kollagenaza-hloramfenikol";"2023-05-02T21:45:28+03:00";""
"https://kirkland.in.ua/all-products/filters/veschestvo_klostridiopeptidaza";"2023-05-02T21:45:28+03:00";""
"https://kirkland.in.ua/all-products/filters/veschestvo_kojievaya-kislota-2";"2023-05-02T21:45:28+03:00";""
"https://kirkland.in.ua/all-products/filters/veschestvo_kyrkyma-dlinnaya";"2023-05-02T21:45:28+03:00";""
"https://kirkland.in.ua/all-products/filters/veschestvo_kondicioner";"2023-05-02T21:45:28+03:00";""
"https://kirkland.in.ua/all-products/filters/veschestvo_krotamiton";"2023-05-02T21:45:28+03:00";""
"https://kirkland.in.ua/all-products/filters/veschestvo_latanoprost";"2023-05-02T21:45:28+03:00";""
"https://kirkland.in.ua/all-products/filters/veschestvo_maslo-jojoba-klybniki-semyan-arbyza-i-aloe-vera";"2023-05-02T21:45:28+03:00";""
"https://kirkland.in.ua/all-products/filters/veschestvo_maslo-makadamii";"2023-05-02T21:45:28+03:00";""
"https://kirkland.in.ua/all-products/filters/veschestvo_maslo-jojoba-persika-i-aloe-vera";"2023-05-02T21:45:28+03:00";""
"https://kirkland.in.ua/all-products/filters/veschestvo_metil-salizilat-mentol";"2023-05-02T21:45:28+03:00";""
"https://kirkland.in.ua/all-products/filters/veschestvo_metilprednizolon-aceponat";"2023-05-02T21:45:28+03:00";""
"https://kirkland.in.ua/all-products/filters/veschestvo_metilprednizolona-aceponat";"2023-05-02T21:45:28+03:00";""
"https://kirkland.in.ua/all-products/filters/veschestvo_metilsalicilat";"2023-05-02T21:45:28+03:00";""
"https://kirkland.in.ua/all-products/filters/veschestvo_mikonazol";"2023-05-02T21:45:28+03:00";""
"https://kirkland.in.ua/all-products/filters/veschestvo_mikronizirovanniji-sylfadiazin-serebra";"2023-05-02T21:45:28+03:00";""
"https://kirkland.in.ua/all-products/filters/veschestvo_mindalnoe-maslo";"2023-05-02T21:45:28+03:00";""
"https://kirkland.in.ua/all-products/filters/veschestvo_minerali-mertvogo-morya";"2023-05-02T21:45:28+03:00";""
"https://kirkland.in.ua/all-products/filters/veschestvo_molochnaya-salicilovaya-kislota-polidokanol";"2023-05-02T21:45:28+03:00";""
"https://kirkland.in.ua/all-products/filters/veschestvo_momordika-haranciya";"2023-05-02T21:45:28+03:00";""
"https://kirkland.in.ua/all-products/filters/veschestvo_mometazon-fyroat";"2023-05-02T21:45:28+03:00";""
"https://kirkland.in.ua/all-products/filters/veschestvo_molochnaya-kislota-salicilovaya-kislota";"2023-05-02T21:45:28+03:00";""
"https://kirkland.in.ua/all-products/filters/veschestvo_mochevina-salicilovaya-kislota";"2023-05-02T21:45:28+03:00";""
"https://kirkland.in.ua/all-products/filters/veschestvo_oksikonazol-oxiconazole";"2023-05-02T21:45:28+03:00";""
"https://kirkland.in.ua/all-products/filters/veschestvo_na-silikatnoji-osnove-s-vpitivauschimi-svojistvami-soderjaschaya-3-ionnogo-serebra";"2023-05-02T21:45:28+03:00";""
"https://kirkland.in.ua/all-products/filters/veschestvo_nimesylid";"2023-05-02T21:45:28+03:00";""
"https://kirkland.in.ua/all-products/filters/veschestvo_rastvor-na-osnove-gialyronovoji-kisloti-02";"2023-05-02T21:45:28+03:00";""
"https://kirkland.in.ua/all-products/filters/veschestvo_rastitelniji-protein";"2023-05-02T21:45:28+03:00";""
"https://kirkland.in.ua/all-products/filters/veschestvo_ryskogenin-trimebytin";"2023-05-02T21:45:28+03:00";""
"https://kirkland.in.ua/all-products/filters/veschestvo_ryskogenin-trimybytin";"2023-05-02T21:45:28+03:00";""
"https://kirkland.in.ua/all-products/filters/veschestvo_retinol";"2023-05-02T21:45:28+03:00";""
"https://kirkland.in.ua/all-products/filters/veschestvo_salicilovaya-kislota-fluoroyracil";"2023-05-02T21:45:28+03:00";""
"https://kirkland.in.ua/all-products/filters/veschestvo_sambyk-cherniji";"2023-05-02T21:45:28+03:00";""
"https://kirkland.in.ua/all-products/filters/veschestvo_smola-gygyl";"2023-05-02T21:45:28+03:00";""
"https://kirkland.in.ua/all-products/filters/veschestvo_selen";"2023-05-02T21:45:28+03:00";""
"https://kirkland.in.ua/all-products/filters/veschestvo_takrolimys";"2023-05-02T21:45:28+03:00";""
"https://kirkland.in.ua/all-products/filters/veschestvo_sparja-kistevidnaya";"2023-05-02T21:45:28+03:00";""
"https://kirkland.in.ua/all-products/filters/veschestvo_stabilizirovannaya-gialyronovaya-kislota-lidokain";"2023-05-02T21:45:28+03:00";""
"https://kirkland.in.ua/all-products/filters/veschestvo_tiokonazol";"2023-05-02T21:45:28+03:00";""
"https://kirkland.in.ua/all-products/filters/veschestvo_tazaroten";"2023-05-02T21:45:28+03:00";""
"https://kirkland.in.ua/all-products/filters/veschestvo_terminaliya-chebyla";"2023-05-02T21:45:28+03:00";""
"https://kirkland.in.ua/all-products/filters/veschestvo_tiotropiya-bromid";"2023-05-02T21:45:28+03:00";""
"https://kirkland.in.ua/all-products/filters/veschestvo_tretinoin";"2023-05-02T21:45:28+03:00";""
"https://kirkland.in.ua/all-products/filters/veschestvo_tribylys-terrestris-yakorci-steluschiesya";"2023-05-02T21:45:28+03:00";""
"https://kirkland.in.ua/all-products/filters/veschestvo_flyokortolon-pivalata-flyokortolon-kaproat-cinhokain-gidrohlorida";"2023-05-02T21:45:28+03:00";""
"https://kirkland.in.ua/all-products/filters/veschestvo_flyokortolona-21-geksanoat-095-mg-flyokortolona-21-pivalat-092-mg-cinhokaina-gidrohlorid-05-mg";"2023-05-02T21:45:28+03:00";""
"https://kirkland.in.ua/all-products/filters/veschestvo_flyoroyracil";"2023-05-02T21:45:28+03:00";""
"https://kirkland.in.ua/all-products/filters/veschestvo_flyokortolon-cinhokain";"2023-05-02T21:45:28+03:00";""
"https://kirkland.in.ua/all-products/filters/veschestvo_flyocinolona-acetonid-ketokaina-gidrohlorid";"2023-05-02T21:45:28+03:00";""
"https://kirkland.in.ua/all-products/filters/veschestvo_centella-aziatskaya";"2023-05-02T21:45:28+03:00";""
"https://kirkland.in.ua/all-products/filters/veschestvo_ciklicheskie-i-polimernie-siloksani-efir-vitamina-c";"2023-05-02T21:45:28+03:00";""
"https://kirkland.in.ua/all-products/filters/veschestvo_fyzidovaya-kislota-fusidic-acid";"2023-05-02T21:45:28+03:00";""
"https://kirkland.in.ua/all-products/filters/veschestvo_ciklosporin";"2023-05-02T21:45:28+03:00";""
"https://kirkland.in.ua/all-products/filters/veschestvo_chesnochniji-shampyn";"2023-05-02T21:45:28+03:00";""
"https://kirkland.in.ua/all-products/filters/veschestvo_shampyn";"2023-05-02T21:45:28+03:00";""
"https://kirkland.in.ua/all-products/filters/veschestvo_ekonazol";"2023-05-02T21:45:28+03:00";""
"https://kirkland.in.ua/all-products/filters/veschestvo_ekstrakt-pshenici-karbomer-fenoksietanol-gidroksid-natriya-ochischennaya-voda";"2023-05-02T21:45:28+03:00";""
"https://kirkland.in.ua/all-products/filters/veschestvo_ekstrakt-gokshyri-poroshki-trav-kokilaksha-vatadha-sunishanaka-crocus-sativus";"2023-05-02T21:45:28+03:00";""
"https://kirkland.in.ua/all-products/filters/veschestvo_ekstrakt-drojjevih-kletok-maslo-akyleji-pecheni";"2023-05-02T21:45:28+03:00";""
"https://kirkland.in.ua/all-products/filters/veschestvo_ekstrakt-centelli-aziatskoji-10mg1g";"2023-05-02T21:45:28+03:00";""
"https://kirkland.in.ua/all-products/filters/veschestvo_ekstrakt-pshenici-fenoksetol";"2023-05-02T21:45:28+03:00";""
"https://kirkland.in.ua/all-products/filters/veschestvo_ekstrakt-solubilizirovannogo-kamennoygolnogo-degtya-20-mgml";"2023-05-02T21:45:28+03:00";""
"https://kirkland.in.ua/all-products/filters/veschestvo_eritromicin-tretinoin";"2023-05-02T21:45:28+03:00";""
"https://kirkland.in.ua/all-products/filters/veschestvo_01-g-mikronizirovanniji-sylfadiazin-serebra";"2023-05-02T21:45:28+03:00";""
"https://kirkland.in.ua/all-products/filters/veschestvo_escin-fosfatidikolin";"2023-05-02T21:45:28+03:00";""
"https://kirkland.in.ua/all-products/filters/dlya-chego_antivozrastnaya";"2023-05-02T21:45:28+03:00";""
"https://kirkland.in.ua/all-products/filters/dlya-chego_aytoimynnie-zabolevaniya-koji-psoriaz-ekzema-ploskiji-lishaji";"2023-05-02T21:45:28+03:00";""
"https://kirkland.in.ua/all-products/filters/dlya-chego_-raboti-serdca-zreniya-immynnoji-sistemi";"2023-05-02T21:45:28+03:00";""
"https://kirkland.in.ua/all-products/filters/dlya-chego_akne-prischi";"2023-05-02T21:45:28+03:00";""
"https://kirkland.in.ua/all-products/filters/dlya-chego_bakterialnie-infekcii-glaz";"2023-05-02T21:45:28+03:00";""
"https://kirkland.in.ua/all-products/filters/dlya-chego_antivozrastnoe";"2023-05-02T21:45:28+03:00";""
"https://kirkland.in.ua/all-products/filters/dlya-chego_balans-vitaminov-v-organizme";"2023-05-02T21:45:28+03:00";""
"https://kirkland.in.ua/all-products/filters/dlya-chego_bioaktivnaya-vosstanavlivauschaya-sivorotka-dlya-koji-golovi";"2023-05-02T21:45:28+03:00";""
"https://kirkland.in.ua/all-products/filters/dlya-chego_vosstanovlenie";"2023-05-02T21:45:28+03:00";""
"https://kirkland.in.ua/all-products/filters/dlya-chego_dlya-bezopasnogo-pohydeniya";"2023-05-02T21:45:28+03:00";""
"https://kirkland.in.ua/all-products/filters/dlya-chego_vosstanovlenie-ytrachennih-obemov-zoni-schek-podborodkatonkie-gybi";"2023-05-02T21:45:28+03:00";""
"https://kirkland.in.ua/all-products/filters/dlya-chego_dlya-vseh-tipov-volos";"2023-05-02T21:45:28+03:00";""
"https://kirkland.in.ua/all-products/filters/dlya-chego_dlya-bolee-gystih-volos";"2023-05-02T21:45:28+03:00";""
"https://kirkland.in.ua/all-products/filters/dlya-chego_dlya-gyb";"2023-05-02T21:45:28+03:00";""
"https://kirkland.in.ua/all-products/filters/dlya-chego_dlya-gyb-dlya-skyl-dlya-formirovaniya-ovala-lica";"2023-05-02T21:45:28+03:00";""
"https://kirkland.in.ua/all-products/filters/dlya-chego_dlya-jirnih-volos-i-koji-golovi";"2023-05-02T21:45:28+03:00";""
"https://kirkland.in.ua/all-products/filters/dlya-chego_dlya-gyb-dlya-formirovaniya-ovala-lica";"2023-05-02T21:45:28+03:00";""
"https://kirkland.in.ua/all-products/filters/dlya-chego_dlya-imynnoji-sistemi-i-zdorovih-kosteji";"2023-05-02T21:45:28+03:00";""
"https://kirkland.in.ua/all-products/filters/dlya-chego_dlya-lica";"2023-05-02T21:45:28+03:00";""
"https://kirkland.in.ua/all-products/filters/dlya-chego_dlya-lecheniya-dermatomikozov";"2023-05-02T21:45:28+03:00";""
"https://kirkland.in.ua/all-products/filters/dlya-chego_dlya-lecheniya-ygrevoji-sipi";"2023-05-02T21:45:28+03:00";""
"https://kirkland.in.ua/all-products/filters/dlya-chego_dlya-myjskogo-zdorovya";"2023-05-02T21:45:28+03:00";""
"https://kirkland.in.ua/all-products/filters/dlya-chego_dlya-pecheni";"2023-05-02T21:45:28+03:00";""
"https://kirkland.in.ua/all-products/filters/dlya-chego_dlya-oblasti-vokryg-glaz";"2023-05-02T21:45:28+03:00";""
"https://kirkland.in.ua/all-products/filters/dlya-chego_dlya-podderjaniya-imynnoji-sistemi";"2023-05-02T21:45:28+03:00";""
"https://kirkland.in.ua/all-products/filters/dlya-chego_dlya-podderjaniya-immynnoji-fynkcii";"2023-05-02T21:45:28+03:00";""
"https://kirkland.in.ua/all-products/filters/dlya-chego_dlya-pitaniya-volos-i-vosstanovleniya-rosta";"2023-05-02T21:45:28+03:00";""
"https://kirkland.in.ua/all-products/filters/dlya-chego_dlya-podderjaniya-energeticheskogo-obmena";"2023-05-02T21:45:28+03:00";""
"https://kirkland.in.ua/all-products/filters/dlya-chego_dlya-podderjki-kosteji-mishc-i-immyniteta";"2023-05-02T21:45:28+03:00";""
"https://kirkland.in.ua/all-products/filters/dlya-chego_dlya-podderjki-zdorovogo-rosta-i-razvitiya-deteji";"2023-05-02T21:45:28+03:00";""
"https://kirkland.in.ua/all-products/filters/dlya-chego_dlya-chyvstvitelnih-zybov";"2023-05-02T21:45:28+03:00";""
"https://kirkland.in.ua/all-products/filters/dlya-chego_dlya-podderjki-zdorovya-systavov-hryaschevoji-i-soedinitelnoji-tkani";"2023-05-02T21:45:28+03:00";""
"https://kirkland.in.ua/all-products/filters/dlya-chego_dlya-profilaktiki-serdechno-sosydistih-zabolevaniji";"2023-05-02T21:45:28+03:00";""
"https://kirkland.in.ua/all-products/filters/dlya-chego_dlya-podderjki-krepkih-kosteji";"2023-05-02T21:45:28+03:00";""
"https://kirkland.in.ua/all-products/filters/dlya-chego_dlya-rosta-volos";"2023-05-02T21:45:28+03:00";""
"https://kirkland.in.ua/all-products/filters/dlya-chego_dlya-serdechno-sosydistoji-sistemi";"2023-05-02T21:45:28+03:00";""
"https://kirkland.in.ua/all-products/filters/dlya-chego_dlya-sozdaniya-silnogo-i-zdorovogo-tela";"2023-05-02T21:45:28+03:00";""
"https://kirkland.in.ua/all-products/filters/dlya-chego_dlya-ydaleniya-pyaten";"2023-05-02T21:45:28+03:00";""
"https://kirkland.in.ua/all-products/filters/dlya-chego_dlya-yhoda-za-jirnoji-i-sklonnoji-k-akne-kojeji";"2023-05-02T21:45:28+03:00";""
"https://kirkland.in.ua/all-products/filters/dlya-chego_dlya-podderjki-organizma-vo-vremya-stareniya";"2023-05-02T21:45:28+03:00";""
"https://kirkland.in.ua/all-products/filters/dlya-chego_dlya-chyvstvitelnih-i-povrejdyonnih-volos";"2023-05-02T21:45:28+03:00";""
"https://kirkland.in.ua/all-products/filters/dlya-chego_zdorove-volos";"2023-05-02T21:45:28+03:00";""
"https://kirkland.in.ua/all-products/filters/dlya-chego_zdorove-detskogo-organizma";"2023-05-02T21:45:28+03:00";""
"https://kirkland.in.ua/all-products/filters/dlya-chego_zdorove-volos-i-koji-golovi";"2023-05-02T21:45:28+03:00";""
"https://kirkland.in.ua/all-products/filters/dlya-chego_zdorove-desen";"2023-05-02T21:45:28+03:00";""
"https://kirkland.in.ua/all-products/filters/dlya-chego_zdorove-i-lechenie-pecheni";"2023-05-02T21:45:28+03:00";""
"https://kirkland.in.ua/all-products/filters/dlya-chego_zdorove-zybov-i-desen";"2023-05-02T21:45:28+03:00";""
"https://kirkland.in.ua/all-products/filters/dlya-chego_zdorove-i-ykreplenie-imynnoji-sistemi";"2023-05-02T21:45:28+03:00";""
"https://kirkland.in.ua/all-products/filters/dlya-chego_zdorove-koji-golovi";"2023-05-02T21:45:28+03:00";""
"https://kirkland.in.ua/all-products/filters/dlya-chego_zdorove-koji";"2023-05-02T21:45:28+03:00";""
"https://kirkland.in.ua/all-products/filters/dlya-chego_zdorove-koji-i-volos";"2023-05-02T21:45:28+03:00";""
"https://kirkland.in.ua/all-products/filters/dlya-chego_zdorove-koji-i-kosteji";"2023-05-02T21:45:28+03:00";""
"https://kirkland.in.ua/all-products/filters/dlya-chego_zdorove-koji-lica-shei-i-zoni-dekolte";"2023-05-02T21:45:28+03:00";""
"https://kirkland.in.ua/all-products/filters/dlya-chego_zdorove-koji-volos-nogteji";"2023-05-02T21:45:28+03:00";""
"https://kirkland.in.ua/all-products/filters/dlya-chego_zdorove-koji-lica";"2023-05-02T21:45:28+03:00";""
"https://kirkland.in.ua/all-products/filters/dlya-chego_zdorove-koji-volos-i-nogteji";"2023-05-02T21:45:28+03:00";""
"https://kirkland.in.ua/all-products/filters/dlya-chego_zdorove-kosteji-i-kostnoji-tkani";"2023-05-02T21:45:28+03:00";""
"https://kirkland.in.ua/all-products/filters/dlya-chego_zdorove-pecheni";"2023-05-02T21:45:28+03:00";""
"https://kirkland.in.ua/all-products/filters/dlya-chego_zdorove-rastyschego-organizma";"2023-05-02T21:45:28+03:00";""
"https://kirkland.in.ua/all-products/filters/dlya-chego_zdorove-serdca-i-systavov";"2023-05-02T21:45:28+03:00";""
"https://kirkland.in.ua/all-products/filters/dlya-chego_zdorove-balans-veschestv-v-organizme";"2023-05-02T21:45:28+03:00";""
"https://kirkland.in.ua/all-products/filters/dlya-chego_izbavlenie-ot-perhoti";"2023-05-02T21:45:28+03:00";""
"https://kirkland.in.ua/all-products/filters/dlya-chego_intensivnoe-ykreplenie-i-zdorove-volos";"2023-05-02T21:45:28+03:00";""
"https://kirkland.in.ua/all-products/filters/dlya-chego_lechenie-gribkovih-infekciji";"2023-05-02T21:45:28+03:00";""
"https://kirkland.in.ua/all-products/filters/dlya-chego_lechenie-grippa-i-prostydi";"2023-05-02T21:45:28+03:00";""
"https://kirkland.in.ua/all-products/filters/dlya-chego_lechenie-akne";"2023-05-02T21:45:28+03:00";""
"https://kirkland.in.ua/all-products/filters/dlya-chego_lechenie-dermatita";"2023-05-02T21:45:28+03:00";""
"https://kirkland.in.ua/all-products/filters/dlya-chego_lechenie-diabeta";"2023-05-02T21:45:28+03:00";""
"https://kirkland.in.ua/all-products/filters/dlya-chego_lechenie-i-zdorove-koji";"2023-05-02T21:45:28+03:00";""
"https://kirkland.in.ua/all-products/filters/dlya-chego_lechenie-i-yvlajnenie-koji";"2023-05-02T21:45:28+03:00";""
"https://kirkland.in.ua/all-products/filters/dlya-chego_lechenie-kojnih-zabolevaniji";"2023-05-02T21:45:28+03:00";""
"https://kirkland.in.ua/all-products/filters/dlya-chego_lechenie-kojnih-povrejdeniji";"2023-05-02T21:45:28+03:00";""
"https://kirkland.in.ua/all-products/filters/dlya-chego_lechenie-oporno-dvigatelnoji-sistemi";"2023-05-02T21:45:28+03:00";""
"https://kirkland.in.ua/all-products/filters/dlya-chego_lechenie-prostydi-ykreplenie-immyniteta";"2023-05-02T21:45:28+03:00";""
"https://kirkland.in.ua/all-products/filters/dlya-chego_lechenie-prischeji";"2023-05-02T21:45:28+03:00";""
"https://kirkland.in.ua/all-products/filters/dlya-chego_lechenie-psoriaza";"2023-05-02T21:45:28+03:00";""
"https://kirkland.in.ua/all-products/filters/dlya-chego_lechenie-psoriaza-perhoti-seborei";"2023-05-02T21:45:28+03:00";""
"https://kirkland.in.ua/all-products/filters/dlya-chego_lechenie-psoriaza-ekzemi-ili-trydnoizlechimih-kojnih-zabolevaniji";"2023-05-02T21:45:28+03:00";""
"https://kirkland.in.ua/all-products/filters/dlya-chego_melanodermiyaaknevesnyshki";"2023-05-02T21:45:28+03:00";""
"https://kirkland.in.ua/all-products/filters/dlya-chego_lecheniya-psoriaza-ekzemi-dermatita-allergicheskih-reakciji";"2023-05-02T21:45:28+03:00";""
"https://kirkland.in.ua/all-products/filters/dlya-chego_omolojenie";"2023-05-02T21:45:28+03:00";""
"https://kirkland.in.ua/all-products/filters/dlya-chego_normalizyet-virabotky-i-ispolzovanie-energii-v-organizme";"2023-05-02T21:45:28+03:00";""
"https://kirkland.in.ua/all-products/filters/dlya-chego_otbelivanie";"2023-05-02T21:45:28+03:00";""
"https://kirkland.in.ua/all-products/filters/dlya-chego_otbelivanie-zybov";"2023-05-02T21:45:28+03:00";""
"https://kirkland.in.ua/all-products/filters/dlya-chego_ochischenie";"2023-05-02T21:45:28+03:00";""
"https://kirkland.in.ua/all-products/filters/dlya-chego_pigmentaciya-koji";"2023-05-02T21:45:28+03:00";""
"https://kirkland.in.ua/all-products/filters/dlya-chego_pitanie";"2023-05-02T21:45:28+03:00";""
"https://kirkland.in.ua/all-products/filters/dlya-chego_pitanie-vosstanovlenie";"2023-05-02T21:45:28+03:00";""
"https://kirkland.in.ua/all-products/filters/dlya-chego_podvijnost-kosteji-i-systavov";"2023-05-02T21:45:28+03:00";""
"https://kirkland.in.ua/all-products/filters/dlya-chego_podderjanie-zdorovya-i-normalnoji-raboti-organizma";"2023-05-02T21:45:28+03:00";""
"https://kirkland.in.ua/all-products/filters/dlya-chego_podderjanie-zdorovya-vo-vremya-beremennosti";"2023-05-02T21:45:28+03:00";""
"https://kirkland.in.ua/all-products/filters/dlya-chego_podderjivaet-zdorovie-fynkcii-podjelydochnoji-jelezi-i-sposobstvyet-regeneracii-beta-kletok";"2023-05-02T21:45:28+03:00";""
"https://kirkland.in.ua/all-products/filters/dlya-chego_podderjivaet-zdorove-dihatelnih-pyteji";"2023-05-02T21:45:28+03:00";""
"https://kirkland.in.ua/all-products/filters/dlya-chego_podderjivaet-energiu-i-prirodnyu-jiznesposobnost";"2023-05-02T21:45:28+03:00";""
"https://kirkland.in.ua/all-products/filters/dlya-chego_podderjivaet-zdorove-koji-i-okryjauschego-analnoe-otverstie-prostranstva";"2023-05-02T21:45:28+03:00";""
"https://kirkland.in.ua/all-products/filters/dlya-chego_pomogaet-nejitralizovat-svobodnie-radikali-v-organizme-i-podderjivat-immynnyu-sistemy";"2023-05-02T21:45:28+03:00";""
"https://kirkland.in.ua/all-products/filters/dlya-chego_protivovospalitelnoe-sredstvo";"2023-05-02T21:45:28+03:00";""
"https://kirkland.in.ua/all-products/filters/dlya-chego_prednaznachen-dlya-podderjki-zdorovya-ludeji-starshe-50-let";"2023-05-02T21:45:28+03:00";""
"https://kirkland.in.ua/all-products/filters/dlya-chego_profilaktika-i-lechenie-prischeji-i-ygreji";"2023-05-02T21:45:28+03:00";""
"https://kirkland.in.ua/all-products/filters/dlya-chego_psoriaz";"2023-05-02T21:45:28+03:00";""
"https://kirkland.in.ua/all-products/filters/dlya-chego_rost-volos";"2023-05-02T21:45:28+03:00";""
"https://kirkland.in.ua/all-products/filters/dlya-chego_psoriaz-koji-golovi";"2023-05-02T21:45:28+03:00";""
"https://kirkland.in.ua/all-products/filters/dlya-chego_regyliryet-menopayzy";"2023-05-02T21:45:28+03:00";""
"https://kirkland.in.ua/all-products/filters/dlya-chego_sposobstvyet-vosstanovleniu-povrejdennoji-hryaschevoji-tkani";"2023-05-02T21:45:28+03:00";""
"https://kirkland.in.ua/all-products/filters/dlya-chego_yvelichivaet-stojikost-i-prodlevaet-vremya-semyaizverjeniya";"2023-05-02T21:45:28+03:00";""
"https://kirkland.in.ua/all-products/filters/dlya-chego_yvlajnenie";"2023-05-02T21:45:28+03:00";""
"https://kirkland.in.ua/all-products/filters/dlya-chego_zvolojennya-ta-likyvannya-poshkodjen-na-shkiri";"2023-05-02T21:45:28+03:00";""
"https://kirkland.in.ua/all-products/filters/dlya-chego_yvlajnenie-i-pitanie";"2023-05-02T21:45:28+03:00";""
"https://kirkland.in.ua/all-products/filters/dlya-chego_yvlajnenie-koji";"2023-05-02T21:45:28+03:00";""
"https://kirkland.in.ua/all-products/filters/dlya-chego_yvlajnenie-koji-lica";"2023-05-02T21:45:28+03:00";""
"https://kirkland.in.ua/all-products/filters/dlya-chego_yvlajnenie-pitanie";"2023-05-02T21:45:28+03:00";""
"https://kirkland.in.ua/all-products/filters/dlya-chego_yvlajnenie-pyatok";"2023-05-02T21:45:28+03:00";""
"https://kirkland.in.ua/all-products/filters/dlya-chego_yvlajnyaschiji";"2023-05-02T21:45:28+03:00";""
"https://kirkland.in.ua/all-products/filters/dlya-chego_yvlajnyauschiji";"2023-05-02T21:45:28+03:00";""
"https://kirkland.in.ua/all-products/filters/dlya-chego_ykreplenie-zdorovya-desen-i-zybov";"2023-05-02T21:45:28+03:00";""
"https://kirkland.in.ua/all-products/filters/dlya-chego_ykreplenie-zdorovya-serdca-i-serdechno-sosydistih-fynkciji";"2023-05-02T21:45:28+03:00";""
"https://kirkland.in.ua/all-products/filters/dlya-chego_ykreplenie-korneji-volos";"2023-05-02T21:45:28+03:00";""
"https://kirkland.in.ua/all-products/filters/dlya-chego_ykreplenie-zdorove-volos";"2023-05-02T21:45:28+03:00";""
"https://kirkland.in.ua/all-products/filters/dlya-chego_ykreplenie-kosteji-zdorove-zybov";"2023-05-02T21:45:28+03:00";""
"https://kirkland.in.ua/all-products/filters/dlya-chego_ylychshenie-pamyati-i-kognitivnih-fynkciji";"2023-05-02T21:45:28+03:00";""
"https://kirkland.in.ua/all-products/filters/dlya-chego_ylychshaet-obschee-samochyvstvie";"2023-05-02T21:45:28+03:00";""
"https://kirkland.in.ua/all-products/filters/dlya-chego_ylychshenie-psihicheskogo-sostoyaniya";"2023-05-02T21:45:28+03:00";""
"https://kirkland.in.ua/all-products/filters/dlya-chego_ylychshenie-pischevareniya";"2023-05-02T21:45:28+03:00";""
"https://kirkland.in.ua/all-products/filters/dlya-chego_ylychshenie-spermatogeneza";"2023-05-02T21:45:28+03:00";""
"https://kirkland.in.ua/all-products/filters/dlya-chego_ymenshenie-posledstviji-zabolevaniji-koji";"2023-05-02T21:45:28+03:00";""
"https://kirkland.in.ua/all-products/filters/dlya-chego_yspokoitelnoe";"2023-05-02T21:45:28+03:00";""
"https://kirkland.in.ua/all-products/filters/dlya-chego_ystranenie-zalojennosti-nosa";"2023-05-02T21:45:28+03:00";""
"https://kirkland.in.ua/all-products/filters/dlya-chego_yspokoitelniji-effekt";"2023-05-02T21:45:28+03:00";""
"https://kirkland.in.ua/all-products/filters/dlya-chego_shampyn-dlya-jirnih-volos";"2023-05-02T21:45:28+03:00";""
"https://kirkland.in.ua/all-products/filters/dlya-chego_erozii";"2023-05-02T21:45:28+03:00";""
"https://kirkland.in.ua/all-products/filters/kolichestvo_11-ml";"2023-05-02T21:45:28+03:00";""
"https://kirkland.in.ua/all-products/filters/dlya-chego_ekzema-psoriaz";"2023-05-02T21:45:28+03:00";""
"https://kirkland.in.ua/all-products/filters/kolichestvo_1-flakon-100-ed";"2023-05-02T21:45:28+03:00";""
"https://kirkland.in.ua/all-products/filters/kolichestvo_25-ml";"2023-05-02T21:45:28+03:00";""
"https://kirkland.in.ua/all-products/filters/kolichestvo_5-g";"2023-05-02T21:45:28+03:00";""
"https://kirkland.in.ua/all-products/filters/kolichestvo_5-shtyk";"2023-05-02T21:45:28+03:00";""
"https://kirkland.in.ua/all-products/filters/kolichestvo_10-sht";"2023-05-02T21:45:28+03:00";""
"https://kirkland.in.ua/all-products/filters/kolichestvo_10-ml";"2023-05-02T21:45:28+03:00";""
"https://kirkland.in.ua/all-products/filters/kolichestvo_10-gramm";"2023-05-02T21:45:28+03:00";""
"https://kirkland.in.ua/all-products/filters/kolichestvo_10-syppozitoriji";"2023-05-02T21:45:28+03:00";""
"https://kirkland.in.ua/all-products/filters/kolichestvo_12-syppozitoriji";"2023-05-02T21:45:28+03:00";""
"https://kirkland.in.ua/all-products/filters/kolichestvo_15-ml";"2023-05-02T21:45:28+03:00";""
"https://kirkland.in.ua/all-products/filters/kolichestvo_15-g";"2023-05-02T21:45:28+03:00";""
"https://kirkland.in.ua/all-products/filters/kolichestvo_15-gramm";"2023-05-02T21:45:28+03:00";""
"https://kirkland.in.ua/all-products/filters/kolichestvo_15h6-ml";"2023-05-02T21:45:28+03:00";""
"https://kirkland.in.ua/all-products/filters/kolichestvo_20g";"2023-05-02T21:45:28+03:00";""
"https://kirkland.in.ua/all-products/filters/kolichestvo_20-kapsyl";"2023-05-02T21:45:28+03:00";""
"https://kirkland.in.ua/all-products/filters/kolichestvo_20-gramm";"2023-05-02T21:45:28+03:00";""
"https://kirkland.in.ua/all-products/filters/kolichestvo_20-g";"2023-05-02T21:45:28+03:00";""
"https://kirkland.in.ua/all-products/filters/kolichestvo_25-gramm";"2023-05-02T21:45:28+03:00";""
"https://kirkland.in.ua/all-products/filters/kolichestvo_30-ml";"2023-05-02T21:45:28+03:00";""
"https://kirkland.in.ua/all-products/filters/kolichestvo_30-g";"2023-05-02T21:45:28+03:00";""
"https://kirkland.in.ua/all-products/filters/kolichestvo_30-sht";"2023-05-02T21:45:28+03:00";""
"https://kirkland.in.ua/all-products/filters/kolichestvo_30-gramm";"2023-05-02T21:45:28+03:00";""
"https://kirkland.in.ua/all-products/filters/kolichestvo_30-kapsyl";"2023-05-02T21:45:28+03:00";""
"https://kirkland.in.ua/all-products/filters/kolichestvo_32-gramm";"2023-05-02T21:45:28+03:00";""
"https://kirkland.in.ua/all-products/filters/kolichestvo_30-tabletok";"2023-05-02T21:45:28+03:00";""
"https://kirkland.in.ua/all-products/filters/kolichestvo_36-jelejinih-konfet";"2023-05-02T21:45:28+03:00";""
"https://kirkland.in.ua/all-products/filters/kolichestvo_40-g";"2023-05-02T21:45:28+03:00";""
"https://kirkland.in.ua/all-products/filters/kolichestvo_45-gramm";"2023-05-02T21:45:28+03:00";""
"https://kirkland.in.ua/all-products/filters/kolichestvo_40-ml";"2023-05-02T21:45:28+03:00";""
"https://kirkland.in.ua/all-products/filters/kolichestvo_50-g";"2023-05-02T21:45:28+03:00";""
"https://kirkland.in.ua/all-products/filters/kolichestvo_50-gramm";"2023-05-02T21:45:28+03:00";""
"https://kirkland.in.ua/all-products/filters/kolichestvo_50-ml";"2023-05-02T21:45:28+03:00";""
"https://kirkland.in.ua/all-products/filters/kolichestvo_60-g";"2023-05-02T21:45:28+03:00";""
"https://kirkland.in.ua/all-products/filters/kolichestvo_60-sht";"2023-05-02T21:45:28+03:00";""
"https://kirkland.in.ua/all-products/filters/kolichestvo_60-ml";"2023-05-02T21:45:28+03:00";""
"https://kirkland.in.ua/all-products/filters/kolichestvo_60-tab";"2023-05-02T21:45:28+03:00";""
"https://kirkland.in.ua/all-products/filters/kolichestvo_60-shtyk";"2023-05-02T21:45:28+03:00";""
"https://kirkland.in.ua/all-products/filters/kolichestvo_60-kapsyl";"2023-05-02T21:45:28+03:00";""
"https://kirkland.in.ua/all-products/filters/kolichestvo_60-tabletok-300-ml";"2023-05-02T21:45:28+03:00";""
"https://kirkland.in.ua/all-products/filters/kolichestvo_75-ml";"2023-05-02T21:45:28+03:00";""
"https://kirkland.in.ua/all-products/filters/kolichestvo_75-g";"2023-05-02T21:45:28+03:00";""
"https://kirkland.in.ua/all-products/filters/kolichestvo_60-tabletok";"2023-05-02T21:45:28+03:00";""
"https://kirkland.in.ua/all-products/filters/kolichestvo_75-ml-spreya";"2023-05-02T21:45:28+03:00";""
"https://kirkland.in.ua/all-products/filters/kolichestvo_75-gramm";"2023-05-02T21:45:28+03:00";""
"https://kirkland.in.ua/all-products/filters/kolichestvo_80-sht";"2023-05-02T21:45:28+03:00";""
"https://kirkland.in.ua/all-products/filters/kolichestvo_80-g";"2023-05-02T21:45:28+03:00";""
"https://kirkland.in.ua/all-products/filters/kolichestvo_80-gramm";"2023-05-02T21:45:28+03:00";""
"https://kirkland.in.ua/all-products/filters/kolichestvo_90-kapsyl";"2023-05-02T21:45:28+03:00";""
"https://kirkland.in.ua/all-products/filters/kolichestvo_100";"2023-05-02T21:45:28+03:00";""
"https://kirkland.in.ua/all-products/filters/kolichestvo_90-tabletok";"2023-05-02T21:45:28+03:00";""
"https://kirkland.in.ua/all-products/filters/kolichestvo_100-g";"2023-05-02T21:45:28+03:00";""
"https://kirkland.in.ua/all-products/filters/kolichestvo_100-ml";"2023-05-02T21:45:28+03:00";""
"https://kirkland.in.ua/all-products/filters/kolichestvo_100-sht";"2023-05-02T21:45:28+03:00";""
"https://kirkland.in.ua/all-products/filters/kolichestvo_100-kapsyl";"2023-05-02T21:45:28+03:00";""
"https://kirkland.in.ua/all-products/filters/kolichestvo_112-kapsyl";"2023-05-02T21:45:28+03:00";""
"https://kirkland.in.ua/all-products/filters/kolichestvo_100-tabletok";"2023-05-02T21:45:28+03:00";""
"https://kirkland.in.ua/all-products/filters/kolichestvo_120-g";"2023-05-02T21:45:28+03:00";""
"https://kirkland.in.ua/all-products/filters/kolichestvo_120-ml";"2023-05-02T21:45:28+03:00";""
"https://kirkland.in.ua/all-products/filters/kolichestvo_120sht";"2023-05-02T21:45:28+03:00";""
"https://kirkland.in.ua/all-products/filters/kolichestvo_120-kapsyl";"2023-05-02T21:45:28+03:00";""
"https://kirkland.in.ua/all-products/filters/kolichestvo_120-tabletok";"2023-05-02T21:45:28+03:00";""
"https://kirkland.in.ua/all-products/filters/kolichestvo_125-g";"2023-05-02T21:45:28+03:00";""
"https://kirkland.in.ua/all-products/filters/kolichestvo_125-ml";"2023-05-02T21:45:28+03:00";""
"https://kirkland.in.ua/all-products/filters/kolichestvo_150-g";"2023-05-02T21:45:28+03:00";""
"https://kirkland.in.ua/all-products/filters/kolichestvo_160";"2023-05-02T21:45:28+03:00";""
"https://kirkland.in.ua/all-products/filters/kolichestvo_150-kapsyl";"2023-05-02T21:45:28+03:00";""
"https://kirkland.in.ua/all-products/filters/kolichestvo_180-tabletok";"2023-05-02T21:45:28+03:00";""
"https://kirkland.in.ua/all-products/filters/kolichestvo_200-ml";"2023-05-02T21:45:28+03:00";""
"https://kirkland.in.ua/all-products/filters/kolichestvo_220";"2023-05-02T21:45:28+03:00";""
"https://kirkland.in.ua/all-products/filters/kolichestvo_230";"2023-05-02T21:45:28+03:00";""
"https://kirkland.in.ua/all-products/filters/kolichestvo_236-ml";"2023-05-02T21:45:28+03:00";""
"https://kirkland.in.ua/all-products/filters/kolichestvo_240-ml";"2023-05-02T21:45:28+03:00";""
"https://kirkland.in.ua/all-products/filters/kolichestvo_250-mg";"2023-05-02T21:45:28+03:00";""
"https://kirkland.in.ua/all-products/filters/kolichestvo_300-ml";"2023-05-02T21:45:28+03:00";""
"https://kirkland.in.ua/all-products/filters/kolichestvo_250-tabletok";"2023-05-02T21:45:28+03:00";""
"https://kirkland.in.ua/all-products/filters/kolichestvo_250-ml";"2023-05-02T21:45:28+03:00";""
"https://kirkland.in.ua/all-products/filters/kolichestvo_300-kapsyl";"2023-05-02T21:45:28+03:00";""
"https://kirkland.in.ua/all-products/filters/kolichestvo_300-ml-60-tabletok-50-ml";"2023-05-02T21:45:28+03:00";""
"https://kirkland.in.ua/all-products/filters/kolichestvo_320";"2023-05-02T21:45:28+03:00";""
"https://kirkland.in.ua/all-products/filters/kolichestvo_375";"2023-05-02T21:45:28+03:00";""
"https://kirkland.in.ua/all-products/filters/kolichestvo_400";"2023-05-02T21:45:28+03:00";""
"https://kirkland.in.ua/all-products/filters/kolichestvo_400-mg";"2023-05-02T21:45:28+03:00";""
"https://kirkland.in.ua/all-products/filters/kolichestvo_400-ml";"2023-05-02T21:45:28+03:00";""
"https://kirkland.in.ua/all-products/filters/kolichestvo_500-ml";"2023-05-02T21:45:28+03:00";""
"https://kirkland.in.ua/all-products/filters/kolichestvo_500";"2023-05-02T21:45:28+03:00";""
"https://kirkland.in.ua/all-products/filters/kolichestvo_500-tabletok";"2023-05-02T21:45:28+03:00";""
"https://kirkland.in.ua/all-products/filters/kolichestvo_600";"2023-05-02T21:45:28+03:00";""
"https://kirkland.in.ua/all-products/filters/kolichestvo_kapsyli-10-sht";"2023-05-02T21:45:28+03:00";""
"https://kirkland.in.ua/all-products/filters/kolichestvo_krem-30-g";"2023-05-02T21:45:28+03:00";""
"https://kirkland.in.ua/all-products/filters/kolichestvo_spreji-50-ml";"2023-05-02T21:45:28+03:00";""
"https://kirkland.in.ua/all-products/filters/kolichestvo_tyba-100-gramm";"2023-05-02T21:45:28+03:00";""
"https://kirkland.in.ua/all-products/filters/kolichestvo_tyba-30-g";"2023-05-02T21:45:28+03:00";""
"https://kirkland.in.ua/all-products/filters/kolichestvo_tyba-20-g";"2023-05-02T21:45:28+03:00";""
"https://kirkland.in.ua/all-products/filters/kolichestvo_tyba-50-gramm";"2023-05-02T21:45:28+03:00";""
"https://kirkland.in.ua/all-products/filters/kolichestvo_tyba-50g";"2023-05-02T21:45:28+03:00";""
"https://kirkland.in.ua/all-products/filters/kolichestvo_tyba-78g";"2023-05-02T21:45:28+03:00";""
"https://kirkland.in.ua/all-products/filters/kolichestvo_flakon-20-ml";"2023-05-02T21:45:28+03:00";""
"https://kirkland.in.ua/all-products/filters/kolichestvo_flakon-25ml";"2023-05-02T21:45:28+03:00";""
"https://kirkland.in.ua/all-products/filters/kolichestvo_flakon-5ml";"2023-05-02T21:45:28+03:00";""
"https://kirkland.in.ua/all-products/filters/strana-proizvoditel_abdi-ibrahim-tyrciya";"2023-05-02T21:45:28+03:00";""
"https://kirkland.in.ua/all-products/filters/strana-proizvoditel_bayer-ag-germaniya-reestraciya-tyrciya";"2023-05-02T21:45:28+03:00";""
"https://kirkland.in.ua/all-products/filters/strana-proizvoditel_bayer-healthcare-manufacturing-srl-italiya";"2023-05-02T21:45:28+03:00";""
"https://kirkland.in.ua/all-products/filters/strana-proizvoditel_galderma-indiya";"2023-05-02T21:45:28+03:00";""
"https://kirkland.in.ua/all-products/filters/strana-proizvoditel_galderma-franciya";"2023-05-02T21:45:28+03:00";""
"https://kirkland.in.ua/all-products/filters/strana-proizvoditel_leo-pharma";"2023-05-02T21:45:28+03:00";""
"https://kirkland.in.ua/all-products/filters/strana-proizvoditel_leo-pharma-irlandiya";"2023-05-02T21:45:28+03:00";""
"https://kirkland.in.ua/all-products/filters/strana-proizvoditel_leo-irlandiya";"2023-05-02T21:45:28+03:00";""
"https://kirkland.in.ua/all-products/filters/strana-proizvoditel_meda-ab-shveciya";"2023-05-02T21:45:28+03:00";""
"https://kirkland.in.ua/all-products/filters/strana-proizvoditel_meda-pharma-germaniya";"2023-05-02T21:45:28+03:00";""
"https://kirkland.in.ua/all-products/filters/strana-proizvoditel_oregons-wild-harvest-oregons-vajild-harvest-ssha";"2023-05-02T21:45:28+03:00";""
"https://kirkland.in.ua/all-products/filters/strana-proizvoditel_orva-tyrciya";"2023-05-02T21:45:28+03:00";""
"https://kirkland.in.ua/all-products/filters/strana-proizvoditel_pfizer-amerika";"2023-05-02T21:45:28+03:00";""
"https://kirkland.in.ua/all-products/filters/strana-proizvoditel_pfizer-tyrciya";"2023-05-02T21:45:28+03:00";""
"https://kirkland.in.ua/all-products/filters/strana-proizvoditel_saba-ilac-tyrciya";"2023-05-02T21:45:28+03:00";""
"https://kirkland.in.ua/all-products/filters/strana-proizvoditel_vem-tyrciya";"2023-05-02T21:45:28+03:00";""
"https://kirkland.in.ua/all-products/filters/strana-proizvoditel_avstraliya";"2023-05-02T21:45:28+03:00";""
"https://kirkland.in.ua/all-products/filters/strana-proizvoditel_angliya";"2023-05-02T21:45:28+03:00";""
"https://kirkland.in.ua/all-products/filters/strana-proizvoditel_belgiya";"2023-05-02T21:45:28+03:00";""
"https://kirkland.in.ua/all-products/filters/strana-proizvoditel_beringer-ingelhajim-farma-gmbh-i-ko-kg-germaniya";"2023-05-02T21:45:28+03:00";""
"https://kirkland.in.ua/all-products/filters/strana-proizvoditel_britaniya";"2023-05-02T21:45:28+03:00";""
"https://kirkland.in.ua/all-products/filters/strana-proizvoditel_germaniya";"2023-05-02T21:45:28+03:00";""
"https://kirkland.in.ua/all-products/filters/strana-proizvoditel_egipet";"2023-05-02T21:45:28+03:00";""
"https://kirkland.in.ua/all-products/filters/strana-proizvoditel_velikobritaniya";"2023-05-02T21:45:28+03:00";""
"https://kirkland.in.ua/all-products/filters/strana-proizvoditel_irlandiya";"2023-05-02T21:45:28+03:00";""
"https://kirkland.in.ua/all-products/filters/strana-proizvoditel_ispaniya";"2023-05-02T21:45:28+03:00";""
"https://kirkland.in.ua/all-products/filters/strana-proizvoditel_indiya";"2023-05-02T21:45:28+03:00";""
"https://kirkland.in.ua/all-products/filters/strana-proizvoditel_polsha";"2023-05-02T21:45:28+03:00";""
"https://kirkland.in.ua/all-products/filters/strana-proizvoditel_italiya";"2023-05-02T21:45:28+03:00";""
"https://kirkland.in.ua/all-products/filters/strana-proizvoditel_norvegiya";"2023-05-02T21:45:28+03:00";""
"https://kirkland.in.ua/all-products/filters/strana-proizvoditel_niderlandi";"2023-05-02T21:45:28+03:00";""
"https://kirkland.in.ua/all-products/filters/strana-proizvoditel_ssha";"2023-05-02T21:45:28+03:00";""
"https://kirkland.in.ua/all-products/filters/strana-proizvoditel_franciya";"2023-05-02T21:45:28+03:00";""
"https://kirkland.in.ua/all-products/filters/strana-proizvoditel_chehiya";"2023-05-02T21:45:28+03:00";""
"https://kirkland.in.ua/all-products/filters/strana-proizvoditel_shvejicariya";"2023-05-02T21:45:28+03:00";""
"https://kirkland.in.ua/all-products/filters/strana-proizvoditel_tyrciya";"2023-05-02T21:45:28+03:00";""
"https://kirkland.in.ua/all-products/filters/strana-proizvoditel_ujnaya-koreya";"2023-05-02T21:45:28+03:00";""
"https://kirkland.in.ua/all-products/filters/forma-vipyska_150-ml";"2023-05-02T21:45:28+03:00";""
"https://kirkland.in.ua/all-products/filters/forma-vipyska_10-syppozitoriji";"2023-05-02T21:45:28+03:00";""
"https://kirkland.in.ua/all-products/filters/forma-vipyska_banka-920g";"2023-05-02T21:45:28+03:00";""
"https://kirkland.in.ua/all-products/filters/forma-vipyska_blister";"2023-05-02T21:45:28+03:00";""
"https://kirkland.in.ua/all-products/filters/forma-vipyska_banka";"2023-05-02T21:45:28+03:00";""
"https://kirkland.in.ua/all-products/filters/forma-vipyska_gelevie-kapsyli";"2023-05-02T21:45:28+03:00";""
"https://kirkland.in.ua/all-products/filters/forma-vipyska_gel";"2023-05-02T21:45:28+03:00";""
"https://kirkland.in.ua/all-products/filters/forma-vipyska_jevatelnie-konfeti";"2023-05-02T21:45:28+03:00";""
"https://kirkland.in.ua/all-products/filters/forma-vipyska_jelatinovie-kapsyli";"2023-05-02T21:45:28+03:00";""
"https://kirkland.in.ua/all-products/filters/forma-vipyska_jelejinie-konfeti";"2023-05-02T21:45:28+03:00";""
"https://kirkland.in.ua/all-products/filters/forma-vipyska_kapsyli-s-poroshkom-dlya-ingalyaciji-18-mkg-v-komplekte-s-ingalyatorom-handihaler";"2023-05-02T21:45:28+03:00";""
"https://kirkland.in.ua/all-products/filters/forma-vipyska_kompressi";"2023-05-02T21:45:28+03:00";""
"https://kirkland.in.ua/all-products/filters/forma-vipyska_kapsyli";"2023-05-02T21:45:28+03:00";""
"https://kirkland.in.ua/all-products/filters/forma-vipyska_korobka";"2023-05-02T21:45:28+03:00";""
"https://kirkland.in.ua/all-products/filters/forma-vipyska_krem";"2023-05-02T21:45:28+03:00";""
"https://kirkland.in.ua/all-products/filters/forma-vipyska_krem-balzam";"2023-05-02T21:45:28+03:00";""
"https://kirkland.in.ua/all-products/filters/forma-vipyska_krem-dlya-naryjn-prim-5-pak-250mg-n12";"2023-05-02T21:45:28+03:00";""
"https://kirkland.in.ua/all-products/filters/forma-vipyska_loson";"2023-05-02T21:45:28+03:00";""
"https://kirkland.in.ua/all-products/filters/forma-vipyska_metalleva-tyba";"2023-05-02T21:45:28+03:00";""
"https://kirkland.in.ua/all-products/filters/forma-vipyska_rozchin";"2023-05-02T21:45:28+03:00";""
"https://kirkland.in.ua/all-products/filters/forma-vipyska_sashe";"2023-05-02T21:45:28+03:00";""
"https://kirkland.in.ua/all-products/filters/forma-vipyska_rastvor-dlya-naryjnogo-primeneniya";"2023-05-02T21:45:28+03:00";""
"https://kirkland.in.ua/all-products/filters/forma-vipyska_tabletki";"2023-05-02T21:45:28+03:00";""
"https://kirkland.in.ua/all-products/filters/forma-vipyska_spreji";"2023-05-02T21:45:28+03:00";""
"https://kirkland.in.ua/all-products/filters/forma-vipyska_tyba-10-g";"2023-05-02T21:45:28+03:00";""
"https://kirkland.in.ua/all-products/filters/forma-vipyska_tyba-15-gramm";"2023-05-02T21:45:28+03:00";""
"https://kirkland.in.ua/all-products/filters/forma-vipyska_tyba-20-g";"2023-05-02T21:45:28+03:00";""
"https://kirkland.in.ua/all-products/filters/forma-vipyska_tyba-30-gramm";"2023-05-02T21:45:28+03:00";""
"https://kirkland.in.ua/all-products/filters/forma-vipyska_tyba-30-g";"2023-05-02T21:45:28+03:00";""
"https://kirkland.in.ua/all-products/filters/forma-vipyska_tyba";"2023-05-02T21:45:28+03:00";""
"https://kirkland.in.ua/all-products/filters/forma-vipyska_tyba-40-g";"2023-05-02T21:45:28+03:00";""
"https://kirkland.in.ua/all-products/filters/forma-vipyska_tyba-60-g";"2023-05-02T21:45:28+03:00";""
"https://kirkland.in.ua/all-products/filters/forma-vipyska_tyba-50g";"2023-05-02T21:45:28+03:00";""
"https://kirkland.in.ua/all-products/filters/forma-vipyska_flakon-banka";"2023-05-02T21:45:28+03:00";""
"https://kirkland.in.ua/all-products/filters/forma-vipyska_flakon-banka-flakon";"2023-05-02T21:45:28+03:00";""
"https://kirkland.in.ua/all-products/filters/forma-vipyska_flakon";"2023-05-02T21:45:28+03:00";""
"https://kirkland.in.ua/all-products/filters/forma-vipyska_flakon-15-ml";"2023-05-02T21:45:28+03:00";""
"https://kirkland.in.ua/all-products/filters/forma-vipyska_flakon-30-ml";"2023-05-02T21:45:28+03:00";""
"https://kirkland.in.ua/all-products/filters/forma-vipyska_flakon-25-ml";"2023-05-02T21:45:28+03:00";""
"https://kirkland.in.ua/all-products/filters/forma-vipyska_flakon-s-dozatorom";"2023-05-02T21:45:28+03:00";""
"https://kirkland.in.ua/all-products/filters/forma-vipyska_flakon-rastvor-0005-";"2023-05-02T21:45:28+03:00";""
"https://kirkland.in.ua/all-products/filters/forma-vipyska_shampyn";"2023-05-02T21:45:28+03:00";""
"https://kirkland.in.ua/all-products/filters/forma-vipyska_sharikoviji-dezodorant";"2023-05-02T21:45:28+03:00";""
"https://kirkland.in.ua/all-products/filters/forma-vipyska_emylsiya-glaznaya-05-mgml-flakon-04-ml-30-flakonov";"2023-05-02T21:45:28+03:00";""
"https://kirkland.in.ua/all-products/filters/shampyn_shampyn";"2023-05-02T21:45:28+03:00";""
"https://kirkland.in.ua/akcii/filters/veschestvo_diflykortolona-valerat-gks-dlya-naryjnogo-primeneniya-okazivaet-protivovospalitelnoe-antiekssydativnoe-protivoallergicheskoe-i-protivozydnoe-dejistvie";"2023-05-02T21:45:28+03:00";""
"https://kirkland.in.ua/akcii/filters/forma-vipyska_tyba-15-gramm";"2023-05-02T21:45:28+03:00";""
"https://kirkland.in.ua/akcii/filters/strana-proizvoditel_bayer-healthcare-manufacturing-srl-italiya";"2023-05-02T21:45:28+03:00";""
"https://kirkland.in.ua/all-products/bioxcinru/filters/veschestvo_kondicioner/dlya-chego_dlya-chyvstvitelnih-i-povrejdyonnih-volos";"2023-05-02T21:45:28+03:00";""
"https://kirkland.in.ua/all-products/bioxcinru/filters/veschestvo_shampyn/kolichestvo_300-ml";"2023-05-02T21:45:28+03:00";""
"https://kirkland.in.ua/all-products/bioxcinru/filters/veschestvo_kondicioner/strana-proizvoditel_tyrciya";"2023-05-02T21:45:28+03:00";""
"https://kirkland.in.ua/all-products/bioxcinru/filters/dlya-chego_bioaktivnaya-vosstanavlivauschaya-sivorotka-dlya-koji-golovi/kolichestvo_15h6-ml";"2023-05-02T21:45:28+03:00";""
"https://kirkland.in.ua/all-products/bioxcinru/filters/veschestvo_shampyn/dlya-chego_dlya-vseh-tipov-volos";"2023-05-02T21:45:28+03:00";""
"https://kirkland.in.ua/all-products/bioxcinru/filters/veschestvo_kondicioner/kolichestvo_250-ml";"2023-05-02T21:45:28+03:00";""
"https://kirkland.in.ua/all-products/bioxcinru/filters/dlya-chego_dlya-vseh-tipov-volos/veschestvo_shampyn";"2023-05-02T21:45:28+03:00";""
"https://kirkland.in.ua/all-products/bioxcinru/filters/veschestvo_shampyn/strana-proizvoditel_tyrciya";"2023-05-02T21:45:28+03:00";""
"https://kirkland.in.ua/all-products/bioxcinru/filters/dlya-chego_dlya-yhoda-za-jirnoji-i-sklonnoji-k-akne-kojeji/kolichestvo_50-ml";"2023-05-02T21:45:28+03:00";""
"https://kirkland.in.ua/all-products/bioxcinru/filters/dlya-chego_dlya-vseh-tipov-volos/forma-vipyska_flakon";"2023-05-02T21:45:28+03:00";""
"https://kirkland.in.ua/all-products/bioxcinru/filters/dlya-chego_bioaktivnaya-vosstanavlivauschaya-sivorotka-dlya-koji-golovi/strana-proizvoditel_tyrciya";"2023-05-02T21:45:28+03:00";""
"https://kirkland.in.ua/all-products/bioxcinru/filters/dlya-chego_dlya-vseh-tipov-volos/kolichestvo_300-ml";"2023-05-02T21:45:28+03:00";""
"https://kirkland.in.ua/all-products/bioxcinru/filters/dlya-chego_dlya-chyvstvitelnih-i-povrejdyonnih-volos/kolichestvo_150-ml";"2023-05-02T21:45:28+03:00";""
"https://kirkland.in.ua/all-products/bioxcinru/filters/dlya-chego_dlya-pitaniya-volos-i-vosstanovleniya-rosta/strana-proizvoditel_tyrciya";"2023-05-02T21:45:28+03:00";""
"https://kirkland.in.ua/all-products/bioxcinru/filters/dlya-chego_dlya-jirnih-volos-i-koji-golovi/kolichestvo_15-ml";"2023-05-02T21:45:28+03:00";""
"https://kirkland.in.ua/all-products/bioxcinru/filters/dlya-chego_dlya-chyvstvitelnih-i-povrejdyonnih-volos/veschestvo_kondicioner";"2023-05-02T21:45:28+03:00";""
"https://kirkland.in.ua/all-products/bioxcinru/filters/dlya-chego_dlya-vseh-tipov-volos/strana-proizvoditel_tyrciya";"2023-05-02T21:45:28+03:00";""
"https://kirkland.in.ua/all-products/bioxcinru/filters/veschestvo_kondicioner/kolichestvo_150-ml";"2023-05-02T21:45:28+03:00";""
"https://kirkland.in.ua/all-products/bioxcinru/filters/dlya-chego_dlya-jirnih-volos-i-koji-golovi/forma-vipyska_tyba";"2023-05-02T21:45:28+03:00";""
"https://kirkland.in.ua/all-products/bioxcinru/filters/dlya-chego_dlya-yhoda-za-jirnoji-i-sklonnoji-k-akne-kojeji/strana-proizvoditel_tyrciya";"2023-05-02T21:45:28+03:00";""
"https://kirkland.in.ua/all-products/bioxcinru/filters/dlya-chego_dlya-pitaniya-volos-i-vosstanovleniya-rosta/kolichestvo_60-tab";"2023-05-02T21:45:28+03:00";""
"https://kirkland.in.ua/all-products/bioxcinru/filters/dlya-chego_zdorove-volos/forma-vipyska_banka";"2023-05-02T21:45:28+03:00";""
"https://kirkland.in.ua/all-products/bioxcinru/filters/dlya-chego_zdorove-volos/kolichestvo_60-tabletok";"2023-05-02T21:45:28+03:00";""
"https://kirkland.in.ua/all-products/bioxcinru/filters/dlya-chego_zdorove-volos/strana-proizvoditel_tyrciya";"2023-05-02T21:45:28+03:00";""
"https://kirkland.in.ua/all-products/bioxcinru/filters/dlya-chego_dlya-chyvstvitelnih-i-povrejdyonnih-volos/strana-proizvoditel_tyrciya";"2023-05-02T21:45:28+03:00";""
"https://kirkland.in.ua/all-products/bioxcinru/filters/dlya-chego_zdorove-volos-i-koji-golovi/kolichestvo_60-tabletok-300-ml";"2023-05-02T21:45:28+03:00";""
"https://kirkland.in.ua/all-products/bioxcinru/filters/dlya-chego_izbavlenie-ot-perhoti/kolichestvo_200-ml";"2023-05-02T21:45:28+03:00";""
"https://kirkland.in.ua/all-products/bioxcinru/filters/dlya-chego_zdorove-volos/forma-vipyska_flakon";"2023-05-02T21:45:28+03:00";""
"https://kirkland.in.ua/all-products/bioxcinru/filters/dlya-chego_zdorove-volos/kolichestvo_300-ml";"2023-05-02T21:45:28+03:00";""
"https://kirkland.in.ua/all-products/bioxcinru/filters/dlya-chego_zdorove-volos-i-koji-golovi/forma-vipyska_flakon-banka";"2023-05-02T21:45:28+03:00";""
"https://kirkland.in.ua/all-products/bioxcinru/filters/dlya-chego_zdorove-volos-i-koji-golovi/strana-proizvoditel_tyrciya";"2023-05-02T21:45:28+03:00";""
"https://kirkland.in.ua/all-products/bioxcinru/filters/dlya-chego_izbavlenie-ot-perhoti/strana-proizvoditel_tyrciya";"2023-05-02T21:45:28+03:00";""
"https://kirkland.in.ua/all-products/bioxcinru/filters/dlya-chego_izbavlenie-ot-perhoti/forma-vipyska_flakon";"2023-05-02T21:45:28+03:00";""
"https://kirkland.in.ua/all-products/bioxcinru/filters/dlya-chego_intensivnoe-ykreplenie-i-zdorove-volos/kolichestvo_300-ml-60-tabletok-50-ml";"2023-05-02T21:45:28+03:00";""
"https://kirkland.in.ua/all-products/bioxcinru/filters/dlya-chego_intensivnoe-ykreplenie-i-zdorove-volos/forma-vipyska_flakon-banka-flakon";"2023-05-02T21:45:28+03:00";""
"https://kirkland.in.ua/all-products/bioxcinru/filters/dlya-chego_intensivnoe-ykreplenie-i-zdorove-volos/strana-proizvoditel_tyrciya";"2023-05-02T21:45:28+03:00";""
"https://kirkland.in.ua/all-products/bioxcinru/filters/dlya-chego_rost-volos/kolichestvo_300-ml";"2023-05-02T21:45:28+03:00";""
"https://kirkland.in.ua/all-products/bioxcinru/filters/dlya-chego_lechenie-akne/strana-proizvoditel_tyrciya";"2023-05-02T21:45:28+03:00";""
"https://kirkland.in.ua/all-products/bioxcinru/filters/dlya-chego_ykreplenie-korneji-volos/kolichestvo_300-ml";"2023-05-02T21:45:28+03:00";""
"https://kirkland.in.ua/all-products/bioxcinru/filters/dlya-chego_ykreplenie-korneji-volos/kolichestvo_50-ml";"2023-05-02T21:45:28+03:00";""
"https://kirkland.in.ua/all-products/bioxcinru/filters/dlya-chego_ykreplenie-korneji-volos/shampyn_shampyn";"2023-05-02T21:45:28+03:00";""
"https://kirkland.in.ua/all-products/bioxcinru/filters/dlya-chego_ykreplenie-korneji-volos/strana-proizvoditel_tyrciya";"2023-05-02T21:45:28+03:00";""
"https://kirkland.in.ua/all-products/bioxcinru/filters/kolichestvo_50-ml/strana-proizvoditel_tyrciya";"2023-05-02T21:45:28+03:00";""
"https://kirkland.in.ua/all-products/bioxcinru/filters/dlya-chego_shampyn-dlya-jirnih-volos/strana-proizvoditel_tyrciya";"2023-05-02T21:45:28+03:00";""
"https://kirkland.in.ua/all-products/bioxcinru/filters/kolichestvo_15-ml/dlya-chego_dlya-jirnih-volos-i-koji-golovi";"2023-05-02T21:45:28+03:00";""
"https://kirkland.in.ua/all-products/bioxcinru/filters/dlya-chego_ykreplenie-korneji-volos/forma-vipyska_flakon";"2023-05-02T21:45:28+03:00";""
"https://kirkland.in.ua/all-products/bioxcinru/filters/kolichestvo_15-ml/forma-vipyska_tyba";"2023-05-02T21:45:28+03:00";""
"https://kirkland.in.ua/all-products/bioxcinru/filters/kolichestvo_50-ml/dlya-chego_dlya-yhoda-za-jirnoji-i-sklonnoji-k-akne-kojeji";"2023-05-02T21:45:28+03:00";""
"https://kirkland.in.ua/all-products/bioxcinru/filters/kolichestvo_60-tab/dlya-chego_dlya-pitaniya-volos-i-vosstanovleniya-rosta";"2023-05-02T21:45:28+03:00";""
"https://kirkland.in.ua/all-products/bioxcinru/filters/kolichestvo_50-ml/dlya-chego_ykreplenie-korneji-volos";"2023-05-02T21:45:28+03:00";""
"https://kirkland.in.ua/all-products/bioxcinru/filters/kolichestvo_15h6-ml/dlya-chego_bioaktivnaya-vosstanavlivauschaya-sivorotka-dlya-koji-golovi";"2023-05-02T21:45:28+03:00";""
"https://kirkland.in.ua/all-products/bioxcinru/filters/dlya-chego_shampyn-dlya-jirnih-volos/kolichestvo_100-ml";"2023-05-02T21:45:28+03:00";""
"https://kirkland.in.ua/all-products/bioxcinru/filters/kolichestvo_50-ml/forma-vipyska_flakon";"2023-05-02T21:45:28+03:00";""
"https://kirkland.in.ua/all-products/bioxcinru/filters/kolichestvo_15h6-ml/strana-proizvoditel_tyrciya";"2023-05-02T21:45:28+03:00";""
"https://kirkland.in.ua/all-products/bioxcinru/filters/kolichestvo_100-ml/strana-proizvoditel_tyrciya";"2023-05-02T21:45:28+03:00";""
"https://kirkland.in.ua/all-products/bioxcinru/filters/kolichestvo_100-ml/dlya-chego_shampyn-dlya-jirnih-volos";"2023-05-02T21:45:28+03:00";""
"https://kirkland.in.ua/all-products/bioxcinru/filters/kolichestvo_60-tabletok/dlya-chego_zdorove-volos";"2023-05-02T21:45:28+03:00";""
"https://kirkland.in.ua/all-products/bioxcinru/filters/kolichestvo_60-tabletok/strana-proizvoditel_tyrciya";"2023-05-02T21:45:28+03:00";""
"https://kirkland.in.ua/all-products/bioxcinru/filters/kolichestvo_150-ml/veschestvo_kondicioner";"2023-05-02T21:45:28+03:00";""
"https://kirkland.in.ua/all-products/bioxcinru/filters/kolichestvo_150-ml/dlya-chego_dlya-chyvstvitelnih-i-povrejdyonnih-volos";"2023-05-02T21:45:28+03:00";""
"https://kirkland.in.ua/all-products/bioxcinru/filters/kolichestvo_60-tabletok-300-ml/forma-vipyska_flakon-banka";"2023-05-02T21:45:28+03:00";""
"https://kirkland.in.ua/all-products/bioxcinru/filters/kolichestvo_200-ml/dlya-chego_izbavlenie-ot-perhoti";"2023-05-02T21:45:28+03:00";""
"https://kirkland.in.ua/all-products/bioxcinru/filters/kolichestvo_200-ml/forma-vipyska_flakon";"2023-05-02T21:45:28+03:00";""
"https://kirkland.in.ua/all-products/bioxcinru/filters/kolichestvo_150-ml/strana-proizvoditel_tyrciya";"2023-05-02T21:45:28+03:00";""
"https://kirkland.in.ua/all-products/bioxcinru/filters/kolichestvo_300-ml/dlya-chego_zdorove-volos";"2023-05-02T21:45:28+03:00";""
"https://kirkland.in.ua/all-products/bioxcinru/filters/kolichestvo_300-ml/forma-vipyska_flakon";"2023-05-02T21:45:28+03:00";""
"https://kirkland.in.ua/all-products/bioxcinru/filters/kolichestvo_300-ml-60-tabletok-50-ml/forma-vipyska_flakon-banka-flakon";"2023-05-02T21:45:28+03:00";""
"https://kirkland.in.ua/all-products/bioxcinru/filters/kolichestvo_250-ml/dlya-chego_dlya-chyvstvitelnih-i-povrejdyonnih-volos";"2023-05-02T21:45:28+03:00";""
"https://kirkland.in.ua/all-products/bioxcinru/filters/kolichestvo_200-ml/strana-proizvoditel_tyrciya";"2023-05-02T21:45:28+03:00";""
"https://kirkland.in.ua/all-products/bioxcinru/filters/kolichestvo_250-ml/veschestvo_kondicioner";"2023-05-02T21:45:28+03:00";""
"https://kirkland.in.ua/all-products/bioxcinru/filters/kolichestvo_300-ml-60-tabletok-50-ml/dlya-chego_intensivnoe-ykreplenie-i-zdorove-volos";"2023-05-02T21:45:28+03:00";""
"https://kirkland.in.ua/all-products/bioxcinru/filters/kolichestvo_300-ml/strana-proizvoditel_tyrciya";"2023-05-02T21:45:28+03:00";""
"https://kirkland.in.ua/all-products/bioxcinru/filters/kolichestvo_500-ml/dlya-chego_lechenie-akne";"2023-05-02T21:45:28+03:00";""
"https://kirkland.in.ua/all-products/bioxcinru/filters/kolichestvo_250-ml/strana-proizvoditel_tyrciya";"2023-05-02T21:45:28+03:00";""
"https://kirkland.in.ua/all-products/bioxcinru/filters/kolichestvo_300-ml-60-tabletok-50-ml/strana-proizvoditel_tyrciya";"2023-05-02T21:45:28+03:00";""
"https://kirkland.in.ua/all-products/bioxcinru/filters/strana-proizvoditel_tyrciya/veschestvo_kondicioner";"2023-05-02T21:45:28+03:00";""
"https://kirkland.in.ua/all-products/bioxcinru/filters/strana-proizvoditel_tyrciya/dlya-chego_zdorove-volos-i-koji-golovi";"2023-05-02T21:45:28+03:00";""
"https://kirkland.in.ua/all-products/bioxcinru/filters/strana-proizvoditel_tyrciya/dlya-chego_dlya-vseh-tipov-volos";"2023-05-02T21:45:28+03:00";""
"https://kirkland.in.ua/all-products/bioxcinru/filters/strana-proizvoditel_tyrciya/dlya-chego_intensivnoe-ykreplenie-i-zdorove-volos";"2023-05-02T21:45:28+03:00";""
"https://kirkland.in.ua/all-products/bioxcinru/filters/kolichestvo_500-ml/strana-proizvoditel_tyrciya";"2023-05-02T21:45:28+03:00";""
"https://kirkland.in.ua/all-products/bioxcinru/filters/kolichestvo_500-ml/forma-vipyska_flakon-s-dozatorom";"2023-05-02T21:45:28+03:00";""
"https://kirkland.in.ua/all-products/bioxcinru/filters/strana-proizvoditel_tyrciya/dlya-chego_lechenie-akne";"2023-05-02T21:45:28+03:00";""
"https://kirkland.in.ua/all-products/bioxcinru/filters/strana-proizvoditel_tyrciya/dlya-chego_zdorove-volos";"2023-05-02T21:45:28+03:00";""
"https://kirkland.in.ua/all-products/bioxcinru/filters/strana-proizvoditel_tyrciya/dlya-chego_dlya-pitaniya-volos-i-vosstanovleniya-rosta";"2023-05-02T21:45:28+03:00";""
"https://kirkland.in.ua/all-products/bioxcinru/filters/strana-proizvoditel_tyrciya/dlya-chego_bioaktivnaya-vosstanavlivauschaya-sivorotka-dlya-koji-golovi";"2023-05-02T21:45:28+03:00";""
"https://kirkland.in.ua/all-products/bioxcinru/filters/strana-proizvoditel_tyrciya/dlya-chego_dlya-chyvstvitelnih-i-povrejdyonnih-volos";"2023-05-02T21:45:28+03:00";""
"https://kirkland.in.ua/all-products/bioxcinru/filters/strana-proizvoditel_tyrciya/dlya-chego_izbavlenie-ot-perhoti";"2023-05-02T21:45:28+03:00";""
"https://kirkland.in.ua/all-products/bioxcinru/filters/strana-proizvoditel_tyrciya/dlya-chego_rost-volos";"2023-05-02T21:45:28+03:00";""
"https://kirkland.in.ua/all-products/bioxcinru/filters/strana-proizvoditel_tyrciya/kolichestvo_15h6-ml";"2023-05-02T21:45:28+03:00";""
"https://kirkland.in.ua/all-products/bioxcinru/filters/strana-proizvoditel_tyrciya/dlya-chego_ykreplenie-korneji-volos";"2023-05-02T21:45:28+03:00";""
"https://kirkland.in.ua/all-products/bioxcinru/filters/strana-proizvoditel_tyrciya/kolichestvo_50-ml";"2023-05-02T21:45:28+03:00";""
"https://kirkland.in.ua/all-products/bioxcinru/filters/strana-proizvoditel_tyrciya/dlya-chego_dlya-yhoda-za-jirnoji-i-sklonnoji-k-akne-kojeji";"2023-05-02T21:45:28+03:00";""
"https://kirkland.in.ua/all-products/bioxcinru/filters/strana-proizvoditel_tyrciya/kolichestvo_60-tabletok";"2023-05-02T21:45:28+03:00";""
"https://kirkland.in.ua/all-products/bioxcinru/filters/strana-proizvoditel_tyrciya/kolichestvo_60-tabletok-300-ml";"2023-05-02T21:45:28+03:00";""
"https://kirkland.in.ua/all-products/bioxcinru/filters/strana-proizvoditel_tyrciya/kolichestvo_300-ml";"2023-05-02T21:45:28+03:00";""
"https://kirkland.in.ua/all-products/bioxcinru/filters/strana-proizvoditel_tyrciya/dlya-chego_shampyn-dlya-jirnih-volos";"2023-05-02T21:45:28+03:00";""
"https://kirkland.in.ua/all-products/bioxcinru/filters/strana-proizvoditel_tyrciya/kolichestvo_60-tab";"2023-05-02T21:45:28+03:00";""
"https://kirkland.in.ua/all-products/bioxcinru/filters/strana-proizvoditel_tyrciya/kolichestvo_150-ml";"2023-05-02T21:45:28+03:00";""
"https://kirkland.in.ua/all-products/bioxcinru/filters/strana-proizvoditel_tyrciya/kolichestvo_200-ml";"2023-05-02T21:45:28+03:00";""
"https://kirkland.in.ua/all-products/bioxcinru/filters/strana-proizvoditel_tyrciya/kolichestvo_250-ml";"2023-05-02T21:45:28+03:00";""
"https://kirkland.in.ua/all-products/bioxcinru/filters/strana-proizvoditel_tyrciya/kolichestvo_100-ml";"2023-05-02T21:45:28+03:00";""
"https://kirkland.in.ua/all-products/bioxcinru/filters/strana-proizvoditel_tyrciya/kolichestvo_300-ml-60-tabletok-50-ml";"2023-05-02T21:45:28+03:00";""
"https://kirkland.in.ua/all-products/bioxcinru/filters/strana-proizvoditel_tyrciya/forma-vipyska_banka";"2023-05-02T21:45:28+03:00";""
"https://kirkland.in.ua/all-products/bioxcinru/filters/strana-proizvoditel_tyrciya/kolichestvo_500-ml";"2023-05-02T21:45:28+03:00";""
"https://kirkland.in.ua/all-products/bioxcinru/filters/strana-proizvoditel_tyrciya/forma-vipyska_flakon-banka-flakon";"2023-05-02T21:45:28+03:00";""
"https://kirkland.in.ua/all-products/bioxcinru/filters/strana-proizvoditel_tyrciya/forma-vipyska_flakon-s-dozatorom";"2023-05-02T21:45:28+03:00";""
"https://kirkland.in.ua/all-products/bioxcinru/filters/strana-proizvoditel_tyrciya/forma-vipyska_flakon-banka";"2023-05-02T21:45:28+03:00";""
"https://kirkland.in.ua/all-products/bioxcinru/filters/forma-vipyska_banka/dlya-chego_zdorove-volos";"2023-05-02T21:45:28+03:00";""
"https://kirkland.in.ua/all-products/bioxcinru/filters/strana-proizvoditel_tyrciya/forma-vipyska_shampyn";"2023-05-02T21:45:28+03:00";""
"https://kirkland.in.ua/all-products/bioxcinru/filters/forma-vipyska_flakon/dlya-chego_rost-volos";"2023-05-02T21:45:28+03:00";""
"https://kirkland.in.ua/all-products/bioxcinru/filters/strana-proizvoditel_tyrciya/shampyn_shampyn";"2023-05-02T21:45:28+03:00";""
"https://kirkland.in.ua/all-products/bioxcinru/filters/forma-vipyska_tyba/kolichestvo_15-ml";"2023-05-02T21:45:28+03:00";""
"https://kirkland.in.ua/all-products/bioxcinru/filters/forma-vipyska_banka/strana-proizvoditel_tyrciya";"2023-05-02T21:45:28+03:00";""
"https://kirkland.in.ua/all-products/bioxcinru/filters/forma-vipyska_flakon/kolichestvo_50-ml";"2023-05-02T21:45:28+03:00";""
"https://kirkland.in.ua/all-products/bioxcinru/filters/forma-vipyska_banka/kolichestvo_60-tabletok";"2023-05-02T21:45:28+03:00";""
"https://kirkland.in.ua/all-products/bioxcinru/filters/forma-vipyska_tyba/dlya-chego_dlya-jirnih-volos-i-koji-golovi";"2023-05-02T21:45:28+03:00";""
"https://kirkland.in.ua/all-products/bioxcinru/filters/forma-vipyska_flakon/dlya-chego_zdorove-volos";"2023-05-02T21:45:28+03:00";""
"https://kirkland.in.ua/all-products/bioxcinru/filters/forma-vipyska_flakon/dlya-chego_izbavlenie-ot-perhoti";"2023-05-02T21:45:28+03:00";""
"https://kirkland.in.ua/all-products/bioxcinru/filters/forma-vipyska_flakon/dlya-chego_dlya-vseh-tipov-volos";"2023-05-02T21:45:28+03:00";""
"https://kirkland.in.ua/all-products/bioxcinru/filters/forma-vipyska_flakon-banka/dlya-chego_zdorove-volos-i-koji-golovi";"2023-05-02T21:45:28+03:00";""
"https://kirkland.in.ua/all-products/bioxcinru/filters/forma-vipyska_flakon/kolichestvo_300-ml";"2023-05-02T21:45:28+03:00";""
"https://kirkland.in.ua/all-products/bioxcinru/filters/forma-vipyska_flakon/strana-proizvoditel_tyrciya";"2023-05-02T21:45:28+03:00";""
"https://kirkland.in.ua/all-products/bioxcinru/filters/forma-vipyska_flakon-banka/kolichestvo_60-tabletok-300-ml";"2023-05-02T21:45:28+03:00";""
"https://kirkland.in.ua/all-products/bioxcinru/filters/forma-vipyska_flakon-banka/strana-proizvoditel_tyrciya";"2023-05-02T21:45:28+03:00";""
"https://kirkland.in.ua/all-products/bioxcinru/filters/forma-vipyska_flakon-banka-flakon/dlya-chego_intensivnoe-ykreplenie-i-zdorove-volos";"2023-05-02T21:45:28+03:00";""
"https://kirkland.in.ua/all-products/bioxcinru/filters/forma-vipyska_flakon/shampyn_shampyn";"2023-05-02T21:45:28+03:00";""
"https://kirkland.in.ua/all-products/bioxcinru/filters/forma-vipyska_flakon/dlya-chego_ykreplenie-korneji-volos";"2023-05-02T21:45:28+03:00";""
"https://kirkland.in.ua/all-products/bioxcinru/filters/forma-vipyska_flakon-banka-flakon/strana-proizvoditel_tyrciya";"2023-05-02T21:45:28+03:00";""
"https://kirkland.in.ua/all-products/bioxcinru/filters/forma-vipyska_flakon-s-dozatorom/dlya-chego_lechenie-akne";"2023-05-02T21:45:28+03:00";""
"https://kirkland.in.ua/all-products/bioxcinru/filters/forma-vipyska_flakon-banka-flakon/kolichestvo_300-ml-60-tabletok-50-ml";"2023-05-02T21:45:28+03:00";""
"https://kirkland.in.ua/all-products/bioxcinru/filters/shampyn_shampyn/dlya-chego_ykreplenie-korneji-volos";"2023-05-02T21:45:28+03:00";""
"https://kirkland.in.ua/all-products/bioxcinru/filters/forma-vipyska_flakon-s-dozatorom/kolichestvo_500-ml";"2023-05-02T21:45:28+03:00";""
"https://kirkland.in.ua/all-products/bioxcinru/filters/forma-vipyska_shampyn/strana-proizvoditel_tyrciya";"2023-05-02T21:45:28+03:00";""
"https://kirkland.in.ua/all-products/bioxcinru/filters/forma-vipyska_flakon-s-dozatorom/strana-proizvoditel_tyrciya";"2023-05-02T21:45:28+03:00";""
"https://kirkland.in.ua/all-products/bioxcinru/filters/forma-vipyska_shampyn/kolichestvo_300-ml";"2023-05-02T21:45:28+03:00";""
"https://kirkland.in.ua/all-products/bioxcinru/filters/shampyn_shampyn/forma-vipyska_flakon";"2023-05-02T21:45:28+03:00";""
"https://kirkland.in.ua/all-products/bioxcinru/filters/shampyn_shampyn/kolichestvo_300-ml";"2023-05-02T21:45:28+03:00";""
"https://kirkland.in.ua/all-products/bioxcinru/filters/shampyn_shampyn/strana-proizvoditel_tyrciya";"2023-05-02T21:45:28+03:00";""
"https://kirkland.in.ua/all-products/vitaminy/filters/veschestvo_omega-3-lutein-vitamin-d3/kolichestvo_60-kapsyl";"2023-05-02T21:45:28+03:00";""
"https://kirkland.in.ua/all-products/vitaminy/filters/veschestvo_omega-3/strana-proizvoditel_norvegiya";"2023-05-02T21:45:28+03:00";""
"https://kirkland.in.ua/all-products/vitaminy/filters/veschestvo_vitamin-d3/kolichestvo_25-ml";"2023-05-02T21:45:28+03:00";""
"https://kirkland.in.ua/all-products/vitaminy/filters/veschestvo_rastitelniji-protein/strana-proizvoditel_oregons-wild-harvest-oregons-vajild-harvest-ssha";"2023-05-02T21:45:28+03:00";""
"https://kirkland.in.ua/all-products/vitaminy/filters/veschestvo_gialyronovaya-kislota-hondroitin-sylfata/forma-vipyska_sashe";"2023-05-02T21:45:28+03:00";""
"https://kirkland.in.ua/all-products/vitaminy/filters/veschestvo_omega-3/kolichestvo_250-ml";"2023-05-02T21:45:28+03:00";""
"https://kirkland.in.ua/all-products/vitaminy/filters/veschestvo_vitamin-d3/strana-proizvoditel_niderlandi";"2023-05-02T21:45:28+03:00";""
"https://kirkland.in.ua/all-products/vitaminy/filters/veschestvo_rastitelniji-protein/forma-vipyska_banka-920g";"2023-05-02T21:45:28+03:00";""
"https://kirkland.in.ua/all-products/vitaminy/filters/veschestvo_sambyk-cherniji/strana-proizvoditel_angliya";"2023-05-02T21:45:28+03:00";""
"https://kirkland.in.ua/all-products/vitaminy/filters/veschestvo_sambyk-cherniji/kolichestvo_180-tabletok";"2023-05-02T21:45:28+03:00";""
"https://kirkland.in.ua/all-products/vitaminy/filters/veschestvo_gialyronovaya-kislota-hondroitin-sylfata/strana-proizvoditel_italiya";"2023-05-02T21:45:28+03:00";""
"https://kirkland.in.ua/all-products/vitaminy/filters/veschestvo_selen/kolichestvo_100-tabletok";"2023-05-02T21:45:28+03:00";""
"https://kirkland.in.ua/all-products/vitaminy/filters/veschestvo_sambyk-cherniji/forma-vipyska_kapsyli";"2023-05-02T21:45:28+03:00";""
"https://kirkland.in.ua/all-products/vitaminy/filters/veschestvo_smola-gygyl/kolichestvo_60-kapsyl";"2023-05-02T21:45:28+03:00";""
"https://kirkland.in.ua/all-products/vitaminy/filters/veschestvo_tiotropiya-bromid/strana-proizvoditel_beringer-ingelhajim-farma-gmbh-i-ko-kg-germaniya";"2023-05-02T21:45:28+03:00";""
"https://kirkland.in.ua/all-products/vitaminy/filters/veschestvo_selen/strana-proizvoditel_niderlandi";"2023-05-02T21:45:28+03:00";""
"https://kirkland.in.ua/all-products/vitaminy/filters/veschestvo_tiotropiya-bromid/forma-vipyska_kapsyli-s-poroshkom-dlya-ingalyaciji-18-mkg-v-komplekte-s-ingalyatorom-handihaler";"2023-05-02T21:45:28+03:00";""
"https://kirkland.in.ua/all-products/vitaminy/filters/dlya-chego_-raboti-serdca-zreniya-immynnoji-sistemi/strana-proizvoditel_niderlandi";"2023-05-02T21:45:28+03:00";""
"https://kirkland.in.ua/all-products/vitaminy/filters/dlya-chego_balans-vitaminov-v-organizme/kolichestvo_60-tabletok";"2023-05-02T21:45:28+03:00";""
"https://kirkland.in.ua/all-products/vitaminy/filters/veschestvo_smola-gygyl/strana-proizvoditel_indiya";"2023-05-02T21:45:28+03:00";""
"https://kirkland.in.ua/all-products/vitaminy/filters/dlya-chego_-raboti-serdca-zreniya-immynnoji-sistemi/kolichestvo_300-kapsyl";"2023-05-02T21:45:28+03:00";""
"https://kirkland.in.ua/all-products/vitaminy/filters/dlya-chego_balans-vitaminov-v-organizme/forma-vipyska_banka";"2023-05-02T21:45:28+03:00";""
"https://kirkland.in.ua/all-products/vitaminy/filters/dlya-chego_balans-vitaminov-v-organizme/strana-proizvoditel_velikobritaniya";"2023-05-02T21:45:28+03:00";""
"https://kirkland.in.ua/all-products/vitaminy/filters/dlya-chego_dlya-myjskogo-zdorovya/strana-proizvoditel_niderlandi";"2023-05-02T21:45:28+03:00";""
"https://kirkland.in.ua/all-products/vitaminy/filters/dlya-chego_dlya-bezopasnogo-pohydeniya/strana-proizvoditel_velikobritaniya";"2023-05-02T21:45:28+03:00";""
"https://kirkland.in.ua/all-products/vitaminy/filters/dlya-chego_dlya-bezopasnogo-pohydeniya/kolichestvo_120-tabletok";"2023-05-02T21:45:28+03:00";""
"https://kirkland.in.ua/all-products/vitaminy/filters/dlya-chego_dlya-imynnoji-sistemi-i-zdorovih-kosteji/forma-vipyska_jevatelnie-konfeti";"2023-05-02T21:45:28+03:00";""
"https://kirkland.in.ua/all-products/vitaminy/filters/dlya-chego_dlya-imynnoji-sistemi-i-zdorovih-kosteji/kolichestvo_160";"2023-05-02T21:45:28+03:00";""
"https://kirkland.in.ua/all-products/vitaminy/filters/dlya-chego_dlya-myjskogo-zdorovya/kolichestvo_30-kapsyl";"2023-05-02T21:45:28+03:00";""
"https://kirkland.in.ua/all-products/vitaminy/filters/dlya-chego_dlya-pecheni/kolichestvo_60-kapsyl";"2023-05-02T21:45:28+03:00";""
"https://kirkland.in.ua/all-products/vitaminy/filters/dlya-chego_dlya-podderjaniya-imynnoji-sistemi/forma-vipyska_jelatinovie-kapsyli";"2023-05-02T21:45:28+03:00";""
"https://kirkland.in.ua/all-products/vitaminy/filters/dlya-chego_dlya-podderjaniya-energeticheskogo-obmena/kolichestvo_500";"2023-05-02T21:45:28+03:00";""
"https://kirkland.in.ua/all-products/vitaminy/filters/dlya-chego_dlya-podderjaniya-immynnoji-fynkcii/strana-proizvoditel_ssha";"2023-05-02T21:45:28+03:00";""
"https://kirkland.in.ua/all-products/vitaminy/filters/dlya-chego_dlya-pecheni/strana-proizvoditel_niderlandi";"2023-05-02T21:45:28+03:00";""
"https://kirkland.in.ua/all-products/vitaminy/filters/dlya-chego_dlya-podderjaniya-immynnoji-fynkcii/kolichestvo_500-tabletok";"2023-05-02T21:45:28+03:00";""
"https://kirkland.in.ua/all-products/vitaminy/filters/dlya-chego_dlya-podderjki-zdorovogo-rosta-i-razvitiya-deteji/kolichestvo_320";"2023-05-02T21:45:28+03:00";""
"https://kirkland.in.ua/all-products/vitaminy/filters/dlya-chego_dlya-podderjaniya-imynnoji-sistemi/kolichestvo_600";"2023-05-02T21:45:28+03:00";""
"https://kirkland.in.ua/all-products/vitaminy/filters/dlya-chego_dlya-podderjki-zdorovogo-rosta-i-razvitiya-deteji/strana-proizvoditel_ssha";"2023-05-02T21:45:28+03:00";""
"https://kirkland.in.ua/all-products/vitaminy/filters/dlya-chego_dlya-podderjaniya-energeticheskogo-obmena/forma-vipyska_tabletki";"2023-05-02T21:45:28+03:00";""
"https://kirkland.in.ua/all-products/vitaminy/filters/dlya-chego_dlya-podderjaniya-energeticheskogo-obmena/strana-proizvoditel_ssha";"2023-05-02T21:45:28+03:00";""
"https://kirkland.in.ua/all-products/vitaminy/filters/dlya-chego_dlya-podderjaniya-imynnoji-sistemi/strana-proizvoditel_ssha";"2023-05-02T21:45:28+03:00";""
"https://kirkland.in.ua/all-products/vitaminy/filters/dlya-chego_dlya-podderjki-zdorovogo-rosta-i-razvitiya-deteji/forma-vipyska_jevatelnie-konfeti";"2023-05-02T21:45:28+03:00";""
"https://kirkland.in.ua/all-products/vitaminy/filters/dlya-chego_dlya-podderjki-zdorovya-systavov-hryaschevoji-i-soedinitelnoji-tkani/kolichestvo_220";"2023-05-02T21:45:28+03:00";""
"https://kirkland.in.ua/all-products/vitaminy/filters/dlya-chego_dlya-podderjki-organizma-vo-vremya-stareniya/strana-proizvoditel_ssha";"2023-05-02T21:45:28+03:00";""
"https://kirkland.in.ua/all-products/vitaminy/filters/dlya-chego_dlya-podderjki-zdorovya-systavov-hryaschevoji-i-soedinitelnoji-tkani/strana-proizvoditel_ssha";"2023-05-02T21:45:28+03:00";""
"https://kirkland.in.ua/all-products/vitaminy/filters/dlya-chego_dlya-podderjki-kosteji-mishc-i-immyniteta/strana-proizvoditel_ssha";"2023-05-02T21:45:28+03:00";""
"https://kirkland.in.ua/all-products/vitaminy/filters/dlya-chego_dlya-podderjki-kosteji-mishc-i-immyniteta/forma-vipyska_tabletki";"2023-05-02T21:45:28+03:00";""
"https://kirkland.in.ua/all-products/vitaminy/filters/dlya-chego_dlya-podderjki-krepkih-kosteji/kolichestvo_500";"2023-05-02T21:45:28+03:00";""
"https://kirkland.in.ua/all-products/vitaminy/filters/dlya-chego_dlya-podderjki-kosteji-mishc-i-immyniteta/kolichestvo_500";"2023-05-02T21:45:28+03:00";""
"https://kirkland.in.ua/all-products/vitaminy/filters/dlya-chego_dlya-podderjki-zdorovya-systavov-hryaschevoji-i-soedinitelnoji-tkani/forma-vipyska_tabletki";"2023-05-02T21:45:28+03:00";""
"https://kirkland.in.ua/all-products/vitaminy/filters/dlya-chego_dlya-podderjki-organizma-vo-vremya-stareniya/kolichestvo_100";"2023-05-02T21:45:28+03:00";""
"https://kirkland.in.ua/all-products/vitaminy/filters/dlya-chego_dlya-podderjki-organizma-vo-vremya-stareniya/forma-vipyska_tabletki";"2023-05-02T21:45:28+03:00";""
"https://kirkland.in.ua/all-products/vitaminy/filters/dlya-chego_dlya-profilaktiki-serdechno-sosydistih-zabolevaniji/kolichestvo_230";"2023-05-02T21:45:28+03:00";""
"https://kirkland.in.ua/all-products/vitaminy/filters/dlya-chego_dlya-podderjki-krepkih-kosteji/strana-proizvoditel_ssha";"2023-05-02T21:45:28+03:00";""
"https://kirkland.in.ua/all-products/vitaminy/filters/dlya-chego_dlya-serdechno-sosydistoji-sistemi/kolichestvo_400";"2023-05-02T21:45:28+03:00";""
"https://kirkland.in.ua/all-products/vitaminy/filters/dlya-chego_zdorove-detskogo-organizma/kolichestvo_60-shtyk";"2023-05-02T21:45:28+03:00";""
"https://kirkland.in.ua/all-products/vitaminy/filters/dlya-chego_dlya-sozdaniya-silnogo-i-zdorovogo-tela/strana-proizvoditel_ssha";"2023-05-02T21:45:28+03:00";""
"https://kirkland.in.ua/all-products/vitaminy/filters/dlya-chego_dlya-profilaktiki-serdechno-sosydistih-zabolevaniji/strana-proizvoditel_ssha";"2023-05-02T21:45:28+03:00";""
"https://kirkland.in.ua/all-products/vitaminy/filters/dlya-chego_zdorove-i-ykreplenie-imynnoji-sistemi/kolichestvo_90-tabletok";"2023-05-02T21:45:28+03:00";""
"https://kirkland.in.ua/all-products/vitaminy/filters/dlya-chego_dlya-sozdaniya-silnogo-i-zdorovogo-tela/kolichestvo_500";"2023-05-02T21:45:28+03:00";""
"https://kirkland.in.ua/all-products/vitaminy/filters/dlya-chego_zdorove-detskogo-organizma/strana-proizvoditel_ssha";"2023-05-02T21:45:28+03:00";""
"https://kirkland.in.ua/all-products/vitaminy/filters/dlya-chego_zdorove-koji-i-kosteji/forma-vipyska_banka";"2023-05-02T21:45:28+03:00";""
"https://kirkland.in.ua/all-products/vitaminy/filters/dlya-chego_zdorove-koji-i-volos/kolichestvo_100-tabletok";"2023-05-02T21:45:28+03:00";""
"https://kirkland.in.ua/all-products/vitaminy/filters/dlya-chego_zdorove-koji-i-volos/strana-proizvoditel_velikobritaniya";"2023-05-02T21:45:28+03:00";""
"https://kirkland.in.ua/all-products/vitaminy/filters/dlya-chego_dlya-serdechno-sosydistoji-sistemi/forma-vipyska_gelevie-kapsyli";"2023-05-02T21:45:28+03:00";""
"https://kirkland.in.ua/all-products/vitaminy/filters/dlya-chego_zdorove-i-ykreplenie-imynnoji-sistemi/strana-proizvoditel_niderlandi";"2023-05-02T21:45:28+03:00";""
"https://kirkland.in.ua/all-products/vitaminy/filters/dlya-chego_zdorove-koji-i-kosteji/kolichestvo_90-tabletok";"2023-05-02T21:45:28+03:00";""
"https://kirkland.in.ua/all-products/vitaminy/filters/dlya-chego_zdorove-koji-i-kosteji/strana-proizvoditel_velikobritaniya";"2023-05-02T21:45:28+03:00";""
"https://kirkland.in.ua/all-products/vitaminy/filters/dlya-chego_zdorove-koji-i-volos/forma-vipyska_banka";"2023-05-02T21:45:28+03:00";""
"https://kirkland.in.ua/all-products/vitaminy/filters/dlya-chego_zdorove-i-ykreplenie-imynnoji-sistemi/forma-vipyska_flakon";"2023-05-02T21:45:28+03:00";""
"https://kirkland.in.ua/all-products/vitaminy/filters/dlya-chego_zdorove-kosteji-i-kostnoji-tkani/strana-proizvoditel_velikobritaniya";"2023-05-02T21:45:28+03:00";""
"https://kirkland.in.ua/all-products/vitaminy/filters/dlya-chego_zdorove-koji-volos-i-nogteji/kolichestvo_30-tabletok";"2023-05-02T21:45:28+03:00";""
"https://kirkland.in.ua/all-products/vitaminy/filters/dlya-chego_zdorove-koji-volos-i-nogteji/forma-vipyska_banka";"2023-05-02T21:45:28+03:00";""
"https://kirkland.in.ua/all-products/vitaminy/filters/dlya-chego_zdorove-pecheni/kolichestvo_60-kapsyl";"2023-05-02T21:45:28+03:00";""
"https://kirkland.in.ua/all-products/vitaminy/filters/dlya-chego_zdorove-kosteji-i-kostnoji-tkani/forma-vipyska_flakon";"2023-05-02T21:45:28+03:00";""
"https://kirkland.in.ua/all-products/vitaminy/filters/dlya-chego_zdorove-kosteji-i-kostnoji-tkani/kolichestvo_250-tabletok";"2023-05-02T21:45:28+03:00";""
"https://kirkland.in.ua/all-products/vitaminy/filters/dlya-chego_zdorove-pecheni/strana-proizvoditel_niderlandi";"2023-05-02T21:45:28+03:00";""
"https://kirkland.in.ua/all-products/vitaminy/filters/dlya-chego_zdorove-koji-volos-i-nogteji/strana-proizvoditel_velikobritaniya";"2023-05-02T21:45:28+03:00";""
"https://kirkland.in.ua/all-products/vitaminy/filters/dlya-chego_zdorove-pecheni/forma-vipyska_flakon";"2023-05-02T21:45:28+03:00";""
"https://kirkland.in.ua/all-products/vitaminy/filters/dlya-chego_zdorove-balans-veschestv-v-organizme/forma-vipyska_flakon";"2023-05-02T21:45:28+03:00";""
"https://kirkland.in.ua/all-products/vitaminy/filters/dlya-chego_zdorove-balans-veschestv-v-organizme/strana-proizvoditel_niderlandi";"2023-05-02T21:45:28+03:00";""
"https://kirkland.in.ua/all-products/vitaminy/filters/dlya-chego_zdorove-serdca-i-systavov/strana-proizvoditel_velikobritaniya";"2023-05-02T21:45:28+03:00";""
"https://kirkland.in.ua/all-products/vitaminy/filters/dlya-chego_zdorove-rastyschego-organizma/strana-proizvoditel_velikobritaniya";"2023-05-02T21:45:28+03:00";""
"https://kirkland.in.ua/all-products/vitaminy/filters/dlya-chego_zdorove-serdca-i-systavov/forma-vipyska_banka";"2023-05-02T21:45:28+03:00";""
"https://kirkland.in.ua/all-products/vitaminy/filters/dlya-chego_zdorove-rastyschego-organizma/kolichestvo_90-tabletok";"2023-05-02T21:45:28+03:00";""
"https://kirkland.in.ua/all-products/vitaminy/filters/dlya-chego_podvijnost-kosteji-i-systavov/strana-proizvoditel_velikobritaniya";"2023-05-02T21:45:28+03:00";""
"https://kirkland.in.ua/all-products/vitaminy/filters/dlya-chego_podderjanie-zdorovya-vo-vremya-beremennosti/strana-proizvoditel_velikobritaniya";"2023-05-02T21:45:28+03:00";""
"https://kirkland.in.ua/all-products/vitaminy/filters/dlya-chego_podvijnost-kosteji-i-systavov/kolichestvo_90-tabletok";"2023-05-02T21:45:28+03:00";""
"https://kirkland.in.ua/all-products/vitaminy/filters/dlya-chego_podderjivaet-zdorove-dihatelnih-pyteji/kolichestvo_100-kapsyl";"2023-05-02T21:45:28+03:00";""
"https://kirkland.in.ua/all-products/vitaminy/filters/dlya-chego_podderjanie-zdorovya-i-normalnoji-raboti-organizma/forma-vipyska_banka";"2023-05-02T21:45:28+03:00";""
"https://kirkland.in.ua/all-products/vitaminy/filters/dlya-chego_podderjanie-zdorovya-vo-vremya-beremennosti/forma-vipyska_banka";"2023-05-02T21:45:28+03:00";""
"https://kirkland.in.ua/all-products/vitaminy/filters/dlya-chego_podderjivaet-zdorove-dihatelnih-pyteji/strana-proizvoditel_velikobritaniya";"2023-05-02T21:45:28+03:00";""
"https://kirkland.in.ua/all-products/vitaminy/filters/dlya-chego_podderjanie-zdorovya-i-normalnoji-raboti-organizma/strana-proizvoditel_velikobritaniya";"2023-05-02T21:45:28+03:00";""
"https://kirkland.in.ua/all-products/vitaminy/filters/dlya-chego_podderjanie-zdorovya-i-normalnoji-raboti-organizma/kolichestvo_120-tabletok";"2023-05-02T21:45:28+03:00";""
"https://kirkland.in.ua/all-products/vitaminy/filters/dlya-chego_podderjivaet-zdorove-dihatelnih-pyteji/forma-vipyska_banka";"2023-05-02T21:45:28+03:00";""
"https://kirkland.in.ua/all-products/vitaminy/filters/dlya-chego_pomogaet-nejitralizovat-svobodnie-radikali-v-organizme-i-podderjivat-immynnyu-sistemy/strana-proizvoditel_ssha";"2023-05-02T21:45:28+03:00";""
"https://kirkland.in.ua/all-products/vitaminy/filters/dlya-chego_pomogaet-nejitralizovat-svobodnie-radikali-v-organizme-i-podderjivat-immynnyu-sistemy/kolichestvo_500";"2023-05-02T21:45:28+03:00";""
"https://kirkland.in.ua/all-products/vitaminy/filters/dlya-chego_pomogaet-nejitralizovat-svobodnie-radikali-v-organizme-i-podderjivat-immynnyu-sistemy/forma-vipyska_kapsyli";"2023-05-02T21:45:28+03:00";""
"https://kirkland.in.ua/all-products/vitaminy/filters/dlya-chego_prednaznachen-dlya-podderjki-zdorovya-ludeji-starshe-50-let/strana-proizvoditel_ssha";"2023-05-02T21:45:28+03:00";""
"https://kirkland.in.ua/all-products/vitaminy/filters/dlya-chego_prednaznachen-dlya-podderjki-zdorovya-ludeji-starshe-50-let/forma-vipyska_tabletki";"2023-05-02T21:45:28+03:00";""
"https://kirkland.in.ua/all-products/vitaminy/filters/dlya-chego_sposobstvyet-vosstanovleniu-povrejdennoji-hryaschevoji-tkani/kolichestvo_375";"2023-05-02T21:45:28+03:00";""
"https://kirkland.in.ua/all-products/vitaminy/filters/dlya-chego_sposobstvyet-vosstanovleniu-povrejdennoji-hryaschevoji-tkani/strana-proizvoditel_ssha";"2023-05-02T21:45:28+03:00";""
"https://kirkland.in.ua/all-products/vitaminy/filters/dlya-chego_ykreplenie-kosteji-zdorove-zybov/strana-proizvoditel_velikobritaniya";"2023-05-02T21:45:28+03:00";""
"https://kirkland.in.ua/all-products/vitaminy/filters/dlya-chego_ykreplenie-kosteji-zdorove-zybov/kolichestvo_100-tabletok";"2023-05-02T21:45:28+03:00";""
"https://kirkland.in.ua/all-products/vitaminy/filters/dlya-chego_ykreplenie-kosteji-zdorove-zybov/forma-vipyska_flakon";"2023-05-02T21:45:28+03:00";""
"https://kirkland.in.ua/all-products/vitaminy/filters/dlya-chego_ylychshenie-pischevareniya/strana-proizvoditel_velikobritaniya";"2023-05-02T21:45:28+03:00";""
"https://kirkland.in.ua/all-products/vitaminy/filters/dlya-chego_ylychshenie-pischevareniya/kolichestvo_400-mg";"2023-05-02T21:45:28+03:00";""
"https://kirkland.in.ua/all-products/vitaminy/filters/dlya-chego_ylychshenie-pamyati-i-kognitivnih-fynkciji/strana-proizvoditel_germaniya";"2023-05-02T21:45:28+03:00";""
"https://kirkland.in.ua/all-products/vitaminy/filters/dlya-chego_ylychshenie-pamyati-i-kognitivnih-fynkciji/forma-vipyska_flakon";"2023-05-02T21:45:28+03:00";""
"https://kirkland.in.ua/all-products/vitaminy/filters/dlya-chego_ylychshenie-pamyati-i-kognitivnih-fynkciji/kolichestvo_10-ml";"2023-05-02T21:45:28+03:00";""
"https://kirkland.in.ua/all-products/vitaminy/filters/dlya-chego_ylychshenie-pischevareniya/forma-vipyska_flakon";"2023-05-02T21:45:28+03:00";""
"https://kirkland.in.ua/all-products/vitaminy/filters/kolichestvo_30-sht/strana-proizvoditel_niderlandi";"2023-05-02T21:45:28+03:00";""
"https://kirkland.in.ua/all-products/vitaminy/filters/kolichestvo_10-ml/strana-proizvoditel_germaniya";"2023-05-02T21:45:28+03:00";""
"https://kirkland.in.ua/all-products/vitaminy/filters/dlya-chego_ylychshenie-spermatogeneza/kolichestvo_60-tabletok";"2023-05-02T21:45:28+03:00";""
"https://kirkland.in.ua/all-products/vitaminy/filters/dlya-chego_ylychshenie-spermatogeneza/strana-proizvoditel_indiya";"2023-05-02T21:45:28+03:00";""
"https://kirkland.in.ua/all-products/vitaminy/filters/dlya-chego_ylychshenie-spermatogeneza/forma-vipyska_banka";"2023-05-02T21:45:28+03:00";""
"https://kirkland.in.ua/all-products/vitaminy/filters/kolichestvo_10-ml/forma-vipyska_flakon";"2023-05-02T21:45:28+03:00";""
"https://kirkland.in.ua/all-products/vitaminy/filters/kolichestvo_30-sht/forma-vipyska_jelejinie-konfeti";"2023-05-02T21:45:28+03:00";""
"https://kirkland.in.ua/all-products/vitaminy/filters/kolichestvo_30-kapsyl/dlya-chego_dlya-myjskogo-zdorovya";"2023-05-02T21:45:28+03:00";""
"https://kirkland.in.ua/all-products/vitaminy/filters/kolichestvo_30-kapsyl/strana-proizvoditel_niderlandi";"2023-05-02T21:45:28+03:00";""
"https://kirkland.in.ua/all-products/vitaminy/filters/kolichestvo_30-tabletok/dlya-chego_zdorove-koji-volos-i-nogteji";"2023-05-02T21:45:28+03:00";""
"https://kirkland.in.ua/all-products/vitaminy/filters/kolichestvo_60-shtyk/forma-vipyska_banka";"2023-05-02T21:45:28+03:00";""
"https://kirkland.in.ua/all-products/vitaminy/filters/kolichestvo_30-tabletok/forma-vipyska_banka";"2023-05-02T21:45:28+03:00";""
"https://kirkland.in.ua/all-products/vitaminy/filters/kolichestvo_30-tabletok/strana-proizvoditel_velikobritaniya";"2023-05-02T21:45:28+03:00";""
"https://kirkland.in.ua/all-products/vitaminy/filters/kolichestvo_60-shtyk/strana-proizvoditel_ssha";"2023-05-02T21:45:28+03:00";""
"https://kirkland.in.ua/all-products/vitaminy/filters/kolichestvo_60-shtyk/dlya-chego_zdorove-detskogo-organizma";"2023-05-02T21:45:28+03:00";""
"https://kirkland.in.ua/all-products/vitaminy/filters/kolichestvo_60-kapsyl/dlya-chego_dlya-pecheni";"2023-05-02T21:45:28+03:00";""
"https://kirkland.in.ua/all-products/vitaminy/filters/kolichestvo_60-kapsyl/veschestvo_omega-3-lutein-vitamin-d3";"2023-05-02T21:45:28+03:00";""
"https://kirkland.in.ua/all-products/vitaminy/filters/kolichestvo_60-kapsyl/forma-vipyska_kapsyli";"2023-05-02T21:45:28+03:00";""
"https://kirkland.in.ua/all-products/vitaminy/filters/kolichestvo_60-kapsyl/strana-proizvoditel_niderlandi";"2023-05-02T21:45:28+03:00";""
"https://kirkland.in.ua/all-products/vitaminy/filters/kolichestvo_60-kapsyl/strana-proizvoditel_indiya";"2023-05-02T21:45:28+03:00";""
"https://kirkland.in.ua/all-products/vitaminy/filters/kolichestvo_60-kapsyl/veschestvo_smola-gygyl";"2023-05-02T21:45:28+03:00";""
"https://kirkland.in.ua/all-products/vitaminy/filters/kolichestvo_60-tabletok/dlya-chego_ylychshenie-spermatogeneza";"2023-05-02T21:45:28+03:00";""
"https://kirkland.in.ua/all-products/vitaminy/filters/kolichestvo_60-kapsyl/forma-vipyska_flakon";"2023-05-02T21:45:28+03:00";""
"https://kirkland.in.ua/all-products/vitaminy/filters/kolichestvo_60-tabletok/strana-proizvoditel_velikobritaniya";"2023-05-02T21:45:28+03:00";""
"https://kirkland.in.ua/all-products/vitaminy/filters/kolichestvo_90-tabletok/dlya-chego_podvijnost-kosteji-i-systavov";"2023-05-02T21:45:28+03:00";""
"https://kirkland.in.ua/all-products/vitaminy/filters/kolichestvo_80-sht/strana-proizvoditel_chehiya";"2023-05-02T21:45:28+03:00";""
"https://kirkland.in.ua/all-products/vitaminy/filters/kolichestvo_60-tabletok/forma-vipyska_banka";"2023-05-02T21:45:28+03:00";""
"https://kirkland.in.ua/all-products/vitaminy/filters/kolichestvo_90-tabletok/dlya-chego_zdorove-i-ykreplenie-imynnoji-sistemi";"2023-05-02T21:45:28+03:00";""
"https://kirkland.in.ua/all-products/vitaminy/filters/kolichestvo_60-tabletok/strana-proizvoditel_indiya";"2023-05-02T21:45:28+03:00";""
"https://kirkland.in.ua/all-products/vitaminy/filters/kolichestvo_60-kapsyl/strana-proizvoditel_norvegiya";"2023-05-02T21:45:28+03:00";""
"https://kirkland.in.ua/all-products/vitaminy/filters/kolichestvo_90-kapsyl/strana-proizvoditel_niderlandi";"2023-05-02T21:45:28+03:00";""
"https://kirkland.in.ua/all-products/vitaminy/filters/kolichestvo_90-tabletok/dlya-chego_zdorove-koji-i-kosteji";"2023-05-02T21:45:28+03:00";""
"https://kirkland.in.ua/all-products/vitaminy/filters/kolichestvo_90-tabletok/dlya-chego_zdorove-rastyschego-organizma";"2023-05-02T21:45:28+03:00";""
"https://kirkland.in.ua/all-products/vitaminy/filters/kolichestvo_100/dlya-chego_dlya-podderjki-organizma-vo-vremya-stareniya";"2023-05-02T21:45:28+03:00";""
"https://kirkland.in.ua/all-products/vitaminy/filters/kolichestvo_100-kapsyl/strana-proizvoditel_velikobritaniya";"2023-05-02T21:45:28+03:00";""
"https://kirkland.in.ua/all-products/vitaminy/filters/kolichestvo_100/strana-proizvoditel_ssha";"2023-05-02T21:45:28+03:00";""
"https://kirkland.in.ua/all-products/vitaminy/filters/kolichestvo_100-kapsyl/dlya-chego_podderjivaet-zdorove-dihatelnih-pyteji";"2023-05-02T21:45:28+03:00";""
"https://kirkland.in.ua/all-products/vitaminy/filters/kolichestvo_90-tabletok/strana-proizvoditel_velikobritaniya";"2023-05-02T21:45:28+03:00";""
"https://kirkland.in.ua/all-products/vitaminy/filters/kolichestvo_90-tabletok/forma-vipyska_banka";"2023-05-02T21:45:28+03:00";""
"https://kirkland.in.ua/all-products/vitaminy/filters/kolichestvo_100-kapsyl/strana-proizvoditel_niderlandi";"2023-05-02T21:45:28+03:00";""
"https://kirkland.in.ua/all-products/vitaminy/filters/kolichestvo_100-sht/strana-proizvoditel_niderlandi";"2023-05-02T21:45:28+03:00";""
"https://kirkland.in.ua/all-products/vitaminy/filters/kolichestvo_90-tabletok/forma-vipyska_flakon";"2023-05-02T21:45:28+03:00";""
"https://kirkland.in.ua/all-products/vitaminy/filters/kolichestvo_100-kapsyl/forma-vipyska_banka";"2023-05-02T21:45:28+03:00";""
"https://kirkland.in.ua/all-products/vitaminy/filters/kolichestvo_90-tabletok/strana-proizvoditel_niderlandi";"2023-05-02T21:45:28+03:00";""
"https://kirkland.in.ua/all-products/vitaminy/filters/kolichestvo_100-tabletok/strana-proizvoditel_velikobritaniya";"2023-05-02T21:45:28+03:00";""
"https://kirkland.in.ua/all-products/vitaminy/filters/kolichestvo_100-tabletok/strana-proizvoditel_niderlandi";"2023-05-02T21:45:28+03:00";""
"https://kirkland.in.ua/all-products/vitaminy/filters/kolichestvo_120sht/strana-proizvoditel_niderlandi";"2023-05-02T21:45:28+03:00";""
"https://kirkland.in.ua/all-products/vitaminy/filters/kolichestvo_100-tabletok/dlya-chego_ykreplenie-kosteji-zdorove-zybov";"2023-05-02T21:45:28+03:00";""
"https://kirkland.in.ua/all-products/vitaminy/filters/kolichestvo_100-tabletok/forma-vipyska_flakon";"2023-05-02T21:45:28+03:00";""
"https://kirkland.in.ua/all-products/vitaminy/filters/kolichestvo_120sht/strana-proizvoditel_ssha";"2023-05-02T21:45:28+03:00";""
"https://kirkland.in.ua/all-products/vitaminy/filters/kolichestvo_120-kapsyl/forma-vipyska_kapsyli";"2023-05-02T21:45:28+03:00";""
"https://kirkland.in.ua/all-products/vitaminy/filters/kolichestvo_112-kapsyl/strana-proizvoditel_norvegiya";"2023-05-02T21:45:28+03:00";""
"https://kirkland.in.ua/all-products/vitaminy/filters/kolichestvo_120-kapsyl/strana-proizvoditel_niderlandi";"2023-05-02T21:45:28+03:00";""
"https://kirkland.in.ua/all-products/vitaminy/filters/kolichestvo_120sht/forma-vipyska_kapsyli";"2023-05-02T21:45:28+03:00";""
"https://kirkland.in.ua/all-products/vitaminy/filters/kolichestvo_120-tabletok/dlya-chego_podderjanie-zdorovya-i-normalnoji-raboti-organizma";"2023-05-02T21:45:28+03:00";""
"https://kirkland.in.ua/all-products/vitaminy/filters/kolichestvo_150-kapsyl/dlya-chego_zdorove-balans-veschestv-v-organizme";"2023-05-02T21:45:28+03:00";""
"https://kirkland.in.ua/all-products/vitaminy/filters/kolichestvo_120-tabletok/strana-proizvoditel_velikobritaniya";"2023-05-02T21:45:28+03:00";""
"https://kirkland.in.ua/all-products/vitaminy/filters/kolichestvo_150-kapsyl/strana-proizvoditel_niderlandi";"2023-05-02T21:45:28+03:00";""
"https://kirkland.in.ua/all-products/vitaminy/filters/kolichestvo_160/strana-proizvoditel_ssha";"2023-05-02T21:45:28+03:00";""
"https://kirkland.in.ua/all-products/vitaminy/filters/kolichestvo_160/forma-vipyska_jevatelnie-konfeti";"2023-05-02T21:45:28+03:00";""
"https://kirkland.in.ua/all-products/vitaminy/filters/kolichestvo_180-tabletok/strana-proizvoditel_angliya";"2023-05-02T21:45:28+03:00";""
"https://kirkland.in.ua/all-products/vitaminy/filters/kolichestvo_180-tabletok/forma-vipyska_kapsyli";"2023-05-02T21:45:28+03:00";""
"https://kirkland.in.ua/all-products/vitaminy/filters/kolichestvo_220/dlya-chego_dlya-podderjki-zdorovya-systavov-hryaschevoji-i-soedinitelnoji-tkani";"2023-05-02T21:45:28+03:00";""
"https://kirkland.in.ua/all-products/vitaminy/filters/kolichestvo_120-tabletok/forma-vipyska_banka";"2023-05-02T21:45:28+03:00";""
"https://kirkland.in.ua/all-products/vitaminy/filters/kolichestvo_180-tabletok/veschestvo_sambyk-cherniji";"2023-05-02T21:45:28+03:00";""
"https://kirkland.in.ua/all-products/vitaminy/filters/kolichestvo_230/strana-proizvoditel_ssha";"2023-05-02T21:45:28+03:00";""
"https://kirkland.in.ua/all-products/vitaminy/filters/kolichestvo_220/forma-vipyska_tabletki";"2023-05-02T21:45:28+03:00";""
"https://kirkland.in.ua/all-products/vitaminy/filters/kolichestvo_230/forma-vipyska_gelevie-kapsyli";"2023-05-02T21:45:28+03:00";""
"https://kirkland.in.ua/all-products/vitaminy/filters/kolichestvo_220/strana-proizvoditel_ssha";"2023-05-02T21:45:28+03:00";""
"https://kirkland.in.ua/all-products/vitaminy/filters/kolichestvo_250-mg/strana-proizvoditel_velikobritaniya";"2023-05-02T21:45:28+03:00";""
"https://kirkland.in.ua/all-products/vitaminy/filters/kolichestvo_250-mg/dlya-chego_zdorove-serdca-i-systavov";"2023-05-02T21:45:28+03:00";""
"https://kirkland.in.ua/all-products/vitaminy/filters/kolichestvo_230/dlya-chego_dlya-profilaktiki-serdechno-sosydistih-zabolevaniji";"2023-05-02T21:45:28+03:00";""
"https://kirkland.in.ua/all-products/vitaminy/filters/kolichestvo_250-ml/strana-proizvoditel_norvegiya";"2023-05-02T21:45:28+03:00";""
"https://kirkland.in.ua/all-products/vitaminy/filters/kolichestvo_250-tabletok/dlya-chego_podderjanie-zdorovya-vo-vremya-beremennosti";"2023-05-02T21:45:28+03:00";""
"https://kirkland.in.ua/all-products/vitaminy/filters/kolichestvo_250-ml/veschestvo_omega-3";"2023-05-02T21:45:28+03:00";""
"https://kirkland.in.ua/all-products/vitaminy/filters/kolichestvo_250-mg/forma-vipyska_banka";"2023-05-02T21:45:28+03:00";""
"https://kirkland.in.ua/all-products/vitaminy/filters/kolichestvo_250-tabletok/dlya-chego_zdorove-kosteji-i-kostnoji-tkani";"2023-05-02T21:45:28+03:00";""
"https://kirkland.in.ua/all-products/vitaminy/filters/kolichestvo_250-tabletok/forma-vipyska_banka";"2023-05-02T21:45:28+03:00";""
"https://kirkland.in.ua/all-products/vitaminy/filters/kolichestvo_250-tabletok/strana-proizvoditel_velikobritaniya";"2023-05-02T21:45:28+03:00";""
"https://kirkland.in.ua/all-products/vitaminy/filters/kolichestvo_300-kapsyl/strana-proizvoditel_niderlandi";"2023-05-02T21:45:28+03:00";""
"https://kirkland.in.ua/all-products/vitaminy/filters/kolichestvo_320/dlya-chego_dlya-podderjki-zdorovogo-rosta-i-razvitiya-deteji";"2023-05-02T21:45:28+03:00";""
"https://kirkland.in.ua/all-products/vitaminy/filters/kolichestvo_250-tabletok/forma-vipyska_flakon";"2023-05-02T21:45:28+03:00";""
"https://kirkland.in.ua/all-products/vitaminy/filters/kolichestvo_300-kapsyl/dlya-chego_-raboti-serdca-zreniya-immynnoji-sistemi";"2023-05-02T21:45:28+03:00";""
"https://kirkland.in.ua/all-products/vitaminy/filters/kolichestvo_375/strana-proizvoditel_ssha";"2023-05-02T21:45:28+03:00";""
"https://kirkland.in.ua/all-products/vitaminy/filters/kolichestvo_400/dlya-chego_dlya-serdechno-sosydistoji-sistemi";"2023-05-02T21:45:28+03:00";""
"https://kirkland.in.ua/all-products/vitaminy/filters/kolichestvo_320/strana-proizvoditel_ssha";"2023-05-02T21:45:28+03:00";""
"https://kirkland.in.ua/all-products/vitaminy/filters/kolichestvo_400/dlya-chego_prednaznachen-dlya-podderjki-zdorovya-ludeji-starshe-50-let";"2023-05-02T21:45:28+03:00";""
"https://kirkland.in.ua/all-products/vitaminy/filters/kolichestvo_320/forma-vipyska_jevatelnie-konfeti";"2023-05-02T21:45:28+03:00";""
"https://kirkland.in.ua/all-products/vitaminy/filters/kolichestvo_400/forma-vipyska_tabletki";"2023-05-02T21:45:28+03:00";""
"https://kirkland.in.ua/all-products/vitaminy/filters/kolichestvo_375/forma-vipyska_tabletki";"2023-05-02T21:45:28+03:00";""
"https://kirkland.in.ua/all-products/vitaminy/filters/kolichestvo_375/dlya-chego_sposobstvyet-vosstanovleniu-povrejdennoji-hryaschevoji-tkani";"2023-05-02T21:45:28+03:00";""
"https://kirkland.in.ua/all-products/vitaminy/filters/kolichestvo_500/dlya-chego_dlya-podderjaniya-energeticheskogo-obmena";"2023-05-02T21:45:28+03:00";""
"https://kirkland.in.ua/all-products/vitaminy/filters/kolichestvo_400-mg/forma-vipyska_flakon";"2023-05-02T21:45:28+03:00";""
"https://kirkland.in.ua/all-products/vitaminy/filters/kolichestvo_500/dlya-chego_dlya-podderjki-kosteji-mishc-i-immyniteta";"2023-05-02T21:45:28+03:00";""
"https://kirkland.in.ua/all-products/vitaminy/filters/kolichestvo_400/strana-proizvoditel_ssha";"2023-05-02T21:45:28+03:00";""
"https://kirkland.in.ua/all-products/vitaminy/filters/kolichestvo_400/forma-vipyska_gelevie-kapsyli";"2023-05-02T21:45:28+03:00";""
"https://kirkland.in.ua/all-products/vitaminy/filters/kolichestvo_500/dlya-chego_dlya-podderjki-krepkih-kosteji";"2023-05-02T21:45:28+03:00";""
"https://kirkland.in.ua/all-products/vitaminy/filters/kolichestvo_400-mg/dlya-chego_ylychshenie-pischevareniya";"2023-05-02T21:45:28+03:00";""
"https://kirkland.in.ua/all-products/vitaminy/filters/kolichestvo_500/dlya-chego_dlya-sozdaniya-silnogo-i-zdorovogo-tela";"2023-05-02T21:45:28+03:00";""
"https://kirkland.in.ua/all-products/vitaminy/filters/kolichestvo_500/strana-proizvoditel_ssha";"2023-05-02T21:45:28+03:00";""
"https://kirkland.in.ua/all-products/vitaminy/filters/kolichestvo_500/forma-vipyska_tabletki";"2023-05-02T21:45:28+03:00";""
"https://kirkland.in.ua/all-products/vitaminy/filters/kolichestvo_500/dlya-chego_pomogaet-nejitralizovat-svobodnie-radikali-v-organizme-i-podderjivat-immynnyu-sistemy";"2023-05-02T21:45:28+03:00";""
"https://kirkland.in.ua/all-products/vitaminy/filters/kolichestvo_500/forma-vipyska_kapsyli";"2023-05-02T21:45:28+03:00";""
"https://kirkland.in.ua/all-products/vitaminy/filters/kolichestvo_600/dlya-chego_dlya-podderjaniya-imynnoji-sistemi";"2023-05-02T21:45:28+03:00";""
"https://kirkland.in.ua/all-products/vitaminy/filters/strana-proizvoditel_oregons-wild-harvest-oregons-vajild-harvest-ssha/veschestvo_rastitelniji-protein";"2023-05-02T21:45:28+03:00";""
"https://kirkland.in.ua/all-products/vitaminy/filters/kolichestvo_500-tabletok/dlya-chego_dlya-podderjaniya-immynnoji-fynkcii";"2023-05-02T21:45:28+03:00";""
"https://kirkland.in.ua/all-products/vitaminy/filters/kolichestvo_600/forma-vipyska_jelatinovie-kapsyli";"2023-05-02T21:45:28+03:00";""
"https://kirkland.in.ua/all-products/vitaminy/filters/kolichestvo_500-tabletok/forma-vipyska_tabletki";"2023-05-02T21:45:28+03:00";""
"https://kirkland.in.ua/all-products/vitaminy/filters/kolichestvo_600/strana-proizvoditel_ssha";"2023-05-02T21:45:28+03:00";""
"https://kirkland.in.ua/all-products/vitaminy/filters/strana-proizvoditel_oregons-wild-harvest-oregons-vajild-harvest-ssha/forma-vipyska_banka-920g";"2023-05-02T21:45:28+03:00";""
"https://kirkland.in.ua/all-products/vitaminy/filters/strana-proizvoditel_beringer-ingelhajim-farma-gmbh-i-ko-kg-germaniya/veschestvo_tiotropiya-bromid";"2023-05-02T21:45:28+03:00";""
"https://kirkland.in.ua/all-products/vitaminy/filters/strana-proizvoditel_angliya/veschestvo_sambyk-cherniji";"2023-05-02T21:45:28+03:00";""
"https://kirkland.in.ua/all-products/vitaminy/filters/strana-proizvoditel_angliya/kolichestvo_180-tabletok";"2023-05-02T21:45:28+03:00";""
"https://kirkland.in.ua/all-products/vitaminy/filters/strana-proizvoditel_beringer-ingelhajim-farma-gmbh-i-ko-kg-germaniya/forma-vipyska_kapsyli-s-poroshkom-dlya-ingalyaciji-18-mkg-v-komplekte-s-ingalyatorom-handihaler";"2023-05-02T21:45:28+03:00";""
"https://kirkland.in.ua/all-products/vitaminy/filters/strana-proizvoditel_velikobritaniya/dlya-chego_zdorove-kosteji-i-kostnoji-tkani";"2023-05-02T21:45:28+03:00";""
"https://kirkland.in.ua/all-products/vitaminy/filters/strana-proizvoditel_velikobritaniya/dlya-chego_zdorove-koji-i-volos";"2023-05-02T21:45:28+03:00";""
"https://kirkland.in.ua/all-products/vitaminy/filters/strana-proizvoditel_angliya/forma-vipyska_kapsyli";"2023-05-02T21:45:28+03:00";""
"https://kirkland.in.ua/all-products/vitaminy/filters/strana-proizvoditel_velikobritaniya/dlya-chego_zdorove-serdca-i-systavov";"2023-05-02T21:45:28+03:00";""
"https://kirkland.in.ua/all-products/vitaminy/filters/strana-proizvoditel_velikobritaniya/dlya-chego_zdorove-koji-i-kosteji";"2023-05-02T21:45:28+03:00";""
"https://kirkland.in.ua/all-products/vitaminy/filters/strana-proizvoditel_velikobritaniya/dlya-chego_dlya-bezopasnogo-pohydeniya";"2023-05-02T21:45:28+03:00";""
"https://kirkland.in.ua/all-products/vitaminy/filters/strana-proizvoditel_velikobritaniya/dlya-chego_podderjanie-zdorovya-vo-vremya-beremennosti";"2023-05-02T21:45:28+03:00";""
"https://kirkland.in.ua/all-products/vitaminy/filters/strana-proizvoditel_velikobritaniya/dlya-chego_zdorove-rastyschego-organizma";"2023-05-02T21:45:28+03:00";""
"https://kirkland.in.ua/all-products/vitaminy/filters/strana-proizvoditel_velikobritaniya/dlya-chego_podvijnost-kosteji-i-systavov";"2023-05-02T21:45:28+03:00";""
"https://kirkland.in.ua/all-products/vitaminy/filters/strana-proizvoditel_velikobritaniya/dlya-chego_balans-vitaminov-v-organizme";"2023-05-02T21:45:28+03:00";""
"https://kirkland.in.ua/all-products/vitaminy/filters/strana-proizvoditel_velikobritaniya/dlya-chego_podderjanie-zdorovya-i-normalnoji-raboti-organizma";"2023-05-02T21:45:28+03:00";""
"https://kirkland.in.ua/all-products/vitaminy/filters/strana-proizvoditel_velikobritaniya/dlya-chego_podderjivaet-zdorove-dihatelnih-pyteji";"2023-05-02T21:45:28+03:00";""
"https://kirkland.in.ua/all-products/vitaminy/filters/strana-proizvoditel_velikobritaniya/kolichestvo_60-tabletok";"2023-05-02T21:45:28+03:00";""
"https://kirkland.in.ua/all-products/vitaminy/filters/strana-proizvoditel_velikobritaniya/kolichestvo_100-kapsyl";"2023-05-02T21:45:28+03:00";""
"https://kirkland.in.ua/all-products/vitaminy/filters/strana-proizvoditel_velikobritaniya/dlya-chego_ylychshenie-pischevareniya";"2023-05-02T21:45:28+03:00";""
"https://kirkland.in.ua/all-products/vitaminy/filters/strana-proizvoditel_velikobritaniya/kolichestvo_100-tabletok";"2023-05-02T21:45:28+03:00";""
"https://kirkland.in.ua/all-products/vitaminy/filters/strana-proizvoditel_velikobritaniya/kolichestvo_30-tabletok";"2023-05-02T21:45:28+03:00";""
"https://kirkland.in.ua/all-products/vitaminy/filters/strana-proizvoditel_velikobritaniya/dlya-chego_ykreplenie-kosteji-zdorove-zybov";"2023-05-02T21:45:28+03:00";""
"https://kirkland.in.ua/all-products/vitaminy/filters/strana-proizvoditel_velikobritaniya/kolichestvo_90-tabletok";"2023-05-02T21:45:28+03:00";""
"https://kirkland.in.ua/all-products/vitaminy/filters/strana-proizvoditel_velikobritaniya/kolichestvo_400-mg";"2023-05-02T21:45:28+03:00";""
"https://kirkland.in.ua/all-products/vitaminy/filters/strana-proizvoditel_velikobritaniya/kolichestvo_250-tabletok";"2023-05-02T21:45:28+03:00";""
"https://kirkland.in.ua/all-products/vitaminy/filters/strana-proizvoditel_velikobritaniya/forma-vipyska_banka";"2023-05-02T21:45:28+03:00";""
"https://kirkland.in.ua/all-products/vitaminy/filters/strana-proizvoditel_velikobritaniya/kolichestvo_250-mg";"2023-05-02T21:45:28+03:00";""
"https://kirkland.in.ua/all-products/vitaminy/filters/strana-proizvoditel_velikobritaniya/forma-vipyska_flakon";"2023-05-02T21:45:28+03:00";""
"https://kirkland.in.ua/all-products/vitaminy/filters/strana-proizvoditel_germaniya/kolichestvo_10-ml";"2023-05-02T21:45:28+03:00";""
"https://kirkland.in.ua/all-products/vitaminy/filters/strana-proizvoditel_germaniya/dlya-chego_ylychshenie-pamyati-i-kognitivnih-fynkciji";"2023-05-02T21:45:28+03:00";""
"https://kirkland.in.ua/all-products/vitaminy/filters/strana-proizvoditel_indiya/dlya-chego_ylychshenie-spermatogeneza";"2023-05-02T21:45:28+03:00";""
"https://kirkland.in.ua/all-products/vitaminy/filters/strana-proizvoditel_indiya/kolichestvo_60-kapsyl";"2023-05-02T21:45:28+03:00";""
"https://kirkland.in.ua/all-products/vitaminy/filters/strana-proizvoditel_indiya/veschestvo_smola-gygyl";"2023-05-02T21:45:28+03:00";""
"https://kirkland.in.ua/all-products/vitaminy/filters/strana-proizvoditel_indiya/forma-vipyska_banka";"2023-05-02T21:45:28+03:00";""
"https://kirkland.in.ua/all-products/vitaminy/filters/strana-proizvoditel_germaniya/forma-vipyska_flakon";"2023-05-02T21:45:28+03:00";""
"https://kirkland.in.ua/all-products/vitaminy/filters/strana-proizvoditel_italiya/veschestvo_gialyronovaya-kislota-hondroitin-sylfata";"2023-05-02T21:45:28+03:00";""
"https://kirkland.in.ua/all-products/vitaminy/filters/strana-proizvoditel_niderlandi/veschestvo_selen";"2023-05-02T21:45:28+03:00";""
"https://kirkland.in.ua/all-products/vitaminy/filters/strana-proizvoditel_niderlandi/veschestvo_vitamin-d3";"2023-05-02T21:45:28+03:00";""
"https://kirkland.in.ua/all-products/vitaminy/filters/strana-proizvoditel_indiya/kolichestvo_60-tabletok";"2023-05-02T21:45:28+03:00";""
"https://kirkland.in.ua/all-products/vitaminy/filters/strana-proizvoditel_niderlandi/dlya-chego_-raboti-serdca-zreniya-immynnoji-sistemi";"2023-05-02T21:45:28+03:00";""
"https://kirkland.in.ua/all-products/vitaminy/filters/strana-proizvoditel_niderlandi/kolichestvo_30-sht";"2023-05-02T21:45:28+03:00";""
"https://kirkland.in.ua/all-products/vitaminy/filters/strana-proizvoditel_niderlandi/kolichestvo_60-kapsyl";"2023-05-02T21:45:28+03:00";""
"https://kirkland.in.ua/all-products/vitaminy/filters/strana-proizvoditel_niderlandi/dlya-chego_zdorove-i-ykreplenie-imynnoji-sistemi";"2023-05-02T21:45:28+03:00";""
"https://kirkland.in.ua/all-products/vitaminy/filters/strana-proizvoditel_niderlandi/dlya-chego_dlya-myjskogo-zdorovya";"2023-05-02T21:45:28+03:00";""
"https://kirkland.in.ua/all-products/vitaminy/filters/strana-proizvoditel_niderlandi/dlya-chego_zdorove-balans-veschestv-v-organizme";"2023-05-02T21:45:28+03:00";""
"https://kirkland.in.ua/all-products/vitaminy/filters/strana-proizvoditel_niderlandi/kolichestvo_30-kapsyl";"2023-05-02T21:45:28+03:00";""
"https://kirkland.in.ua/all-products/vitaminy/filters/strana-proizvoditel_niderlandi/kolichestvo_100-sht";"2023-05-02T21:45:28+03:00";""
"https://kirkland.in.ua/all-products/vitaminy/filters/strana-proizvoditel_niderlandi/kolichestvo_25-ml";"2023-05-02T21:45:28+03:00";""
"https://kirkland.in.ua/all-products/vitaminy/filters/strana-proizvoditel_niderlandi/kolichestvo_120sht";"2023-05-02T21:45:28+03:00";""
"https://kirkland.in.ua/all-products/vitaminy/filters/strana-proizvoditel_niderlandi/kolichestvo_100-tabletok";"2023-05-02T21:45:28+03:00";""
"https://kirkland.in.ua/all-products/vitaminy/filters/strana-proizvoditel_niderlandi/kolichestvo_90-kapsyl";"2023-05-02T21:45:28+03:00";""
"https://kirkland.in.ua/all-products/vitaminy/filters/strana-proizvoditel_niderlandi/kolichestvo_120-kapsyl";"2023-05-02T21:45:28+03:00";""
"https://kirkland.in.ua/all-products/vitaminy/filters/strana-proizvoditel_niderlandi/kolichestvo_90-tabletok";"2023-05-02T21:45:28+03:00";""
"https://kirkland.in.ua/all-products/vitaminy/filters/strana-proizvoditel_niderlandi/kolichestvo_100-kapsyl";"2023-05-02T21:45:28+03:00";""
"https://kirkland.in.ua/all-products/vitaminy/filters/strana-proizvoditel_niderlandi/dlya-chego_dlya-pecheni";"2023-05-02T21:45:28+03:00";""
"https://kirkland.in.ua/all-products/vitaminy/filters/strana-proizvoditel_niderlandi/kolichestvo_150-kapsyl";"2023-05-02T21:45:28+03:00";""
"https://kirkland.in.ua/all-products/vitaminy/filters/strana-proizvoditel_niderlandi/forma-vipyska_kapsyli";"2023-05-02T21:45:28+03:00";""
"https://kirkland.in.ua/all-products/vitaminy/filters/strana-proizvoditel_norvegiya/veschestvo_omega-3";"2023-05-02T21:45:28+03:00";""
"https://kirkland.in.ua/all-products/vitaminy/filters/strana-proizvoditel_niderlandi/forma-vipyska_flakon";"2023-05-02T21:45:28+03:00";""
"https://kirkland.in.ua/all-products/vitaminy/filters/strana-proizvoditel_norvegiya/kolichestvo_36-jelejinih-konfet";"2023-05-02T21:45:28+03:00";""
"https://kirkland.in.ua/all-products/vitaminy/filters/strana-proizvoditel_niderlandi/kolichestvo_300-kapsyl";"2023-05-02T21:45:28+03:00";""
"https://kirkland.in.ua/all-products/vitaminy/filters/strana-proizvoditel_norvegiya/veschestvo_omega-3-lutein-vitamin-d3";"2023-05-02T21:45:28+03:00";""
"https://kirkland.in.ua/all-products/vitaminy/filters/strana-proizvoditel_norvegiya/kolichestvo_112-kapsyl";"2023-05-02T21:45:28+03:00";""
"https://kirkland.in.ua/all-products/vitaminy/filters/strana-proizvoditel_niderlandi/forma-vipyska_jelejinie-konfeti";"2023-05-02T21:45:28+03:00";""
"https://kirkland.in.ua/all-products/vitaminy/filters/strana-proizvoditel_norvegiya/kolichestvo_60-kapsyl";"2023-05-02T21:45:28+03:00";""
"https://kirkland.in.ua/all-products/vitaminy/filters/strana-proizvoditel_norvegiya/kolichestvo_250-ml";"2023-05-02T21:45:28+03:00";""
"https://kirkland.in.ua/all-products/vitaminy/filters/strana-proizvoditel_ssha/dlya-chego_dlya-serdechno-sosydistoji-sistemi";"2023-05-02T21:45:28+03:00";""
"https://kirkland.in.ua/all-products/vitaminy/filters/strana-proizvoditel_ssha/dlya-chego_dlya-podderjaniya-immynnoji-fynkcii";"2023-05-02T21:45:28+03:00";""
"https://kirkland.in.ua/all-products/vitaminy/filters/strana-proizvoditel_ssha/dlya-chego_dlya-podderjaniya-imynnoji-sistemi";"2023-05-02T21:45:28+03:00";""
"https://kirkland.in.ua/all-products/vitaminy/filters/strana-proizvoditel_ssha/dlya-chego_dlya-podderjki-kosteji-mishc-i-immyniteta";"2023-05-02T21:45:28+03:00";""
"https://kirkland.in.ua/all-products/vitaminy/filters/strana-proizvoditel_ssha/dlya-chego_dlya-podderjki-zdorovogo-rosta-i-razvitiya-deteji";"2023-05-02T21:45:28+03:00";""
"https://kirkland.in.ua/all-products/vitaminy/filters/strana-proizvoditel_ssha/dlya-chego_dlya-podderjaniya-energeticheskogo-obmena";"2023-05-02T21:45:28+03:00";""
"https://kirkland.in.ua/all-products/vitaminy/filters/strana-proizvoditel_ssha/dlya-chego_dlya-podderjki-organizma-vo-vremya-stareniya";"2023-05-02T21:45:28+03:00";""
"https://kirkland.in.ua/all-products/vitaminy/filters/strana-proizvoditel_ssha/dlya-chego_dlya-podderjki-krepkih-kosteji";"2023-05-02T21:45:28+03:00";""
"https://kirkland.in.ua/all-products/vitaminy/filters/strana-proizvoditel_ssha/dlya-chego_prednaznachen-dlya-podderjki-zdorovya-ludeji-starshe-50-let";"2023-05-02T21:45:28+03:00";""
"https://kirkland.in.ua/all-products/vitaminy/filters/strana-proizvoditel_ssha/dlya-chego_dlya-profilaktiki-serdechno-sosydistih-zabolevaniji";"2023-05-02T21:45:28+03:00";""
"https://kirkland.in.ua/all-products/vitaminy/filters/strana-proizvoditel_ssha/dlya-chego_zdorove-detskogo-organizma";"2023-05-02T21:45:28+03:00";""
"https://kirkland.in.ua/all-products/vitaminy/filters/strana-proizvoditel_ssha/dlya-chego_pomogaet-nejitralizovat-svobodnie-radikali-v-organizme-i-podderjivat-immynnyu-sistemy";"2023-05-02T21:45:28+03:00";""
"https://kirkland.in.ua/all-products/vitaminy/filters/strana-proizvoditel_ssha/kolichestvo_320";"2023-05-02T21:45:28+03:00";""
"https://kirkland.in.ua/all-products/vitaminy/filters/strana-proizvoditel_ssha/dlya-chego_sposobstvyet-vosstanovleniu-povrejdennoji-hryaschevoji-tkani";"2023-05-02T21:45:28+03:00";""
"https://kirkland.in.ua/all-products/vitaminy/filters/strana-proizvoditel_ssha/kolichestvo_160";"2023-05-02T21:45:28+03:00";""
"https://kirkland.in.ua/all-products/vitaminy/filters/strana-proizvoditel_ssha/kolichestvo_220";"2023-05-02T21:45:28+03:00";""
"https://kirkland.in.ua/all-products/vitaminy/filters/strana-proizvoditel_ssha/kolichestvo_230";"2023-05-02T21:45:28+03:00";""
"https://kirkland.in.ua/all-products/vitaminy/filters/strana-proizvoditel_ssha/kolichestvo_500";"2023-05-02T21:45:28+03:00";""
"https://kirkland.in.ua/all-products/vitaminy/filters/strana-proizvoditel_ssha/kolichestvo_120sht";"2023-05-02T21:45:28+03:00";""
"https://kirkland.in.ua/all-products/vitaminy/filters/strana-proizvoditel_ssha/kolichestvo_400";"2023-05-02T21:45:28+03:00";""
"https://kirkland.in.ua/all-products/vitaminy/filters/strana-proizvoditel_ssha/kolichestvo_500-tabletok";"2023-05-02T21:45:28+03:00";""
"https://kirkland.in.ua/all-products/vitaminy/filters/strana-proizvoditel_ssha/kolichestvo_375";"2023-05-02T21:45:28+03:00";""
"https://kirkland.in.ua/all-products/vitaminy/filters/strana-proizvoditel_ssha/kolichestvo_600";"2023-05-02T21:45:28+03:00";""
"https://kirkland.in.ua/all-products/vitaminy/filters/strana-proizvoditel_ssha/forma-vipyska_banka";"2023-05-02T21:45:28+03:00";""
"https://kirkland.in.ua/all-products/vitaminy/filters/strana-proizvoditel_ssha/forma-vipyska_jevatelnie-konfeti";"2023-05-02T21:45:28+03:00";""
"https://kirkland.in.ua/all-products/vitaminy/filters/strana-proizvoditel_ssha/forma-vipyska_jelatinovie-kapsyli";"2023-05-02T21:45:28+03:00";""
"https://kirkland.in.ua/all-products/vitaminy/filters/forma-vipyska_banka/dlya-chego_balans-vitaminov-v-organizme";"2023-05-02T21:45:28+03:00";""
"https://kirkland.in.ua/all-products/vitaminy/filters/strana-proizvoditel_ssha/forma-vipyska_gelevie-kapsyli";"2023-05-02T21:45:28+03:00";""
"https://kirkland.in.ua/all-products/vitaminy/filters/strana-proizvoditel_ssha/forma-vipyska_kapsyli";"2023-05-02T21:45:28+03:00";""
"https://kirkland.in.ua/all-products/vitaminy/filters/strana-proizvoditel_chehiya/kolichestvo_80-sht";"2023-05-02T21:45:28+03:00";""
"https://kirkland.in.ua/all-products/vitaminy/filters/forma-vipyska_banka/dlya-chego_zdorove-detskogo-organizma";"2023-05-02T21:45:28+03:00";""
"https://kirkland.in.ua/all-products/vitaminy/filters/forma-vipyska_banka/dlya-chego_zdorove-serdca-i-systavov";"2023-05-02T21:45:28+03:00";""
"https://kirkland.in.ua/all-products/vitaminy/filters/forma-vipyska_banka/dlya-chego_podderjanie-zdorovya-vo-vremya-beremennosti";"2023-05-02T21:45:28+03:00";""
"https://kirkland.in.ua/all-products/vitaminy/filters/forma-vipyska_banka/dlya-chego_zdorove-rastyschego-organizma";"2023-05-02T21:45:28+03:00";""
"https://kirkland.in.ua/all-products/vitaminy/filters/forma-vipyska_banka/dlya-chego_zdorove-koji-i-kosteji";"2023-05-02T21:45:28+03:00";""
"https://kirkland.in.ua/all-products/vitaminy/filters/forma-vipyska_banka/dlya-chego_zdorove-koji-volos-i-nogteji";"2023-05-02T21:45:28+03:00";""
"https://kirkland.in.ua/all-products/vitaminy/filters/forma-vipyska_banka/dlya-chego_zdorove-koji-i-volos";"2023-05-02T21:45:28+03:00";""
"https://kirkland.in.ua/all-products/vitaminy/filters/forma-vipyska_banka/kolichestvo_60-tabletok";"2023-05-02T21:45:28+03:00";""
"https://kirkland.in.ua/all-products/vitaminy/filters/forma-vipyska_banka/dlya-chego_podderjivaet-zdorove-dihatelnih-pyteji";"2023-05-02T21:45:28+03:00";""
"https://kirkland.in.ua/all-products/vitaminy/filters/forma-vipyska_banka/dlya-chego_podderjanie-zdorovya-i-normalnoji-raboti-organizma";"2023-05-02T21:45:28+03:00";""
"https://kirkland.in.ua/all-products/vitaminy/filters/forma-vipyska_banka/kolichestvo_30-tabletok";"2023-05-02T21:45:28+03:00";""
"https://kirkland.in.ua/all-products/vitaminy/filters/forma-vipyska_banka/kolichestvo_100-kapsyl";"2023-05-02T21:45:28+03:00";""
"https://kirkland.in.ua/all-products/vitaminy/filters/forma-vipyska_banka/kolichestvo_90-tabletok";"2023-05-02T21:45:28+03:00";""
"https://kirkland.in.ua/all-products/vitaminy/filters/forma-vipyska_banka/kolichestvo_60-shtyk";"2023-05-02T21:45:28+03:00";""
"https://kirkland.in.ua/all-products/vitaminy/filters/forma-vipyska_banka/kolichestvo_250-tabletok";"2023-05-02T21:45:28+03:00";""
"https://kirkland.in.ua/all-products/vitaminy/filters/forma-vipyska_banka/kolichestvo_250-mg";"2023-05-02T21:45:28+03:00";""
"https://kirkland.in.ua/all-products/vitaminy/filters/forma-vipyska_banka/strana-proizvoditel_velikobritaniya";"2023-05-02T21:45:28+03:00";""
"https://kirkland.in.ua/all-products/vitaminy/filters/forma-vipyska_banka/kolichestvo_100-tabletok";"2023-05-02T21:45:28+03:00";""
"https://kirkland.in.ua/all-products/vitaminy/filters/forma-vipyska_banka-920g/strana-proizvoditel_oregons-wild-harvest-oregons-vajild-harvest-ssha";"2023-05-02T21:45:28+03:00";""
"https://kirkland.in.ua/all-products/vitaminy/filters/forma-vipyska_banka/strana-proizvoditel_indiya";"2023-05-02T21:45:28+03:00";""
"https://kirkland.in.ua/all-products/vitaminy/filters/forma-vipyska_banka-920g/veschestvo_rastitelniji-protein";"2023-05-02T21:45:28+03:00";""
"https://kirkland.in.ua/all-products/vitaminy/filters/forma-vipyska_gelevie-kapsyli/kolichestvo_230";"2023-05-02T21:45:28+03:00";""
"https://kirkland.in.ua/all-products/vitaminy/filters/forma-vipyska_gelevie-kapsyli/dlya-chego_dlya-profilaktiki-serdechno-sosydistih-zabolevaniji";"2023-05-02T21:45:28+03:00";""
"https://kirkland.in.ua/all-products/vitaminy/filters/forma-vipyska_banka/strana-proizvoditel_ssha";"2023-05-02T21:45:28+03:00";""
"https://kirkland.in.ua/all-products/vitaminy/filters/forma-vipyska_gelevie-kapsyli/strana-proizvoditel_ssha";"2023-05-02T21:45:28+03:00";""
"https://kirkland.in.ua/all-products/vitaminy/filters/forma-vipyska_gelevie-kapsyli/dlya-chego_dlya-serdechno-sosydistoji-sistemi";"2023-05-02T21:45:28+03:00";""
"https://kirkland.in.ua/all-products/vitaminy/filters/forma-vipyska_gelevie-kapsyli/kolichestvo_400";"2023-05-02T21:45:28+03:00";""
"https://kirkland.in.ua/all-products/vitaminy/filters/forma-vipyska_jevatelnie-konfeti/kolichestvo_320";"2023-05-02T21:45:28+03:00";""
"https://kirkland.in.ua/all-products/vitaminy/filters/forma-vipyska_jevatelnie-konfeti/strana-proizvoditel_ssha";"2023-05-02T21:45:28+03:00";""
"https://kirkland.in.ua/all-products/vitaminy/filters/forma-vipyska_jelatinovie-kapsyli/strana-proizvoditel_ssha";"2023-05-02T21:45:28+03:00";""
"https://kirkland.in.ua/all-products/vitaminy/filters/forma-vipyska_jelatinovie-kapsyli/kolichestvo_600";"2023-05-02T21:45:28+03:00";""
"https://kirkland.in.ua/all-products/vitaminy/filters/forma-vipyska_jevatelnie-konfeti/dlya-chego_dlya-imynnoji-sistemi-i-zdorovih-kosteji";"2023-05-02T21:45:28+03:00";""
"https://kirkland.in.ua/all-products/vitaminy/filters/forma-vipyska_jelatinovie-kapsyli/dlya-chego_dlya-podderjaniya-imynnoji-sistemi";"2023-05-02T21:45:28+03:00";""
"https://kirkland.in.ua/all-products/vitaminy/filters/forma-vipyska_jevatelnie-konfeti/kolichestvo_160";"2023-05-02T21:45:28+03:00";""
"https://kirkland.in.ua/all-products/vitaminy/filters/forma-vipyska_jevatelnie-konfeti/dlya-chego_dlya-podderjki-zdorovogo-rosta-i-razvitiya-deteji";"2023-05-02T21:45:28+03:00";""
"https://kirkland.in.ua/all-products/vitaminy/filters/forma-vipyska_jelejinie-konfeti/kolichestvo_30-sht";"2023-05-02T21:45:28+03:00";""
"https://kirkland.in.ua/all-products/vitaminy/filters/forma-vipyska_kapsyli/veschestvo_sambyk-cherniji";"2023-05-02T21:45:28+03:00";""
"https://kirkland.in.ua/all-products/vitaminy/filters/forma-vipyska_kapsyli/kolichestvo_180-tabletok";"2023-05-02T21:45:28+03:00";""
"https://kirkland.in.ua/all-products/vitaminy/filters/forma-vipyska_kapsyli/strana-proizvoditel_angliya";"2023-05-02T21:45:28+03:00";""
"https://kirkland.in.ua/all-products/vitaminy/filters/forma-vipyska_kapsyli/kolichestvo_60-kapsyl";"2023-05-02T21:45:28+03:00";""
"https://kirkland.in.ua/all-products/vitaminy/filters/forma-vipyska_kapsyli/kolichestvo_120-kapsyl";"2023-05-02T21:45:28+03:00";""
"https://kirkland.in.ua/all-products/vitaminy/filters/forma-vipyska_kapsyli/dlya-chego_pomogaet-nejitralizovat-svobodnie-radikali-v-organizme-i-podderjivat-immynnyu-sistemy";"2023-05-02T21:45:28+03:00";""
"https://kirkland.in.ua/all-products/vitaminy/filters/forma-vipyska_kapsyli/strana-proizvoditel_niderlandi";"2023-05-02T21:45:28+03:00";""
"https://kirkland.in.ua/all-products/vitaminy/filters/forma-vipyska_kapsyli/kolichestvo_500";"2023-05-02T21:45:28+03:00";""
"https://kirkland.in.ua/all-products/vitaminy/filters/forma-vipyska_kapsyli-s-poroshkom-dlya-ingalyaciji-18-mkg-v-komplekte-s-ingalyatorom-handihaler/veschestvo_tiotropiya-bromid";"2023-05-02T21:45:28+03:00";""
"https://kirkland.in.ua/all-products/vitaminy/filters/forma-vipyska_kapsyli/kolichestvo_120sht";"2023-05-02T21:45:28+03:00";""
"https://kirkland.in.ua/all-products/vitaminy/filters/forma-vipyska_kapsyli/strana-proizvoditel_ssha";"2023-05-02T21:45:28+03:00";""
"https://kirkland.in.ua/all-products/vitaminy/filters/forma-vipyska_sashe/veschestvo_gialyronovaya-kislota-hondroitin-sylfata";"2023-05-02T21:45:28+03:00";""
"https://kirkland.in.ua/all-products/vitaminy/filters/forma-vipyska_tabletki/dlya-chego_dlya-podderjki-zdorovya-systavov-hryaschevoji-i-soedinitelnoji-tkani";"2023-05-02T21:45:28+03:00";""
"https://kirkland.in.ua/all-products/vitaminy/filters/forma-vipyska_sashe/strana-proizvoditel_italiya";"2023-05-02T21:45:28+03:00";""
"https://kirkland.in.ua/all-products/vitaminy/filters/forma-vipyska_tabletki/dlya-chego_dlya-podderjki-kosteji-mishc-i-immyniteta";"2023-05-02T21:45:28+03:00";""
"https://kirkland.in.ua/all-products/vitaminy/filters/forma-vipyska_tabletki/dlya-chego_dlya-podderjaniya-immynnoji-fynkcii";"2023-05-02T21:45:28+03:00";""
"https://kirkland.in.ua/all-products/vitaminy/filters/forma-vipyska_tabletki/dlya-chego_dlya-podderjki-organizma-vo-vremya-stareniya";"2023-05-02T21:45:28+03:00";""
"https://kirkland.in.ua/all-products/vitaminy/filters/forma-vipyska_tabletki/dlya-chego_dlya-sozdaniya-silnogo-i-zdorovogo-tela";"2023-05-02T21:45:28+03:00";""
"https://kirkland.in.ua/all-products/vitaminy/filters/forma-vipyska_tabletki/dlya-chego_sposobstvyet-vosstanovleniu-povrejdennoji-hryaschevoji-tkani";"2023-05-02T21:45:28+03:00";""
"https://kirkland.in.ua/all-products/vitaminy/filters/forma-vipyska_tabletki/dlya-chego_dlya-podderjaniya-energeticheskogo-obmena";"2023-05-02T21:45:28+03:00";""
"https://kirkland.in.ua/all-products/vitaminy/filters/forma-vipyska_tabletki/kolichestvo_100";"2023-05-02T21:45:28+03:00";""
"https://kirkland.in.ua/all-products/vitaminy/filters/forma-vipyska_tabletki/dlya-chego_prednaznachen-dlya-podderjki-zdorovya-ludeji-starshe-50-let";"2023-05-02T21:45:28+03:00";""
"https://kirkland.in.ua/all-products/vitaminy/filters/forma-vipyska_tabletki/kolichestvo_220";"2023-05-02T21:45:28+03:00";""
"https://kirkland.in.ua/all-products/vitaminy/filters/forma-vipyska_flakon/dlya-chego_zdorove-i-ykreplenie-imynnoji-sistemi";"2023-05-02T21:45:28+03:00";""
"https://kirkland.in.ua/all-products/vitaminy/filters/forma-vipyska_tabletki/kolichestvo_400";"2023-05-02T21:45:28+03:00";""
"https://kirkland.in.ua/all-products/vitaminy/filters/forma-vipyska_tabletki/kolichestvo_500";"2023-05-02T21:45:28+03:00";""
"https://kirkland.in.ua/all-products/vitaminy/filters/forma-vipyska_flakon/dlya-chego_zdorove-balans-veschestv-v-organizme";"2023-05-02T21:45:28+03:00";""
"https://kirkland.in.ua/all-products/vitaminy/filters/forma-vipyska_flakon/dlya-chego_zdorove-pecheni";"2023-05-02T21:45:28+03:00";""
"https://kirkland.in.ua/all-products/vitaminy/filters/forma-vipyska_flakon/dlya-chego_podvijnost-kosteji-i-systavov";"2023-05-02T21:45:28+03:00";""
"https://kirkland.in.ua/all-products/vitaminy/filters/forma-vipyska_flakon/dlya-chego_ykreplenie-kosteji-zdorove-zybov";"2023-05-02T21:45:28+03:00";""
"https://kirkland.in.ua/all-products/vitaminy/filters/forma-vipyska_tabletki/strana-proizvoditel_ssha";"2023-05-02T21:45:28+03:00";""
"https://kirkland.in.ua/all-products/vitaminy/filters/forma-vipyska_tabletki/kolichestvo_500-tabletok";"2023-05-02T21:45:28+03:00";""
"https://kirkland.in.ua/all-products/vitaminy/filters/forma-vipyska_flakon/dlya-chego_ylychshenie-pamyati-i-kognitivnih-fynkciji";"2023-05-02T21:45:28+03:00";""
"https://kirkland.in.ua/all-products/vitaminy/filters/forma-vipyska_flakon/kolichestvo_10-ml";"2023-05-02T21:45:28+03:00";""
"https://kirkland.in.ua/all-products/vitaminy/filters/forma-vipyska_flakon/kolichestvo_60-kapsyl";"2023-05-02T21:45:28+03:00";""
"https://kirkland.in.ua/all-products/vitaminy/filters/forma-vipyska_flakon/kolichestvo_150-kapsyl";"2023-05-02T21:45:28+03:00";""
"https://kirkland.in.ua/all-products/vitaminy/filters/forma-vipyska_flakon/kolichestvo_90-tabletok";"2023-05-02T21:45:28+03:00";""
"https://kirkland.in.ua/all-products/vitaminy/filters/forma-vipyska_flakon/strana-proizvoditel_niderlandi";"2023-05-02T21:45:28+03:00";""
"https://kirkland.in.ua/all-products/vitaminy/filters/forma-vipyska_flakon/kolichestvo_250-tabletok";"2023-05-02T21:45:28+03:00";""
"https://kirkland.in.ua/all-products/vitaminy/filters/forma-vipyska_flakon/strana-proizvoditel_germaniya";"2023-05-02T21:45:28+03:00";""
"https://kirkland.in.ua/all-products/vitaminy/filters/forma-vipyska_flakon/kolichestvo_100-tabletok";"2023-05-02T21:45:28+03:00";""
"https://kirkland.in.ua/all-products/vitaminy/filters/forma-vipyska_flakon/kolichestvo_400-mg";"2023-05-02T21:45:28+03:00";""
"https://kirkland.in.ua/all-products/vitaminy/filters/forma-vipyska_flakon/strana-proizvoditel_velikobritaniya";"2023-05-02T21:45:28+03:00";""
"https://kirkland.in.ua/all-products/kosmetikaru/filters/veschestvo_zeleniji-chaji/strana-proizvoditel_niderlandi";"2023-05-02T21:45:28+03:00";""
"https://kirkland.in.ua/all-products/kosmetikaru/filters/veschestvo_botylinicheskiji-toksin-tipa-a-sivorotochniji-albymin-cheloveka-05-mg-hlorid-natriya-09-mg/strana-proizvoditel_ujnaya-koreya";"2023-05-02T21:45:28+03:00";""
"https://kirkland.in.ua/all-products/kosmetikaru/filters/veschestvo_zeleniji-chaji/dlya-chego_ochischenie";"2023-05-02T21:45:28+03:00";""
"https://kirkland.in.ua/all-products/kosmetikaru/filters/veschestvo_gialyronovaya-kislota-sylfadiazin-serebra/dlya-chego_yvlajnenie-pyatok";"2023-05-02T21:45:28+03:00";""
"https://kirkland.in.ua/all-products/kosmetikaru/filters/veschestvo_botylinicheskiji-toksin-tipa-a-sivorotochniji-albymin-cheloveka-05-mg-hlorid-natriya-09-mg/kolichestvo_1-flakon-100-ed";"2023-05-02T21:45:28+03:00";""
"https://kirkland.in.ua/all-products/kosmetikaru/filters/veschestvo_gialyronovaya-kislota-sylfadiazin-serebra/strana-proizvoditel_franciya";"2023-05-02T21:45:28+03:00";""
"https://kirkland.in.ua/all-products/kosmetikaru/filters/veschestvo_gialyronovaya-kislota-sylfadiazin-serebra/forma-vipyska_banka";"2023-05-02T21:45:28+03:00";""
"https://kirkland.in.ua/all-products/kosmetikaru/filters/veschestvo_maslo-jojoba-persika-i-aloe-vera/dlya-chego_yvlajnenie";"2023-05-02T21:45:28+03:00";""
"https://kirkland.in.ua/all-products/kosmetikaru/filters/veschestvo_maslo-jojoba-klybniki-semyan-arbyza-i-aloe-vera/kolichestvo_30-ml";"2023-05-02T21:45:28+03:00";""
"https://kirkland.in.ua/all-products/kosmetikaru/filters/veschestvo_maslo-jojoba-klybniki-semyan-arbyza-i-aloe-vera/dlya-chego_yvlajnenie";"2023-05-02T21:45:28+03:00";""
"https://kirkland.in.ua/all-products/kosmetikaru/filters/veschestvo_maslo-makadamii/kolichestvo_150-ml";"2023-05-02T21:45:28+03:00";""
"https://kirkland.in.ua/all-products/kosmetikaru/filters/veschestvo_maslo-makadamii/strana-proizvoditel_niderlandi";"2023-05-02T21:45:28+03:00";""
"https://kirkland.in.ua/all-products/kosmetikaru/filters/veschestvo_maslo-jojoba-klybniki-semyan-arbyza-i-aloe-vera/strana-proizvoditel_angliya";"2023-05-02T21:45:28+03:00";""
"https://kirkland.in.ua/all-products/kosmetikaru/filters/veschestvo_zeleniji-chaji/forma-vipyska_150-ml";"2023-05-02T21:45:28+03:00";""
"https://kirkland.in.ua/all-products/kosmetikaru/filters/veschestvo_minerali-mertvogo-morya/kolichestvo_150-ml";"2023-05-02T21:45:28+03:00";""
"https://kirkland.in.ua/all-products/kosmetikaru/filters/veschestvo_minerali-mertvogo-morya/kolichestvo_250-ml";"2023-05-02T21:45:28+03:00";""
"https://kirkland.in.ua/all-products/kosmetikaru/filters/veschestvo_retinol/kolichestvo_200-ml";"2023-05-02T21:45:28+03:00";""
"https://kirkland.in.ua/all-products/kosmetikaru/filters/veschestvo_retinol/dlya-chego_yvlajnenie-i-pitanie";"2023-05-02T21:45:28+03:00";""
"https://kirkland.in.ua/all-products/kosmetikaru/filters/veschestvo_mindalnoe-maslo/kolichestvo_150-ml";"2023-05-02T21:45:28+03:00";""
"https://kirkland.in.ua/all-products/kosmetikaru/filters/veschestvo_stabilizirovannaya-gialyronovaya-kislota-lidokain/dlya-chego_dlya-gyb";"2023-05-02T21:45:28+03:00";""
"https://kirkland.in.ua/all-products/kosmetikaru/filters/veschestvo_stabilizirovannaya-gialyronovaya-kislota-lidokain/dlya-chego_vosstanovlenie-ytrachennih-obemov-zoni-schek-podborodkatonkie-gybi";"2023-05-02T21:45:28+03:00";""
"https://kirkland.in.ua/all-products/kosmetikaru/filters/veschestvo_minerali-mertvogo-morya/strana-proizvoditel_niderlandi";"2023-05-02T21:45:28+03:00";""
"https://kirkland.in.ua/all-products/kosmetikaru/filters/veschestvo_minerali-mertvogo-morya/dlya-chego_perhotvipadenie-volos";"2023-05-02T21:45:28+03:00";""
"https://kirkland.in.ua/all-products/kosmetikaru/filters/veschestvo_maslo-jojoba-persika-i-aloe-vera/kolichestvo_30-ml";"2023-05-02T21:45:28+03:00";""
"https://kirkland.in.ua/all-products/kosmetikaru/filters/veschestvo_minerali-mertvogo-morya/dlya-chego_dlya-lica";"2023-05-02T21:45:28+03:00";""
"https://kirkland.in.ua/all-products/kosmetikaru/filters/veschestvo_stabilizirovannaya-gialyronovaya-kislota-lidokain/dlya-chego_dlya-gyb-dlya-formirovaniya-ovala-lica";"2023-05-02T21:45:28+03:00";""
"https://kirkland.in.ua/all-products/kosmetikaru/filters/veschestvo_retinol/strana-proizvoditel_franciya";"2023-05-02T21:45:28+03:00";""
"https://kirkland.in.ua/all-products/kosmetikaru/filters/veschestvo_stabilizirovannaya-gialyronovaya-kislota-lidokain/dlya-chego_dlya-gyb-dlya-skyl-dlya-formirovaniya-ovala-lica";"2023-05-02T21:45:28+03:00";""
"https://kirkland.in.ua/all-products/kosmetikaru/filters/veschestvo_mindalnoe-maslo/strana-proizvoditel_niderlandi";"2023-05-02T21:45:28+03:00";""
"https://kirkland.in.ua/all-products/kosmetikaru/filters/veschestvo_chesnochniji-shampyn/strana-proizvoditel_niderlandi";"2023-05-02T21:45:28+03:00";""
"https://kirkland.in.ua/all-products/kosmetikaru/filters/veschestvo_chesnochniji-shampyn/dlya-chego_dlya-bolee-gystih-volos";"2023-05-02T21:45:28+03:00";""
"https://kirkland.in.ua/all-products/kosmetikaru/filters/veschestvo_chesnochniji-shampyn/kolichestvo_250-ml";"2023-05-02T21:45:28+03:00";""
"https://kirkland.in.ua/all-products/kosmetikaru/filters/veschestvo_stabilizirovannaya-gialyronovaya-kislota-lidokain/kolichestvo_11-ml";"2023-05-02T21:45:28+03:00";""
"https://kirkland.in.ua/all-products/kosmetikaru/filters/dlya-chego_antivozrastnaya/kolichestvo_30-ml";"2023-05-02T21:45:28+03:00";""
"https://kirkland.in.ua/all-products/kosmetikaru/filters/dlya-chego_antivozrastnoe/strana-proizvoditel_ssha";"2023-05-02T21:45:28+03:00";""
"https://kirkland.in.ua/all-products/kosmetikaru/filters/dlya-chego_antivozrastnoe/kolichestvo_60-ml";"2023-05-02T21:45:28+03:00";""
"https://kirkland.in.ua/all-products/kosmetikaru/filters/dlya-chego_vosstanovlenie/kolichestvo_60-ml";"2023-05-02T21:45:28+03:00";""
"https://kirkland.in.ua/all-products/kosmetikaru/filters/dlya-chego_antivozrastnaya/strana-proizvoditel_ssha";"2023-05-02T21:45:28+03:00";""
"https://kirkland.in.ua/all-products/kosmetikaru/filters/dlya-chego_dlya-bolee-gystih-volos/strana-proizvoditel_niderlandi";"2023-05-02T21:45:28+03:00";""
"https://kirkland.in.ua/all-products/kosmetikaru/filters/dlya-chego_vosstanovlenie-ytrachennih-obemov-zoni-schek-podborodkatonkie-gybi/veschestvo_stabilizirovannaya-gialyronovaya-kislota-lidokain";"2023-05-02T21:45:28+03:00";""
"https://kirkland.in.ua/all-products/kosmetikaru/filters/dlya-chego_vosstanovlenie-ytrachennih-obemov-zoni-schek-podborodkatonkie-gybi/strana-proizvoditel_ujnaya-koreya";"2023-05-02T21:45:28+03:00";""
"https://kirkland.in.ua/all-products/kosmetikaru/filters/dlya-chego_vosstanovlenie-ytrachennih-obemov-zoni-schek-podborodkatonkie-gybi/kolichestvo_11-ml";"2023-05-02T21:45:28+03:00";""
"https://kirkland.in.ua/all-products/kosmetikaru/filters/dlya-chego_dlya-bolee-gystih-volos/kolichestvo_250-ml";"2023-05-02T21:45:28+03:00";""
"https://kirkland.in.ua/all-products/kosmetikaru/filters/dlya-chego_dlya-gyb-dlya-skyl-dlya-formirovaniya-ovala-lica/strana-proizvoditel_ujnaya-koreya";"2023-05-02T21:45:28+03:00";""
"https://kirkland.in.ua/all-products/kosmetikaru/filters/dlya-chego_dlya-gyb/strana-proizvoditel_ujnaya-koreya";"2023-05-02T21:45:28+03:00";""
"https://kirkland.in.ua/all-products/kosmetikaru/filters/dlya-chego_dlya-lica/veschestvo_minerali-mertvogo-morya";"2023-05-02T21:45:28+03:00";""
"https://kirkland.in.ua/all-products/kosmetikaru/filters/dlya-chego_dlya-bolee-gystih-volos/veschestvo_chesnochniji-shampyn";"2023-05-02T21:45:28+03:00";""
"https://kirkland.in.ua/all-products/kosmetikaru/filters/dlya-chego_dlya-gyb-dlya-skyl-dlya-formirovaniya-ovala-lica/veschestvo_stabilizirovannaya-gialyronovaya-kislota-lidokain";"2023-05-02T21:45:28+03:00";""
"https://kirkland.in.ua/all-products/kosmetikaru/filters/dlya-chego_dlya-gyb/veschestvo_stabilizirovannaya-gialyronovaya-kislota-lidokain";"2023-05-02T21:45:28+03:00";""
"https://kirkland.in.ua/all-products/kosmetikaru/filters/dlya-chego_dlya-gyb-dlya-formirovaniya-ovala-lica/veschestvo_stabilizirovannaya-gialyronovaya-kislota-lidokain";"2023-05-02T21:45:28+03:00";""
"https://kirkland.in.ua/all-products/kosmetikaru/filters/dlya-chego_dlya-gyb-dlya-formirovaniya-ovala-lica/strana-proizvoditel_ujnaya-koreya";"2023-05-02T21:45:28+03:00";""
"https://kirkland.in.ua/all-products/kosmetikaru/filters/dlya-chego_dlya-oblasti-vokryg-glaz/forma-vipyska_krem-balzam";"2023-05-02T21:45:28+03:00";""
"https://kirkland.in.ua/all-products/kosmetikaru/filters/dlya-chego_dlya-lica/strana-proizvoditel_niderlandi";"2023-05-02T21:45:28+03:00";""
"https://kirkland.in.ua/all-products/kosmetikaru/filters/dlya-chego_dlya-oblasti-vokryg-glaz/strana-proizvoditel_niderlandi";"2023-05-02T21:45:28+03:00";""
"https://kirkland.in.ua/all-products/kosmetikaru/filters/dlya-chego_dlya-oblasti-vokryg-glaz/kolichestvo_15-ml";"2023-05-02T21:45:28+03:00";""
"https://kirkland.in.ua/all-products/kosmetikaru/filters/dlya-chego_dlya-rosta-volos/forma-vipyska_flakon";"2023-05-02T21:45:28+03:00";""
"https://kirkland.in.ua/all-products/kosmetikaru/filters/dlya-chego_dlya-lica/kolichestvo_150-ml";"2023-05-02T21:45:28+03:00";""
"https://kirkland.in.ua/all-products/kosmetikaru/filters/dlya-chego_dlya-ydaleniya-pyaten/forma-vipyska_tyba";"2023-05-02T21:45:28+03:00";""
"https://kirkland.in.ua/all-products/kosmetikaru/filters/dlya-chego_dlya-ydaleniya-pyaten/kolichestvo_80-g";"2023-05-02T21:45:28+03:00";""
"https://kirkland.in.ua/all-products/kosmetikaru/filters/dlya-chego_dlya-rosta-volos/kolichestvo_60-ml";"2023-05-02T21:45:28+03:00";""
"https://kirkland.in.ua/all-products/kosmetikaru/filters/dlya-chego_dlya-rosta-volos/strana-proizvoditel_indiya";"2023-05-02T21:45:28+03:00";""
"https://kirkland.in.ua/all-products/kosmetikaru/filters/dlya-chego_zdorove-zybov-i-desen/forma-vipyska_tyba";"2023-05-02T21:45:28+03:00";""
"https://kirkland.in.ua/all-products/kosmetikaru/filters/dlya-chego_dlya-chyvstvitelnih-zybov/forma-vipyska_tyba";"2023-05-02T21:45:28+03:00";""
"https://kirkland.in.ua/all-products/kosmetikaru/filters/dlya-chego_zdorove-desen/strana-proizvoditel_indiya";"2023-05-02T21:45:28+03:00";""
"https://kirkland.in.ua/all-products/kosmetikaru/filters/dlya-chego_dlya-chyvstvitelnih-zybov/strana-proizvoditel_indiya";"2023-05-02T21:45:28+03:00";""
"https://kirkland.in.ua/all-products/kosmetikaru/filters/dlya-chego_zdorove-zybov-i-desen/kolichestvo_50-g";"2023-05-02T21:45:28+03:00";""
"https://kirkland.in.ua/all-products/kosmetikaru/filters/dlya-chego_zdorove-zybov-i-desen/kolichestvo_100-g";"2023-05-02T21:45:28+03:00";""
"https://kirkland.in.ua/all-products/kosmetikaru/filters/dlya-chego_zdorove-desen/forma-vipyska_tyba";"2023-05-02T21:45:28+03:00";""
"https://kirkland.in.ua/all-products/kosmetikaru/filters/dlya-chego_zdorove-desen/kolichestvo_80-g";"2023-05-02T21:45:28+03:00";""
"https://kirkland.in.ua/all-products/kosmetikaru/filters/dlya-chego_zdorove-koji-lica/kolichestvo_125-g";"2023-05-02T21:45:28+03:00";""
"https://kirkland.in.ua/all-products/kosmetikaru/filters/dlya-chego_zdorove-koji-lica/kolichestvo_30-ml";"2023-05-02T21:45:28+03:00";""
"https://kirkland.in.ua/all-products/kosmetikaru/filters/dlya-chego_zdorove-zybov-i-desen/strana-proizvoditel_indiya";"2023-05-02T21:45:28+03:00";""
"https://kirkland.in.ua/all-products/kosmetikaru/filters/dlya-chego_zdorove-koji-lica/kolichestvo_75-g";"2023-05-02T21:45:28+03:00";""
"https://kirkland.in.ua/all-products/kosmetikaru/filters/dlya-chego_zdorove-koji-lica-shei-i-zoni-dekolte/strana-proizvoditel_ispaniya";"2023-05-02T21:45:28+03:00";""
"https://kirkland.in.ua/all-products/kosmetikaru/filters/dlya-chego_zdorove-koji-lica/forma-vipyska_korobka";"2023-05-02T21:45:28+03:00";""
"https://kirkland.in.ua/all-products/kosmetikaru/filters/dlya-chego_zdorove-koji-lica/forma-vipyska_flakon";"2023-05-02T21:45:28+03:00";""
"https://kirkland.in.ua/all-products/kosmetikaru/filters/dlya-chego_zdorove-koji-lica-shei-i-zoni-dekolte/forma-vipyska_tyba";"2023-05-02T21:45:28+03:00";""
"https://kirkland.in.ua/all-products/kosmetikaru/filters/dlya-chego_zdorove-koji-lica/strana-proizvoditel_franciya";"2023-05-02T21:45:28+03:00";""
"https://kirkland.in.ua/all-products/kosmetikaru/filters/dlya-chego_lechenie-prischeji/forma-vipyska_tyba";"2023-05-02T21:45:28+03:00";""
"https://kirkland.in.ua/all-products/kosmetikaru/filters/dlya-chego_lechenie-prischeji/strana-proizvoditel_indiya";"2023-05-02T21:45:28+03:00";""
"https://kirkland.in.ua/all-products/kosmetikaru/filters/dlya-chego_zdorove-koji-lica/strana-proizvoditel_indiya";"2023-05-02T21:45:28+03:00";""
"https://kirkland.in.ua/all-products/kosmetikaru/filters/dlya-chego_lechenie-prischeji/kolichestvo_20-g";"2023-05-02T21:45:28+03:00";""
"https://kirkland.in.ua/all-products/kosmetikaru/filters/dlya-chego_zdorove-koji-lica-shei-i-zoni-dekolte/kolichestvo_40-ml";"2023-05-02T21:45:28+03:00";""
"https://kirkland.in.ua/all-products/kosmetikaru/filters/dlya-chego_melanodermiyaaknevesnyshki/strana-proizvoditel_germaniya";"2023-05-02T21:45:28+03:00";""
"https://kirkland.in.ua/all-products/kosmetikaru/filters/dlya-chego_melanodermiyaaknevesnyshki/kolichestvo_15-g";"2023-05-02T21:45:28+03:00";""
"https://kirkland.in.ua/all-products/kosmetikaru/filters/dlya-chego_zdorove-koji-lica/strana-proizvoditel_germaniya";"2023-05-02T21:45:28+03:00";""
"https://kirkland.in.ua/all-products/kosmetikaru/filters/dlya-chego_otbelivanie/kolichestvo_75-ml";"2023-05-02T21:45:28+03:00";""
"https://kirkland.in.ua/all-products/kosmetikaru/filters/dlya-chego_otbelivanie/strana-proizvoditel_britaniya";"2023-05-02T21:45:28+03:00";""
"https://kirkland.in.ua/all-products/kosmetikaru/filters/dlya-chego_omolojenie/kolichestvo_100-ml";"2023-05-02T21:45:28+03:00";""
"https://kirkland.in.ua/all-products/kosmetikaru/filters/dlya-chego_omolojenie/strana-proizvoditel_angliya";"2023-05-02T21:45:28+03:00";""
"https://kirkland.in.ua/all-products/kosmetikaru/filters/dlya-chego_melanodermiyaaknevesnyshki/forma-vipyska_krem";"2023-05-02T21:45:28+03:00";""
"https://kirkland.in.ua/all-products/kosmetikaru/filters/dlya-chego_otbelivanie/kolichestvo_50-ml";"2023-05-02T21:45:28+03:00";""
"https://kirkland.in.ua/all-products/kosmetikaru/filters/dlya-chego_ochischenie/veschestvo_zeleniji-chaji";"2023-05-02T21:45:28+03:00";""
"https://kirkland.in.ua/all-products/kosmetikaru/filters/dlya-chego_otbelivanie/strana-proizvoditel_franciya";"2023-05-02T21:45:28+03:00";""
"https://kirkland.in.ua/all-products/kosmetikaru/filters/dlya-chego_otbelivanie-zybov/kolichestvo_80-g";"2023-05-02T21:45:28+03:00";""
"https://kirkland.in.ua/all-products/kosmetikaru/filters/dlya-chego_otbelivanie-zybov/kolichestvo_100-g";"2023-05-02T21:45:28+03:00";""
"https://kirkland.in.ua/all-products/kosmetikaru/filters/dlya-chego_otbelivanie-zybov/forma-vipyska_tyba";"2023-05-02T21:45:28+03:00";""
"https://kirkland.in.ua/all-products/kosmetikaru/filters/dlya-chego_ochischenie/forma-vipyska_150-ml";"2023-05-02T21:45:28+03:00";""
"https://kirkland.in.ua/all-products/kosmetikaru/filters/dlya-chego_perhotvipadenie-volos/veschestvo_minerali-mertvogo-morya";"2023-05-02T21:45:28+03:00";""
"https://kirkland.in.ua/all-products/kosmetikaru/filters/dlya-chego_pitanie/kolichestvo_30-ml";"2023-05-02T21:45:28+03:00";""
"https://kirkland.in.ua/all-products/kosmetikaru/filters/dlya-chego_pitanie/strana-proizvoditel_ssha";"2023-05-02T21:45:28+03:00";""
"https://kirkland.in.ua/all-products/kosmetikaru/filters/dlya-chego_perhotvipadenie-volos/kolichestvo_250-ml";"2023-05-02T21:45:28+03:00";""
"https://kirkland.in.ua/all-products/kosmetikaru/filters/dlya-chego_pitanie-vosstanovlenie/kolichestvo_30-ml";"2023-05-02T21:45:28+03:00";""
"https://kirkland.in.ua/all-products/kosmetikaru/filters/dlya-chego_pitanie/strana-proizvoditel_franciya";"2023-05-02T21:45:28+03:00";""
"https://kirkland.in.ua/all-products/kosmetikaru/filters/dlya-chego_yvlajnenie/veschestvo_maslo-jojoba-klybniki-semyan-arbyza-i-aloe-vera";"2023-05-02T21:45:28+03:00";""
"https://kirkland.in.ua/all-products/kosmetikaru/filters/dlya-chego_ochischenie/strana-proizvoditel_niderlandi";"2023-05-02T21:45:28+03:00";""
"https://kirkland.in.ua/all-products/kosmetikaru/filters/dlya-chego_pitanie-vosstanovlenie/strana-proizvoditel_ssha";"2023-05-02T21:45:28+03:00";""
"https://kirkland.in.ua/all-products/kosmetikaru/filters/dlya-chego_yvlajnenie/kolichestvo_30-ml";"2023-05-02T21:45:28+03:00";""
"https://kirkland.in.ua/all-products/kosmetikaru/filters/dlya-chego_yvlajnenie/kolichestvo_100-ml";"2023-05-02T21:45:28+03:00";""
"https://kirkland.in.ua/all-products/kosmetikaru/filters/dlya-chego_yvlajnenie-i-pitanie/veschestvo_retinol";"2023-05-02T21:45:28+03:00";""
"https://kirkland.in.ua/all-products/kosmetikaru/filters/dlya-chego_yvlajnenie/strana-proizvoditel_angliya";"2023-05-02T21:45:28+03:00";""
"https://kirkland.in.ua/all-products/kosmetikaru/filters/dlya-chego_yvlajnenie/strana-proizvoditel_polsha";"2023-05-02T21:45:28+03:00";""
"https://kirkland.in.ua/all-products/kosmetikaru/filters/dlya-chego_yvlajnenie-pyatok/veschestvo_gialyronovaya-kislota-sylfadiazin-serebra";"2023-05-02T21:45:28+03:00";""
"https://kirkland.in.ua/all-products/kosmetikaru/filters/dlya-chego_yvlajnenie-koji-lica/strana-proizvoditel_irlandiya";"2023-05-02T21:45:28+03:00";""
"https://kirkland.in.ua/all-products/kosmetikaru/filters/dlya-chego_yvlajnenie-i-pitanie/kolichestvo_200-ml";"2023-05-02T21:45:28+03:00";""
"https://kirkland.in.ua/all-products/kosmetikaru/filters/dlya-chego_yvlajnenie-i-pitanie/strana-proizvoditel_franciya";"2023-05-02T21:45:28+03:00";""
"https://kirkland.in.ua/all-products/kosmetikaru/filters/dlya-chego_yvlajnenie-pyatok/strana-proizvoditel_indiya";"2023-05-02T21:45:28+03:00";""
"https://kirkland.in.ua/all-products/kosmetikaru/filters/dlya-chego_yvlajnenie-koji-lica/forma-vipyska_flakon";"2023-05-02T21:45:28+03:00";""
"https://kirkland.in.ua/all-products/kosmetikaru/filters/dlya-chego_yvlajnenie-koji-lica/kolichestvo_100-g";"2023-05-02T21:45:28+03:00";""
"https://kirkland.in.ua/all-products/kosmetikaru/filters/dlya-chego_yvlajnenie-pyatok/strana-proizvoditel_franciya";"2023-05-02T21:45:28+03:00";""
"https://kirkland.in.ua/all-products/kosmetikaru/filters/dlya-chego_yvlajnenie-pyatok/forma-vipyska_tyba";"2023-05-02T21:45:28+03:00";""
"https://kirkland.in.ua/all-products/kosmetikaru/filters/dlya-chego_yvlajnenie-pyatok/kolichestvo_20-g";"2023-05-02T21:45:28+03:00";""
"https://kirkland.in.ua/all-products/kosmetikaru/filters/dlya-chego_yvlajnenie-pyatok/forma-vipyska_banka";"2023-05-02T21:45:28+03:00";""
"https://kirkland.in.ua/all-products/kosmetikaru/filters/dlya-chego_yvlajnenie-pitanie/strana-proizvoditel_ssha";"2023-05-02T21:45:28+03:00";""
"https://kirkland.in.ua/all-products/kosmetikaru/filters/dlya-chego_yvlajnyaschiji/kolichestvo_100-ml";"2023-05-02T21:45:28+03:00";""
"https://kirkland.in.ua/all-products/kosmetikaru/filters/dlya-chego_yvlajnyauschiji/kolichestvo_100-ml";"2023-05-02T21:45:28+03:00";""
"https://kirkland.in.ua/all-products/kosmetikaru/filters/dlya-chego_yvlajnenie-pitanie/kolichestvo_60-ml";"2023-05-02T21:45:28+03:00";""
"https://kirkland.in.ua/all-products/kosmetikaru/filters/dlya-chego_ykreplenie-zdorovya-desen-i-zybov/strana-proizvoditel_indiya";"2023-05-02T21:45:28+03:00";""
"https://kirkland.in.ua/all-products/kosmetikaru/filters/dlya-chego_yvlajnyaschiji/strana-proizvoditel_franciya";"2023-05-02T21:45:28+03:00";""
"https://kirkland.in.ua/all-products/kosmetikaru/filters/dlya-chego_ykreplenie-zdorovya-desen-i-zybov/kolichestvo_80-g";"2023-05-02T21:45:28+03:00";""
"https://kirkland.in.ua/all-products/kosmetikaru/filters/dlya-chego_yvlajnyauschiji/strana-proizvoditel_franciya";"2023-05-02T21:45:28+03:00";""
"https://kirkland.in.ua/all-products/kosmetikaru/filters/dlya-chego_ykreplenie-zdorovya-desen-i-zybov/forma-vipyska_tyba";"2023-05-02T21:45:28+03:00";""
"https://kirkland.in.ua/all-products/kosmetikaru/filters/dlya-chego_ykreplenie-korneji-volos/strana-proizvoditel_indiya";"2023-05-02T21:45:28+03:00";""
"https://kirkland.in.ua/all-products/kosmetikaru/filters/dlya-chego_ykreplenie-korneji-volos/forma-vipyska_banka";"2023-05-02T21:45:28+03:00";""
"https://kirkland.in.ua/all-products/kosmetikaru/filters/dlya-chego_ykreplenie-korneji-volos/kolichestvo_50-ml";"2023-05-02T21:45:28+03:00";""
"https://kirkland.in.ua/all-products/kosmetikaru/filters/dlya-chego_ykreplenie-zdorove-volos/kolichestvo_100-ml";"2023-05-02T21:45:28+03:00";""
"https://kirkland.in.ua/all-products/kosmetikaru/filters/dlya-chego_ykreplenie-korneji-volos/kolichestvo_100-g";"2023-05-02T21:45:28+03:00";""
"https://kirkland.in.ua/all-products/kosmetikaru/filters/dlya-chego_ykreplenie-zdorove-volos/forma-vipyska_flakon";"2023-05-02T21:45:28+03:00";""
"https://kirkland.in.ua/all-products/kosmetikaru/filters/dlya-chego_ykreplenie-korneji-volos/forma-vipyska_tyba";"2023-05-02T21:45:28+03:00";""
"https://kirkland.in.ua/all-products/kosmetikaru/filters/dlya-chego_ykreplenie-korneji-volos/forma-vipyska_flakon";"2023-05-02T21:45:28+03:00";""
"https://kirkland.in.ua/all-products/kosmetikaru/filters/kolichestvo_11-ml/veschestvo_stabilizirovannaya-gialyronovaya-kislota-lidokain";"2023-05-02T21:45:28+03:00";""
"https://kirkland.in.ua/all-products/kosmetikaru/filters/kolichestvo_1-flakon-100-ed/veschestvo_botylinicheskiji-toksin-tipa-a-sivorotochniji-albymin-cheloveka-05-mg-hlorid-natriya-09-mg";"2023-05-02T21:45:28+03:00";""
"https://kirkland.in.ua/all-products/kosmetikaru/filters/kolichestvo_11-ml/dlya-chego_vosstanovlenie-ytrachennih-obemov-zoni-schek-podborodkatonkie-gybi";"2023-05-02T21:45:28+03:00";""
"https://kirkland.in.ua/all-products/kosmetikaru/filters/kolichestvo_1-flakon-100-ed/strana-proizvoditel_ujnaya-koreya";"2023-05-02T21:45:28+03:00";""
"https://kirkland.in.ua/all-products/kosmetikaru/filters/kolichestvo_15-g/strana-proizvoditel_germaniya";"2023-05-02T21:45:28+03:00";""
"https://kirkland.in.ua/all-products/kosmetikaru/filters/kolichestvo_15-g/forma-vipyska_krem";"2023-05-02T21:45:28+03:00";""
"https://kirkland.in.ua/all-products/kosmetikaru/filters/kolichestvo_15-g/dlya-chego_melanodermiyaaknevesnyshki";"2023-05-02T21:45:28+03:00";""
"https://kirkland.in.ua/all-products/kosmetikaru/filters/kolichestvo_15-ml/dlya-chego_dlya-oblasti-vokryg-glaz";"2023-05-02T21:45:28+03:00";""
"https://kirkland.in.ua/all-products/kosmetikaru/filters/kolichestvo_15-ml/strana-proizvoditel_niderlandi";"2023-05-02T21:45:28+03:00";""
"https://kirkland.in.ua/all-products/kosmetikaru/filters/kolichestvo_20-g/dlya-chego_lechenie-prischeji";"2023-05-02T21:45:28+03:00";""
"https://kirkland.in.ua/all-products/kosmetikaru/filters/kolichestvo_30-ml/veschestvo_maslo-jojoba-klybniki-semyan-arbyza-i-aloe-vera";"2023-05-02T21:45:28+03:00";""
"https://kirkland.in.ua/all-products/kosmetikaru/filters/kolichestvo_15-ml/forma-vipyska_krem-balzam";"2023-05-02T21:45:28+03:00";""
"https://kirkland.in.ua/all-products/kosmetikaru/filters/kolichestvo_30-ml/dlya-chego_antivozrastnaya";"2023-05-02T21:45:28+03:00";""
"https://kirkland.in.ua/all-products/kosmetikaru/filters/kolichestvo_30-ml/dlya-chego_zdorove-koji-lica";"2023-05-02T21:45:28+03:00";""
"https://kirkland.in.ua/all-products/kosmetikaru/filters/kolichestvo_20-g/forma-vipyska_tyba";"2023-05-02T21:45:28+03:00";""
"https://kirkland.in.ua/all-products/kosmetikaru/filters/kolichestvo_20-g/strana-proizvoditel_indiya";"2023-05-02T21:45:28+03:00";""
"https://kirkland.in.ua/all-products/kosmetikaru/filters/kolichestvo_30-ml/veschestvo_maslo-jojoba-persika-i-aloe-vera";"2023-05-02T21:45:28+03:00";""
"https://kirkland.in.ua/all-products/kosmetikaru/filters/kolichestvo_30-ml/strana-proizvoditel_angliya";"2023-05-02T21:45:28+03:00";""
"https://kirkland.in.ua/all-products/kosmetikaru/filters/kolichestvo_30-ml/dlya-chego_pitanie-vosstanovlenie";"2023-05-02T21:45:28+03:00";""
"https://kirkland.in.ua/all-products/kosmetikaru/filters/kolichestvo_30-ml/dlya-chego_pitanie";"2023-05-02T21:45:28+03:00";""
"https://kirkland.in.ua/all-products/kosmetikaru/filters/kolichestvo_30-ml/dlya-chego_yvlajnenie";"2023-05-02T21:45:28+03:00";""
"https://kirkland.in.ua/all-products/kosmetikaru/filters/kolichestvo_30-ml/strana-proizvoditel_ssha";"2023-05-02T21:45:28+03:00";""
"https://kirkland.in.ua/all-products/kosmetikaru/filters/kolichestvo_40-ml/dlya-chego_zdorove-koji-lica-shei-i-zoni-dekolte";"2023-05-02T21:45:28+03:00";""
"https://kirkland.in.ua/all-products/kosmetikaru/filters/kolichestvo_30-ml/dlya-chego_yvlajnenie-i-pitanie";"2023-05-02T21:45:28+03:00";""
"https://kirkland.in.ua/all-products/kosmetikaru/filters/kolichestvo_40-ml/forma-vipyska_tyba";"2023-05-02T21:45:28+03:00";""
"https://kirkland.in.ua/all-products/kosmetikaru/filters/kolichestvo_30-ml/forma-vipyska_flakon";"2023-05-02T21:45:28+03:00";""
"https://kirkland.in.ua/all-products/kosmetikaru/filters/kolichestvo_50-g/dlya-chego_zdorove-zybov-i-desen";"2023-05-02T21:45:28+03:00";""
"https://kirkland.in.ua/all-products/kosmetikaru/filters/kolichestvo_40-ml/strana-proizvoditel_ispaniya";"2023-05-02T21:45:28+03:00";""
"https://kirkland.in.ua/all-products/kosmetikaru/filters/kolichestvo_50-g/strana-proizvoditel_indiya";"2023-05-02T21:45:28+03:00";""
"https://kirkland.in.ua/all-products/kosmetikaru/filters/kolichestvo_50-ml/dlya-chego_otbelivanie";"2023-05-02T21:45:28+03:00";""
"https://kirkland.in.ua/all-products/kosmetikaru/filters/kolichestvo_50-ml/dlya-chego_ykreplenie-korneji-volos";"2023-05-02T21:45:28+03:00";""
"https://kirkland.in.ua/all-products/kosmetikaru/filters/kolichestvo_50-g/forma-vipyska_tyba";"2023-05-02T21:45:28+03:00";""
"https://kirkland.in.ua/all-products/kosmetikaru/filters/kolichestvo_50-ml/strana-proizvoditel_polsha";"2023-05-02T21:45:28+03:00";""
"https://kirkland.in.ua/all-products/kosmetikaru/filters/kolichestvo_50-ml/strana-proizvoditel_indiya";"2023-05-02T21:45:28+03:00";""
"https://kirkland.in.ua/all-products/kosmetikaru/filters/kolichestvo_50-ml/strana-proizvoditel_niderlandi";"2023-05-02T21:45:28+03:00";""
"https://kirkland.in.ua/all-products/kosmetikaru/filters/kolichestvo_50-ml/forma-vipyska_tyba";"2023-05-02T21:45:28+03:00";""
"https://kirkland.in.ua/all-products/kosmetikaru/filters/kolichestvo_50-ml/strana-proizvoditel_franciya";"2023-05-02T21:45:28+03:00";""
"https://kirkland.in.ua/all-products/kosmetikaru/filters/kolichestvo_50-ml/forma-vipyska_sharikoviji-dezodorant";"2023-05-02T21:45:28+03:00";""
"https://kirkland.in.ua/all-products/kosmetikaru/filters/kolichestvo_60-ml/dlya-chego_vosstanovlenie";"2023-05-02T21:45:28+03:00";""
"https://kirkland.in.ua/all-products/kosmetikaru/filters/kolichestvo_60-ml/dlya-chego_dlya-rosta-volos";"2023-05-02T21:45:28+03:00";""
"https://kirkland.in.ua/all-products/kosmetikaru/filters/kolichestvo_60-ml/strana-proizvoditel_indiya";"2023-05-02T21:45:28+03:00";""
"https://kirkland.in.ua/all-products/kosmetikaru/filters/kolichestvo_60-ml/strana-proizvoditel_ssha";"2023-05-02T21:45:28+03:00";""
"https://kirkland.in.ua/all-products/kosmetikaru/filters/kolichestvo_60-ml/dlya-chego_antivozrastnoe";"2023-05-02T21:45:28+03:00";""
"https://kirkland.in.ua/all-products/kosmetikaru/filters/kolichestvo_60-ml/forma-vipyska_flakon";"2023-05-02T21:45:28+03:00";""
"https://kirkland.in.ua/all-products/kosmetikaru/filters/kolichestvo_60-ml/dlya-chego_yvlajnenie";"2023-05-02T21:45:28+03:00";""
"https://kirkland.in.ua/all-products/kosmetikaru/filters/kolichestvo_75-g/strana-proizvoditel_indiya";"2023-05-02T21:45:28+03:00";""
"https://kirkland.in.ua/all-products/kosmetikaru/filters/kolichestvo_75-g/dlya-chego_zdorove-koji-lica";"2023-05-02T21:45:28+03:00";""
"https://kirkland.in.ua/all-products/kosmetikaru/filters/kolichestvo_60-ml/dlya-chego_yvlajnenie-pitanie";"2023-05-02T21:45:28+03:00";""
"https://kirkland.in.ua/all-products/kosmetikaru/filters/kolichestvo_75-g/forma-vipyska_korobka";"2023-05-02T21:45:28+03:00";""
"https://kirkland.in.ua/all-products/kosmetikaru/filters/kolichestvo_80-g/dlya-chego_zdorove-desen";"2023-05-02T21:45:28+03:00";""
"https://kirkland.in.ua/all-products/kosmetikaru/filters/kolichestvo_80-g/dlya-chego_dlya-chyvstvitelnih-zybov";"2023-05-02T21:45:28+03:00";""
"https://kirkland.in.ua/all-products/kosmetikaru/filters/kolichestvo_80-g/strana-proizvoditel_indiya";"2023-05-02T21:45:28+03:00";""
"https://kirkland.in.ua/all-products/kosmetikaru/filters/kolichestvo_80-g/dlya-chego_dlya-ydaleniya-pyaten";"2023-05-02T21:45:28+03:00";""
"https://kirkland.in.ua/all-products/kosmetikaru/filters/kolichestvo_80-g/dlya-chego_otbelivanie-zybov";"2023-05-02T21:45:28+03:00";""
"https://kirkland.in.ua/all-products/kosmetikaru/filters/kolichestvo_80-g/forma-vipyska_tyba";"2023-05-02T21:45:28+03:00";""
"https://kirkland.in.ua/all-products/kosmetikaru/filters/kolichestvo_100-g/dlya-chego_zdorove-zybov-i-desen";"2023-05-02T21:45:28+03:00";""
"https://kirkland.in.ua/all-products/kosmetikaru/filters/kolichestvo_100-g/dlya-chego_ykreplenie-korneji-volos";"2023-05-02T21:45:28+03:00";""
"https://kirkland.in.ua/all-products/kosmetikaru/filters/kolichestvo_100-g/dlya-chego_yvlajnenie-koji-lica";"2023-05-02T21:45:28+03:00";""
"https://kirkland.in.ua/all-products/kosmetikaru/filters/kolichestvo_100-g/dlya-chego_otbelivanie-zybov";"2023-05-02T21:45:28+03:00";""
"https://kirkland.in.ua/all-products/kosmetikaru/filters/kolichestvo_100-g/strana-proizvoditel_irlandiya";"2023-05-02T21:45:28+03:00";""
"https://kirkland.in.ua/all-products/kosmetikaru/filters/kolichestvo_100-g/strana-proizvoditel_indiya";"2023-05-02T21:45:28+03:00";""
"https://kirkland.in.ua/all-products/kosmetikaru/filters/kolichestvo_100-ml/dlya-chego_omolojenie";"2023-05-02T21:45:28+03:00";""
"https://kirkland.in.ua/all-products/kosmetikaru/filters/kolichestvo_100-ml/dlya-chego_yvlajnyauschiji";"2023-05-02T21:45:28+03:00";""
"https://kirkland.in.ua/all-products/kosmetikaru/filters/kolichestvo_100-ml/dlya-chego_yvlajnenie";"2023-05-02T21:45:28+03:00";""
"https://kirkland.in.ua/all-products/kosmetikaru/filters/kolichestvo_100-g/forma-vipyska_tyba";"2023-05-02T21:45:28+03:00";""
"https://kirkland.in.ua/all-products/kosmetikaru/filters/kolichestvo_100-ml/dlya-chego_ykreplenie-zdorove-volos";"2023-05-02T21:45:28+03:00";""
"https://kirkland.in.ua/all-products/kosmetikaru/filters/kolichestvo_100-g/forma-vipyska_banka";"2023-05-02T21:45:28+03:00";""
"https://kirkland.in.ua/all-products/kosmetikaru/filters/kolichestvo_100-ml/dlya-chego_yvlajnyaschiji";"2023-05-02T21:45:28+03:00";""
"https://kirkland.in.ua/all-products/kosmetikaru/filters/kolichestvo_100-ml/strana-proizvoditel_indiya";"2023-05-02T21:45:28+03:00";""
"https://kirkland.in.ua/all-products/kosmetikaru/filters/kolichestvo_100-ml/dlya-chego_ykreplenie-korneji-volos";"2023-05-02T21:45:28+03:00";""
"https://kirkland.in.ua/all-products/kosmetikaru/filters/kolichestvo_100-g/forma-vipyska_flakon";"2023-05-02T21:45:28+03:00";""
"https://kirkland.in.ua/all-products/kosmetikaru/filters/kolichestvo_100-ml/strana-proizvoditel_angliya";"2023-05-02T21:45:28+03:00";""
"https://kirkland.in.ua/all-products/kosmetikaru/filters/kolichestvo_100-ml/strana-proizvoditel_franciya";"2023-05-02T21:45:28+03:00";""
"https://kirkland.in.ua/all-products/kosmetikaru/filters/kolichestvo_100-ml/forma-vipyska_tyba";"2023-05-02T21:45:28+03:00";""
"https://kirkland.in.ua/all-products/kosmetikaru/filters/kolichestvo_100-ml/forma-vipyska_flakon";"2023-05-02T21:45:28+03:00";""
"https://kirkland.in.ua/all-products/kosmetikaru/filters/kolichestvo_100-ml/strana-proizvoditel_polsha";"2023-05-02T21:45:28+03:00";""
"https://kirkland.in.ua/all-products/kosmetikaru/filters/kolichestvo_100-ml/forma-vipyska_banka";"2023-05-02T21:45:28+03:00";""
"https://kirkland.in.ua/all-products/kosmetikaru/filters/kolichestvo_125-g/dlya-chego_zdorove-koji-lica";"2023-05-02T21:45:28+03:00";""
"https://kirkland.in.ua/all-products/kosmetikaru/filters/kolichestvo_120-ml/dlya-chego_zdorove-koji-lica";"2023-05-02T21:45:28+03:00";""
"https://kirkland.in.ua/all-products/kosmetikaru/filters/kolichestvo_120-ml/forma-vipyska_flakon";"2023-05-02T21:45:28+03:00";""
"https://kirkland.in.ua/all-products/kosmetikaru/filters/kolichestvo_120-ml/strana-proizvoditel_germaniya";"2023-05-02T21:45:28+03:00";""
"https://kirkland.in.ua/all-products/kosmetikaru/filters/kolichestvo_125-g/forma-vipyska_korobka";"2023-05-02T21:45:28+03:00";""
"https://kirkland.in.ua/all-products/kosmetikaru/filters/kolichestvo_200-ml/strana-proizvoditel_franciya";"2023-05-02T21:45:28+03:00";""
"https://kirkland.in.ua/all-products/kosmetikaru/filters/kolichestvo_150-ml/veschestvo_maslo-makadamii";"2023-05-02T21:45:28+03:00";""
"https://kirkland.in.ua/all-products/kosmetikaru/filters/kolichestvo_150-ml/strana-proizvoditel_niderlandi";"2023-05-02T21:45:28+03:00";""
"https://kirkland.in.ua/all-products/kosmetikaru/filters/kolichestvo_150-ml/dlya-chego_dlya-lica";"2023-05-02T21:45:28+03:00";""
"https://kirkland.in.ua/all-products/kosmetikaru/filters/kolichestvo_200-ml/veschestvo_retinol";"2023-05-02T21:45:28+03:00";""
"https://kirkland.in.ua/all-products/kosmetikaru/filters/kolichestvo_200-ml/dlya-chego_yvlajnenie-i-pitanie";"2023-05-02T21:45:28+03:00";""
"https://kirkland.in.ua/all-products/kosmetikaru/filters/kolichestvo_150-ml/veschestvo_minerali-mertvogo-morya";"2023-05-02T21:45:28+03:00";""
"https://kirkland.in.ua/all-products/kosmetikaru/filters/kolichestvo_250-ml/veschestvo_minerali-mertvogo-morya";"2023-05-02T21:45:28+03:00";""
"https://kirkland.in.ua/all-products/kosmetikaru/filters/kolichestvo_150-ml/veschestvo_mindalnoe-maslo";"2023-05-02T21:45:28+03:00";""
"https://kirkland.in.ua/all-products/kosmetikaru/filters/kolichestvo_125-g/strana-proizvoditel_indiya";"2023-05-02T21:45:28+03:00";""
"https://kirkland.in.ua/all-products/kosmetikaru/filters/kolichestvo_250-ml/veschestvo_chesnochniji-shampyn";"2023-05-02T21:45:28+03:00";""
"https://kirkland.in.ua/all-products/kosmetikaru/filters/kolichestvo_250-ml/dlya-chego_dlya-bolee-gystih-volos";"2023-05-02T21:45:28+03:00";""
"https://kirkland.in.ua/all-products/kosmetikaru/filters/strana-proizvoditel_angliya/kolichestvo_30-ml";"2023-05-02T21:45:28+03:00";""
"https://kirkland.in.ua/all-products/kosmetikaru/filters/kolichestvo_250-ml/dlya-chego_perhotvipadenie-volos";"2023-05-02T21:45:28+03:00";""
"https://kirkland.in.ua/all-products/kosmetikaru/filters/strana-proizvoditel_angliya/dlya-chego_yvlajnenie";"2023-05-02T21:45:28+03:00";""
"https://kirkland.in.ua/all-products/kosmetikaru/filters/strana-proizvoditel_angliya/veschestvo_maslo-jojoba-persika-i-aloe-vera";"2023-05-02T21:45:28+03:00";""
"https://kirkland.in.ua/all-products/kosmetikaru/filters/strana-proizvoditel_angliya/veschestvo_maslo-jojoba-klybniki-semyan-arbyza-i-aloe-vera";"2023-05-02T21:45:28+03:00";""
"https://kirkland.in.ua/all-products/kosmetikaru/filters/strana-proizvoditel_angliya/dlya-chego_omolojenie";"2023-05-02T21:45:28+03:00";""
"https://kirkland.in.ua/all-products/kosmetikaru/filters/strana-proizvoditel_angliya/kolichestvo_100-ml";"2023-05-02T21:45:28+03:00";""
"https://kirkland.in.ua/all-products/kosmetikaru/filters/strana-proizvoditel_britaniya/kolichestvo_75-ml";"2023-05-02T21:45:28+03:00";""
"https://kirkland.in.ua/all-products/kosmetikaru/filters/strana-proizvoditel_britaniya/dlya-chego_otbelivanie";"2023-05-02T21:45:28+03:00";""
"https://kirkland.in.ua/all-products/kosmetikaru/filters/strana-proizvoditel_germaniya/kolichestvo_120-ml";"2023-05-02T21:45:28+03:00";""
"https://kirkland.in.ua/all-products/kosmetikaru/filters/strana-proizvoditel_germaniya/kolichestvo_15-g";"2023-05-02T21:45:28+03:00";""
"https://kirkland.in.ua/all-products/kosmetikaru/filters/strana-proizvoditel_germaniya/dlya-chego_melanodermiyaaknevesnyshki";"2023-05-02T21:45:28+03:00";""
"https://kirkland.in.ua/all-products/kosmetikaru/filters/strana-proizvoditel_germaniya/dlya-chego_zdorove-koji-lica";"2023-05-02T21:45:28+03:00";""
"https://kirkland.in.ua/all-products/kosmetikaru/filters/strana-proizvoditel_germaniya/forma-vipyska_krem";"2023-05-02T21:45:28+03:00";""
"https://kirkland.in.ua/all-products/kosmetikaru/filters/strana-proizvoditel_indiya/dlya-chego_zdorove-koji-lica";"2023-05-02T21:45:28+03:00";""
"https://kirkland.in.ua/all-products/kosmetikaru/filters/strana-proizvoditel_germaniya/forma-vipyska_flakon";"2023-05-02T21:45:28+03:00";""
"https://kirkland.in.ua/all-products/kosmetikaru/filters/strana-proizvoditel_indiya/dlya-chego_dlya-chyvstvitelnih-zybov";"2023-05-02T21:45:28+03:00";""
"https://kirkland.in.ua/all-products/kosmetikaru/filters/strana-proizvoditel_indiya/dlya-chego_dlya-rosta-volos";"2023-05-02T21:45:28+03:00";""
"https://kirkland.in.ua/all-products/kosmetikaru/filters/strana-proizvoditel_indiya/dlya-chego_zdorove-zybov-i-desen";"2023-05-02T21:45:28+03:00";""
"https://kirkland.in.ua/all-products/kosmetikaru/filters/strana-proizvoditel_indiya/dlya-chego_zdorove-desen";"2023-05-02T21:45:28+03:00";""
"https://kirkland.in.ua/all-products/kosmetikaru/filters/strana-proizvoditel_indiya/dlya-chego_lechenie-prischeji";"2023-05-02T21:45:28+03:00";""
"https://kirkland.in.ua/all-products/kosmetikaru/filters/strana-proizvoditel_indiya/kolichestvo_50-ml";"2023-05-02T21:45:28+03:00";""
"https://kirkland.in.ua/all-products/kosmetikaru/filters/strana-proizvoditel_indiya/dlya-chego_yvlajnenie-pyatok";"2023-05-02T21:45:28+03:00";""
"https://kirkland.in.ua/all-products/kosmetikaru/filters/strana-proizvoditel_indiya/kolichestvo_60-ml";"2023-05-02T21:45:28+03:00";""
"https://kirkland.in.ua/all-products/kosmetikaru/filters/strana-proizvoditel_indiya/kolichestvo_80-g";"2023-05-02T21:45:28+03:00";""
"https://kirkland.in.ua/all-products/kosmetikaru/filters/strana-proizvoditel_indiya/kolichestvo_50-g";"2023-05-02T21:45:28+03:00";""
"https://kirkland.in.ua/all-products/kosmetikaru/filters/strana-proizvoditel_indiya/kolichestvo_100-g";"2023-05-02T21:45:28+03:00";""
"https://kirkland.in.ua/all-products/kosmetikaru/filters/strana-proizvoditel_indiya/dlya-chego_ykreplenie-zdorove-volos";"2023-05-02T21:45:28+03:00";""
"https://kirkland.in.ua/all-products/kosmetikaru/filters/strana-proizvoditel_indiya/kolichestvo_100-ml";"2023-05-02T21:45:28+03:00";""
"https://kirkland.in.ua/all-products/kosmetikaru/filters/strana-proizvoditel_indiya/dlya-chego_ykreplenie-korneji-volos";"2023-05-02T21:45:28+03:00";""
"https://kirkland.in.ua/all-products/kosmetikaru/filters/strana-proizvoditel_indiya/kolichestvo_20-g";"2023-05-02T21:45:28+03:00";""
"https://kirkland.in.ua/all-products/kosmetikaru/filters/strana-proizvoditel_indiya/kolichestvo_125-g";"2023-05-02T21:45:28+03:00";""
"https://kirkland.in.ua/all-products/kosmetikaru/filters/strana-proizvoditel_indiya/forma-vipyska_korobka";"2023-05-02T21:45:28+03:00";""
"https://kirkland.in.ua/all-products/kosmetikaru/filters/strana-proizvoditel_indiya/forma-vipyska_banka";"2023-05-02T21:45:28+03:00";""
"https://kirkland.in.ua/all-products/kosmetikaru/filters/strana-proizvoditel_indiya/forma-vipyska_tyba";"2023-05-02T21:45:28+03:00";""
"https://kirkland.in.ua/all-products/kosmetikaru/filters/strana-proizvoditel_indiya/kolichestvo_75-g";"2023-05-02T21:45:28+03:00";""
"https://kirkland.in.ua/all-products/kosmetikaru/filters/strana-proizvoditel_indiya/forma-vipyska_flakon";"2023-05-02T21:45:28+03:00";""
"https://kirkland.in.ua/all-products/kosmetikaru/filters/strana-proizvoditel_irlandiya/kolichestvo_100-g";"2023-05-02T21:45:28+03:00";""
"https://kirkland.in.ua/all-products/kosmetikaru/filters/strana-proizvoditel_irlandiya/forma-vipyska_flakon";"2023-05-02T21:45:28+03:00";""
"https://kirkland.in.ua/all-products/kosmetikaru/filters/strana-proizvoditel_ispaniya/dlya-chego_zdorove-koji-lica-shei-i-zoni-dekolte";"2023-05-02T21:45:28+03:00";""
"https://kirkland.in.ua/all-products/kosmetikaru/filters/strana-proizvoditel_niderlandi/veschestvo_minerali-mertvogo-morya";"2023-05-02T21:45:28+03:00";""
"https://kirkland.in.ua/all-products/kosmetikaru/filters/strana-proizvoditel_ispaniya/kolichestvo_40-ml";"2023-05-02T21:45:28+03:00";""
"https://kirkland.in.ua/all-products/kosmetikaru/filters/strana-proizvoditel_ispaniya/kolichestvo_400-ml";"2023-05-02T21:45:28+03:00";""
"https://kirkland.in.ua/all-products/kosmetikaru/filters/strana-proizvoditel_niderlandi/dlya-chego_dlya-oblasti-vokryg-glaz";"2023-05-02T21:45:28+03:00";""
"https://kirkland.in.ua/all-products/kosmetikaru/filters/strana-proizvoditel_niderlandi/veschestvo_zeleniji-chaji";"2023-05-02T21:45:28+03:00";""
"https://kirkland.in.ua/all-products/kosmetikaru/filters/strana-proizvoditel_niderlandi/veschestvo_chesnochniji-shampyn";"2023-05-02T21:45:28+03:00";""
"https://kirkland.in.ua/all-products/kosmetikaru/filters/strana-proizvoditel_niderlandi/dlya-chego_dlya-bolee-gystih-volos";"2023-05-02T21:45:28+03:00";""
"https://kirkland.in.ua/all-products/kosmetikaru/filters/strana-proizvoditel_ispaniya/forma-vipyska_tyba";"2023-05-02T21:45:28+03:00";""
"https://kirkland.in.ua/all-products/kosmetikaru/filters/strana-proizvoditel_niderlandi/veschestvo_maslo-makadamii";"2023-05-02T21:45:28+03:00";""
"https://kirkland.in.ua/all-products/kosmetikaru/filters/strana-proizvoditel_niderlandi/kolichestvo_50-ml";"2023-05-02T21:45:28+03:00";""
"https://kirkland.in.ua/all-products/kosmetikaru/filters/strana-proizvoditel_niderlandi/dlya-chego_perhotvipadenie-volos";"2023-05-02T21:45:28+03:00";""
"https://kirkland.in.ua/all-products/kosmetikaru/filters/strana-proizvoditel_niderlandi/dlya-chego_ochischenie";"2023-05-02T21:45:28+03:00";""
"https://kirkland.in.ua/all-products/kosmetikaru/filters/strana-proizvoditel_niderlandi/kolichestvo_15-ml";"2023-05-02T21:45:28+03:00";""
"https://kirkland.in.ua/all-products/kosmetikaru/filters/strana-proizvoditel_niderlandi/dlya-chego_dlya-lica";"2023-05-02T21:45:28+03:00";""
"https://kirkland.in.ua/all-products/kosmetikaru/filters/strana-proizvoditel_niderlandi/veschestvo_mindalnoe-maslo";"2023-05-02T21:45:28+03:00";""
"https://kirkland.in.ua/all-products/kosmetikaru/filters/strana-proizvoditel_polsha/kolichestvo_50-ml";"2023-05-02T21:45:28+03:00";""
"https://kirkland.in.ua/all-products/kosmetikaru/filters/strana-proizvoditel_niderlandi/kolichestvo_250-ml";"2023-05-02T21:45:28+03:00";""
"https://kirkland.in.ua/all-products/kosmetikaru/filters/strana-proizvoditel_niderlandi/forma-vipyska_krem-balzam";"2023-05-02T21:45:28+03:00";""
"https://kirkland.in.ua/all-products/kosmetikaru/filters/strana-proizvoditel_polsha/kolichestvo_100-ml";"2023-05-02T21:45:28+03:00";""
"https://kirkland.in.ua/all-products/kosmetikaru/filters/strana-proizvoditel_polsha/dlya-chego_yvlajnenie";"2023-05-02T21:45:28+03:00";""
"https://kirkland.in.ua/all-products/kosmetikaru/filters/strana-proizvoditel_niderlandi/forma-vipyska_150-ml";"2023-05-02T21:45:28+03:00";""
"https://kirkland.in.ua/all-products/kosmetikaru/filters/strana-proizvoditel_niderlandi/kolichestvo_150-ml";"2023-05-02T21:45:28+03:00";""
"https://kirkland.in.ua/all-products/kosmetikaru/filters/strana-proizvoditel_ssha/dlya-chego_pitanie";"2023-05-02T21:45:28+03:00";""
"https://kirkland.in.ua/all-products/kosmetikaru/filters/strana-proizvoditel_ssha/dlya-chego_antivozrastnaya";"2023-05-02T21:45:28+03:00";""
"https://kirkland.in.ua/all-products/kosmetikaru/filters/strana-proizvoditel_ssha/dlya-chego_pitanie-vosstanovlenie";"2023-05-02T21:45:28+03:00";""
"https://kirkland.in.ua/all-products/kosmetikaru/filters/strana-proizvoditel_ssha/dlya-chego_antivozrastnoe";"2023-05-02T21:45:28+03:00";""
"https://kirkland.in.ua/all-products/kosmetikaru/filters/strana-proizvoditel_ssha/dlya-chego_yvlajnenie-pitanie";"2023-05-02T21:45:28+03:00";""
"https://kirkland.in.ua/all-products/kosmetikaru/filters/strana-proizvoditel_ssha/kolichestvo_60-ml";"2023-05-02T21:45:28+03:00";""
"https://kirkland.in.ua/all-products/kosmetikaru/filters/strana-proizvoditel_franciya/veschestvo_gialyronovaya-kislota-sylfadiazin-serebra";"2023-05-02T21:45:28+03:00";""
"https://kirkland.in.ua/all-products/kosmetikaru/filters/strana-proizvoditel_franciya/dlya-chego_pitanie";"2023-05-02T21:45:28+03:00";""
"https://kirkland.in.ua/all-products/kosmetikaru/filters/strana-proizvoditel_ssha/dlya-chego_vosstanovlenie";"2023-05-02T21:45:28+03:00";""
"https://kirkland.in.ua/all-products/kosmetikaru/filters/strana-proizvoditel_ssha/kolichestvo_30-ml";"2023-05-02T21:45:28+03:00";""
"https://kirkland.in.ua/all-products/kosmetikaru/filters/strana-proizvoditel_ssha/dlya-chego_yvlajnenie";"2023-05-02T21:45:28+03:00";""
"https://kirkland.in.ua/all-products/kosmetikaru/filters/strana-proizvoditel_franciya/kolichestvo_50-ml";"2023-05-02T21:45:28+03:00";""
"https://kirkland.in.ua/all-products/kosmetikaru/filters/strana-proizvoditel_franciya/veschestvo_retinol";"2023-05-02T21:45:28+03:00";""
"https://kirkland.in.ua/all-products/kosmetikaru/filters/strana-proizvoditel_franciya/dlya-chego_yvlajnenie-i-pitanie";"2023-05-02T21:45:28+03:00";""
"https://kirkland.in.ua/all-products/kosmetikaru/filters/strana-proizvoditel_franciya/kolichestvo_25-ml";"2023-05-02T21:45:28+03:00";""
"https://kirkland.in.ua/all-products/kosmetikaru/filters/strana-proizvoditel_franciya/dlya-chego_yvlajnyaschiji";"2023-05-02T21:45:28+03:00";""
"https://kirkland.in.ua/all-products/kosmetikaru/filters/strana-proizvoditel_franciya/dlya-chego_yvlajnyauschiji";"2023-05-02T21:45:28+03:00";""
"https://kirkland.in.ua/all-products/kosmetikaru/filters/strana-proizvoditel_franciya/dlya-chego_yvlajnenie-pyatok";"2023-05-02T21:45:28+03:00";""
"https://kirkland.in.ua/all-products/kosmetikaru/filters/strana-proizvoditel_franciya/dlya-chego_otbelivanie";"2023-05-02T21:45:28+03:00";""
"https://kirkland.in.ua/all-products/kosmetikaru/filters/strana-proizvoditel_franciya/kolichestvo_30-ml";"2023-05-02T21:45:28+03:00";""
"https://kirkland.in.ua/all-products/kosmetikaru/filters/strana-proizvoditel_ujnaya-koreya/dlya-chego_dlya-gyb";"2023-05-02T21:45:28+03:00";""
"https://kirkland.in.ua/all-products/kosmetikaru/filters/strana-proizvoditel_franciya/kolichestvo_100-ml";"2023-05-02T21:45:28+03:00";""
"https://kirkland.in.ua/all-products/kosmetikaru/filters/strana-proizvoditel_ujnaya-koreya/veschestvo_botylinicheskiji-toksin-tipa-a-sivorotochniji-albymin-cheloveka-05-mg-hlorid-natriya-09-mg";"2023-05-02T21:45:28+03:00";""
"https://kirkland.in.ua/all-products/kosmetikaru/filters/strana-proizvoditel_ujnaya-koreya/dlya-chego_dlya-gyb-dlya-skyl-dlya-formirovaniya-ovala-lica";"2023-05-02T21:45:28+03:00";""
"https://kirkland.in.ua/all-products/kosmetikaru/filters/strana-proizvoditel_ujnaya-koreya/veschestvo_stabilizirovannaya-gialyronovaya-kislota-lidokain";"2023-05-02T21:45:28+03:00";""
"https://kirkland.in.ua/all-products/kosmetikaru/filters/strana-proizvoditel_ujnaya-koreya/dlya-chego_vosstanovlenie-ytrachennih-obemov-zoni-schek-podborodkatonkie-gybi";"2023-05-02T21:45:28+03:00";""
"https://kirkland.in.ua/all-products/kosmetikaru/filters/strana-proizvoditel_ujnaya-koreya/kolichestvo_11-ml";"2023-05-02T21:45:28+03:00";""
"https://kirkland.in.ua/all-products/kosmetikaru/filters/strana-proizvoditel_franciya/kolichestvo_200-ml";"2023-05-02T21:45:28+03:00";""
"https://kirkland.in.ua/all-products/kosmetikaru/filters/strana-proizvoditel_franciya/forma-vipyska_flakon";"2023-05-02T21:45:28+03:00";""
"https://kirkland.in.ua/all-products/kosmetikaru/filters/strana-proizvoditel_ujnaya-koreya/dlya-chego_dlya-gyb-dlya-formirovaniya-ovala-lica";"2023-05-02T21:45:28+03:00";""
"https://kirkland.in.ua/all-products/kosmetikaru/filters/strana-proizvoditel_franciya/forma-vipyska_banka";"2023-05-02T21:45:28+03:00";""
"https://kirkland.in.ua/all-products/kosmetikaru/filters/strana-proizvoditel_ujnaya-koreya/kolichestvo_1-flakon-100-ed";"2023-05-02T21:45:28+03:00";""
"https://kirkland.in.ua/all-products/kosmetikaru/filters/forma-vipyska_150-ml/strana-proizvoditel_niderlandi";"2023-05-02T21:45:28+03:00";""
"https://kirkland.in.ua/all-products/kosmetikaru/filters/forma-vipyska_korobka/kolichestvo_125-g";"2023-05-02T21:45:28+03:00";""
"https://kirkland.in.ua/all-products/kosmetikaru/filters/forma-vipyska_banka/kolichestvo_100-ml";"2023-05-02T21:45:28+03:00";""
"https://kirkland.in.ua/all-products/kosmetikaru/filters/forma-vipyska_150-ml/veschestvo_zeleniji-chaji";"2023-05-02T21:45:28+03:00";""
"https://kirkland.in.ua/all-products/kosmetikaru/filters/forma-vipyska_banka/strana-proizvoditel_franciya";"2023-05-02T21:45:28+03:00";""
"https://kirkland.in.ua/all-products/kosmetikaru/filters/forma-vipyska_banka/strana-proizvoditel_indiya";"2023-05-02T21:45:28+03:00";""
"https://kirkland.in.ua/all-products/kosmetikaru/filters/forma-vipyska_banka/dlya-chego_ykreplenie-korneji-volos";"2023-05-02T21:45:28+03:00";""
"https://kirkland.in.ua/all-products/kosmetikaru/filters/forma-vipyska_korobka/kolichestvo_75-g";"2023-05-02T21:45:28+03:00";""
"https://kirkland.in.ua/all-products/kosmetikaru/filters/forma-vipyska_korobka/strana-proizvoditel_indiya";"2023-05-02T21:45:28+03:00";""
"https://kirkland.in.ua/all-products/kosmetikaru/filters/forma-vipyska_korobka/dlya-chego_zdorove-koji-lica";"2023-05-02T21:45:28+03:00";""
"https://kirkland.in.ua/all-products/kosmetikaru/filters/forma-vipyska_banka/veschestvo_gialyronovaya-kislota-sylfadiazin-serebra";"2023-05-02T21:45:28+03:00";""
"https://kirkland.in.ua/all-products/kosmetikaru/filters/forma-vipyska_banka/kolichestvo_100-g";"2023-05-02T21:45:28+03:00";""
"https://kirkland.in.ua/all-products/kosmetikaru/filters/forma-vipyska_krem-balzam/kolichestvo_15-ml";"2023-05-02T21:45:28+03:00";""
"https://kirkland.in.ua/all-products/kosmetikaru/filters/forma-vipyska_krem/strana-proizvoditel_germaniya";"2023-05-02T21:45:28+03:00";""
"https://kirkland.in.ua/all-products/kosmetikaru/filters/forma-vipyska_krem/kolichestvo_15-g";"2023-05-02T21:45:28+03:00";""
"https://kirkland.in.ua/all-products/kosmetikaru/filters/forma-vipyska_tyba/dlya-chego_zdorove-desen";"2023-05-02T21:45:28+03:00";""
"https://kirkland.in.ua/all-products/kosmetikaru/filters/forma-vipyska_krem/dlya-chego_melanodermiyaaknevesnyshki";"2023-05-02T21:45:28+03:00";""
"https://kirkland.in.ua/all-products/kosmetikaru/filters/forma-vipyska_tyba/dlya-chego_zdorove-koji-lica-shei-i-zoni-dekolte";"2023-05-02T21:45:28+03:00";""
"https://kirkland.in.ua/all-products/kosmetikaru/filters/forma-vipyska_tyba/dlya-chego_dlya-chyvstvitelnih-zybov";"2023-05-02T21:45:28+03:00";""
"https://kirkland.in.ua/all-products/kosmetikaru/filters/forma-vipyska_krem-balzam/dlya-chego_dlya-oblasti-vokryg-glaz";"2023-05-02T21:45:28+03:00";""
"https://kirkland.in.ua/all-products/kosmetikaru/filters/forma-vipyska_tyba/dlya-chego_zdorove-zybov-i-desen";"2023-05-02T21:45:28+03:00";""
"https://kirkland.in.ua/all-products/kosmetikaru/filters/forma-vipyska_tyba/dlya-chego_ykreplenie-zdorovya-desen-i-zybov";"2023-05-02T21:45:28+03:00";""
"https://kirkland.in.ua/all-products/kosmetikaru/filters/forma-vipyska_tyba/kolichestvo_40-ml";"2023-05-02T21:45:28+03:00";""
"https://kirkland.in.ua/all-products/kosmetikaru/filters/forma-vipyska_tyba/dlya-chego_yvlajnenie-pyatok";"2023-05-02T21:45:28+03:00";""
"https://kirkland.in.ua/all-products/kosmetikaru/filters/forma-vipyska_tyba/kolichestvo_50-g";"2023-05-02T21:45:28+03:00";""
"https://kirkland.in.ua/all-products/kosmetikaru/filters/forma-vipyska_tyba/kolichestvo_50-ml";"2023-05-02T21:45:28+03:00";""
"https://kirkland.in.ua/all-products/kosmetikaru/filters/forma-vipyska_tyba/strana-proizvoditel_indiya";"2023-05-02T21:45:28+03:00";""
"https://kirkland.in.ua/all-products/kosmetikaru/filters/forma-vipyska_tyba/strana-proizvoditel_ispaniya";"2023-05-02T21:45:28+03:00";""
"https://kirkland.in.ua/all-products/kosmetikaru/filters/forma-vipyska_flakon/dlya-chego_ykreplenie-korneji-volos";"2023-05-02T21:45:28+03:00";""
"https://kirkland.in.ua/all-products/kosmetikaru/filters/forma-vipyska_tyba/kolichestvo_20-g";"2023-05-02T21:45:28+03:00";""
"https://kirkland.in.ua/all-products/kosmetikaru/filters/forma-vipyska_flakon/dlya-chego_zdorove-koji-lica";"2023-05-02T21:45:28+03:00";""
"https://kirkland.in.ua/all-products/kosmetikaru/filters/forma-vipyska_tyba/kolichestvo_100-g";"2023-05-02T21:45:28+03:00";""
"https://kirkland.in.ua/all-products/kosmetikaru/filters/forma-vipyska_tyba/dlya-chego_otbelivanie-zybov";"2023-05-02T21:45:28+03:00";""
"https://kirkland.in.ua/all-products/kosmetikaru/filters/forma-vipyska_tyba/kolichestvo_100-ml";"2023-05-02T21:45:28+03:00";""
"https://kirkland.in.ua/all-products/kosmetikaru/filters/forma-vipyska_flakon/dlya-chego_yvlajnenie-koji-lica";"2023-05-02T21:45:28+03:00";""
"https://kirkland.in.ua/all-products/kosmetikaru/filters/forma-vipyska_flakon/strana-proizvoditel_irlandiya";"2023-05-02T21:45:28+03:00";""
"https://kirkland.in.ua/all-products/kosmetikaru/filters/forma-vipyska_flakon/strana-proizvoditel_franciya";"2023-05-02T21:45:28+03:00";""
"https://kirkland.in.ua/all-products/kosmetikaru/filters/forma-vipyska_flakon/dlya-chego_ykreplenie-zdorove-volos";"2023-05-02T21:45:28+03:00";""
"https://kirkland.in.ua/all-products/kosmetikaru/filters/forma-vipyska_flakon/kolichestvo_120-ml";"2023-05-02T21:45:28+03:00";""
"https://kirkland.in.ua/all-products/kosmetikaru/filters/forma-vipyska_flakon/kolichestvo_60-ml";"2023-05-02T21:45:28+03:00";""
"https://kirkland.in.ua/all-products/kosmetikaru/filters/forma-vipyska_flakon/kolichestvo_100-ml";"2023-05-02T21:45:28+03:00";""
"https://kirkland.in.ua/all-products/kosmetikaru/filters/forma-vipyska_flakon/kolichestvo_30-ml";"2023-05-02T21:45:28+03:00";""
"https://kirkland.in.ua/all-products/kosmetikaru/filters/forma-vipyska_flakon/kolichestvo_100-g";"2023-05-02T21:45:28+03:00";""
"https://kirkland.in.ua/all-products/kosmetikaru/filters/forma-vipyska_flakon/strana-proizvoditel_indiya";"2023-05-02T21:45:28+03:00";""
"https://kirkland.in.ua/all-products/kosmetikaru/filters/forma-vipyska_sharikoviji-dezodorant/kolichestvo_50-ml";"2023-05-02T21:45:28+03:00";""
"https://kirkland.in.ua/all-products/kosmetikaru/filters/forma-vipyska_sharikoviji-dezodorant/strana-proizvoditel_niderlandi";"2023-05-02T21:45:28+03:00";""
"https://kirkland.in.ua/all-products/kosmetikaru/filters/forma-vipyska_flakon/strana-proizvoditel_germaniya";"2023-05-02T21:45:28+03:00";""
"https://kirkland.in.ua/all-products/oporno-dvigatelnyi-aparat/filters/veschestvo_glukozamin-hondroitin/strana-proizvoditel_tyrciya";"2023-05-02T21:45:28+03:00";""
"https://kirkland.in.ua/all-products/oporno-dvigatelnyi-aparat/filters/veschestvo_kapsaicin/forma-vipyska_tyba";"2023-05-02T21:45:28+03:00";""
"https://kirkland.in.ua/all-products/oporno-dvigatelnyi-aparat/filters/veschestvo_glukozamin-hondroitin/dlya-chego_podvijnost-kosteji-i-systavov";"2023-05-02T21:45:28+03:00";""
"https://kirkland.in.ua/all-products/oporno-dvigatelnyi-aparat/filters/veschestvo_kapsaicin/kolichestvo_45-gramm";"2023-05-02T21:45:28+03:00";""
"https://kirkland.in.ua/all-products/oporno-dvigatelnyi-aparat/filters/veschestvo_ibyprofen/forma-vipyska_krem";"2023-05-02T21:45:28+03:00";""
"https://kirkland.in.ua/all-products/oporno-dvigatelnyi-aparat/filters/veschestvo_metil-salizilat-mentol/kolichestvo_50-gramm";"2023-05-02T21:45:28+03:00";""
"https://kirkland.in.ua/all-products/oporno-dvigatelnyi-aparat/filters/veschestvo_metil-salizilat-mentol/forma-vipyska_tyba";"2023-05-02T21:45:28+03:00";""
"https://kirkland.in.ua/all-products/oporno-dvigatelnyi-aparat/filters/veschestvo_ibyprofen/kolichestvo_50-g";"2023-05-02T21:45:28+03:00";""
"https://kirkland.in.ua/all-products/oporno-dvigatelnyi-aparat/filters/veschestvo_metil-salizilat-mentol/strana-proizvoditel_tyrciya";"2023-05-02T21:45:28+03:00";""
"https://kirkland.in.ua/all-products/oporno-dvigatelnyi-aparat/filters/veschestvo_nimesylid/kolichestvo_tyba-50-gramm";"2023-05-02T21:45:28+03:00";""
"https://kirkland.in.ua/all-products/oporno-dvigatelnyi-aparat/filters/dlya-chego_protivovospalitelnoe-sredstvo/strana-proizvoditel_ssha";"2023-05-02T21:45:28+03:00";""
"https://kirkland.in.ua/all-products/oporno-dvigatelnyi-aparat/filters/dlya-chego_podvijnost-kosteji-i-systavov/strana-proizvoditel_tyrciya";"2023-05-02T21:45:28+03:00";""
"https://kirkland.in.ua/all-products/oporno-dvigatelnyi-aparat/filters/dlya-chego_podvijnost-kosteji-i-systavov/kolichestvo_100-ml";"2023-05-02T21:45:28+03:00";""
"https://kirkland.in.ua/all-products/oporno-dvigatelnyi-aparat/filters/dlya-chego_podvijnost-kosteji-i-systavov/veschestvo_glukozamin-hondroitin";"2023-05-02T21:45:28+03:00";""
"https://kirkland.in.ua/all-products/oporno-dvigatelnyi-aparat/filters/dlya-chego_protivovospalitelnoe-sredstvo/kolichestvo_500";"2023-05-02T21:45:28+03:00";""
"https://kirkland.in.ua/all-products/oporno-dvigatelnyi-aparat/filters/veschestvo_metilsalicilat/strana-proizvoditel_tyrciya";"2023-05-02T21:45:28+03:00";""
"https://kirkland.in.ua/all-products/oporno-dvigatelnyi-aparat/filters/dlya-chego_lechenie-oporno-dvigatelnoji-sistemi/strana-proizvoditel_indiya";"2023-05-02T21:45:28+03:00";""
"https://kirkland.in.ua/all-products/oporno-dvigatelnyi-aparat/filters/veschestvo_nimesylid/strana-proizvoditel_tyrciya";"2023-05-02T21:45:28+03:00";""
"https://kirkland.in.ua/all-products/oporno-dvigatelnyi-aparat/filters/dlya-chego_lechenie-oporno-dvigatelnoji-sistemi/kolichestvo_60-ml";"2023-05-02T21:45:28+03:00";""
"https://kirkland.in.ua/all-products/oporno-dvigatelnyi-aparat/filters/kolichestvo_45-gramm/veschestvo_kapsaicin";"2023-05-02T21:45:28+03:00";""
"https://kirkland.in.ua/all-products/oporno-dvigatelnyi-aparat/filters/dlya-chego_lechenie-oporno-dvigatelnoji-sistemi/forma-vipyska_flakon";"2023-05-02T21:45:28+03:00";""
"https://kirkland.in.ua/all-products/oporno-dvigatelnyi-aparat/filters/kolichestvo_tyba-50-gramm/veschestvo_metilsalicilat";"2023-05-02T21:45:28+03:00";""
"https://kirkland.in.ua/all-products/oporno-dvigatelnyi-aparat/filters/kolichestvo_45-gramm/forma-vipyska_tyba";"2023-05-02T21:45:28+03:00";""
"https://kirkland.in.ua/all-products/oporno-dvigatelnyi-aparat/filters/kolichestvo_50-gramm/forma-vipyska_tyba";"2023-05-02T21:45:28+03:00";""
"https://kirkland.in.ua/all-products/oporno-dvigatelnyi-aparat/filters/kolichestvo_50-g/forma-vipyska_krem";"2023-05-02T21:45:28+03:00";""
"https://kirkland.in.ua/all-products/oporno-dvigatelnyi-aparat/filters/kolichestvo_60-ml/dlya-chego_lechenie-oporno-dvigatelnoji-sistemi";"2023-05-02T21:45:28+03:00";""
"https://kirkland.in.ua/all-products/oporno-dvigatelnyi-aparat/filters/kolichestvo_50-gramm/strana-proizvoditel_tyrciya";"2023-05-02T21:45:28+03:00";""
"https://kirkland.in.ua/all-products/oporno-dvigatelnyi-aparat/filters/kolichestvo_500/strana-proizvoditel_ssha";"2023-05-02T21:45:28+03:00";""
"https://kirkland.in.ua/all-products/oporno-dvigatelnyi-aparat/filters/kolichestvo_60-ml/strana-proizvoditel_indiya";"2023-05-02T21:45:28+03:00";""
"https://kirkland.in.ua/all-products/oporno-dvigatelnyi-aparat/filters/kolichestvo_500/dlya-chego_protivovospalitelnoe-sredstvo";"2023-05-02T21:45:28+03:00";""
"https://kirkland.in.ua/all-products/oporno-dvigatelnyi-aparat/filters/kolichestvo_50-g/veschestvo_ibyprofen";"2023-05-02T21:45:28+03:00";""
"https://kirkland.in.ua/all-products/oporno-dvigatelnyi-aparat/filters/kolichestvo_60-ml/forma-vipyska_flakon";"2023-05-02T21:45:28+03:00";""
"https://kirkland.in.ua/all-products/oporno-dvigatelnyi-aparat/filters/kolichestvo_50-gramm/veschestvo_metil-salizilat-mentol";"2023-05-02T21:45:28+03:00";""
"https://kirkland.in.ua/all-products/oporno-dvigatelnyi-aparat/filters/kolichestvo_tyba-50-gramm/strana-proizvoditel_tyrciya";"2023-05-02T21:45:28+03:00";""
"https://kirkland.in.ua/all-products/oporno-dvigatelnyi-aparat/filters/strana-proizvoditel_indiya/kolichestvo_60-ml";"2023-05-02T21:45:28+03:00";""
"https://kirkland.in.ua/all-products/oporno-dvigatelnyi-aparat/filters/strana-proizvoditel_tyrciya/dlya-chego_podvijnost-kosteji-i-systavov";"2023-05-02T21:45:28+03:00";""
"https://kirkland.in.ua/all-products/oporno-dvigatelnyi-aparat/filters/strana-proizvoditel_tyrciya/veschestvo_nimesylid";"2023-05-02T21:45:28+03:00";""
"https://kirkland.in.ua/all-products/oporno-dvigatelnyi-aparat/filters/strana-proizvoditel_tyrciya/veschestvo_metilsalicilat";"2023-05-02T21:45:28+03:00";""
"https://kirkland.in.ua/all-products/oporno-dvigatelnyi-aparat/filters/kolichestvo_tyba-50-gramm/veschestvo_nimesylid";"2023-05-02T21:45:28+03:00";""
"https://kirkland.in.ua/all-products/oporno-dvigatelnyi-aparat/filters/strana-proizvoditel_tyrciya/veschestvo_metil-salizilat-mentol";"2023-05-02T21:45:28+03:00";""
"https://kirkland.in.ua/all-products/oporno-dvigatelnyi-aparat/filters/strana-proizvoditel_tyrciya/veschestvo_kapsaicin";"2023-05-02T21:45:28+03:00";""
"https://kirkland.in.ua/all-products/oporno-dvigatelnyi-aparat/filters/strana-proizvoditel_ssha/dlya-chego_protivovospalitelnoe-sredstvo";"2023-05-02T21:45:28+03:00";""
"https://kirkland.in.ua/all-products/oporno-dvigatelnyi-aparat/filters/strana-proizvoditel_tyrciya/veschestvo_glukozamin-hondroitin";"2023-05-02T21:45:28+03:00";""
"https://kirkland.in.ua/all-products/oporno-dvigatelnyi-aparat/filters/strana-proizvoditel_tyrciya/kolichestvo_50-gramm";"2023-05-02T21:45:28+03:00";""
"https://kirkland.in.ua/all-products/oporno-dvigatelnyi-aparat/filters/strana-proizvoditel_indiya/forma-vipyska_flakon";"2023-05-02T21:45:28+03:00";""
"https://kirkland.in.ua/all-products/oporno-dvigatelnyi-aparat/filters/strana-proizvoditel_tyrciya/kolichestvo_45-gramm";"2023-05-02T21:45:28+03:00";""
"https://kirkland.in.ua/all-products/oporno-dvigatelnyi-aparat/filters/forma-vipyska_tyba/kolichestvo_50-gramm";"2023-05-02T21:45:28+03:00";""
"https://kirkland.in.ua/all-products/oporno-dvigatelnyi-aparat/filters/strana-proizvoditel_tyrciya/kolichestvo_tyba-50-gramm";"2023-05-02T21:45:28+03:00";""
"https://kirkland.in.ua/all-products/oporno-dvigatelnyi-aparat/filters/strana-proizvoditel_tyrciya/forma-vipyska_tyba";"2023-05-02T21:45:28+03:00";""
"https://kirkland.in.ua/all-products/oporno-dvigatelnyi-aparat/filters/forma-vipyska_krem/kolichestvo_50-g";"2023-05-02T21:45:28+03:00";""
"https://kirkland.in.ua/all-products/oporno-dvigatelnyi-aparat/filters/forma-vipyska_tyba/kolichestvo_45-gramm";"2023-05-02T21:45:28+03:00";""
"https://kirkland.in.ua/all-products/oporno-dvigatelnyi-aparat/filters/forma-vipyska_flakon/dlya-chego_lechenie-oporno-dvigatelnoji-sistemi";"2023-05-02T21:45:28+03:00";""
"https://kirkland.in.ua/all-products/oporno-dvigatelnyi-aparat/filters/forma-vipyska_tyba/strana-proizvoditel_tyrciya";"2023-05-02T21:45:28+03:00";""
"https://kirkland.in.ua/all-products/oporno-dvigatelnyi-aparat/filters/forma-vipyska_krem/veschestvo_ibyprofen";"2023-05-02T21:45:28+03:00";""
"https://kirkland.in.ua/all-products/oporno-dvigatelnyi-aparat/filters/forma-vipyska_tyba/veschestvo_kapsaicin";"2023-05-02T21:45:28+03:00";""
"https://kirkland.in.ua/all-products/oporno-dvigatelnyi-aparat/filters/forma-vipyska_flakon/kolichestvo_60-ml";"2023-05-02T21:45:28+03:00";""
"https://kirkland.in.ua/all-products/oporno-dvigatelnyi-aparat/filters/forma-vipyska_tyba/veschestvo_metil-salizilat-mentol";"2023-05-02T21:45:28+03:00";""
"https://kirkland.in.ua/all-products/oporno-dvigatelnyi-aparat/filters/forma-vipyska_flakon/strana-proizvoditel_indiya";"2023-05-02T21:45:28+03:00";""
"https://kirkland.in.ua/all-products/intimnie-tovari/filters/kolichestvo_50-ml/forma-vipyska_spreji";"2023-05-02T21:45:28+03:00";""
"https://kirkland.in.ua/all-products/intimnie-tovari/filters/forma-vipyska_spreji/kolichestvo_50-ml";"2023-05-02T21:45:28+03:00";""
"https://kirkland.in.ua/all-products/intimnie-tovari/filters/strana-proizvoditel_tyrciya/forma-vipyska_gel";"2023-05-02T21:45:28+03:00";""
"https://kirkland.in.ua/all-products/intimnie-tovari/filters/kolichestvo_50-ml/strana-proizvoditel_tyrciya";"2023-05-02T21:45:28+03:00";""
"https://kirkland.in.ua/all-products/intimnie-tovari/filters/kolichestvo_50-ml/forma-vipyska_gel";"2023-05-02T21:45:28+03:00";""
"https://kirkland.in.ua/all-products/intimnie-tovari/filters/forma-vipyska_spreji/strana-proizvoditel_tyrciya";"2023-05-02T21:45:28+03:00";""
"https://kirkland.in.ua/all-products/intimnie-tovari/filters/forma-vipyska_gel/strana-proizvoditel_tyrciya";"2023-05-02T21:45:28+03:00";""
"https://kirkland.in.ua/all-products/filters/veschestvo_acido-ialuronico-005sulfadiazina-argentica-1/kolichestvo_10-sht";"2023-05-02T21:45:28+03:00";""
"https://kirkland.in.ua/all-products/filters/veschestvo_metilprednizolon-emylsiya-dnaryjn-prim-01/forma-vipyska_tyba-50g";"2023-05-02T21:45:28+03:00";""
"https://kirkland.in.ua/all-products/filters/veschestvo_metilprednizolon-emylsiya-dnaryjn-prim-01/strana-proizvoditel_irlandiya";"2023-05-02T21:45:28+03:00";""
"https://kirkland.in.ua/all-products/intimnie-tovari/filters/strana-proizvoditel_tyrciya/forma-vipyska_spreji";"2023-05-02T21:45:28+03:00";""
"https://kirkland.in.ua/all-products/filters/veschestvo_acido-ialuronico-005sulfadiazina-argentica-1/dlya-chego_lechenie-kojnih-povrejdeniji";"2023-05-02T21:45:28+03:00";""
"https://kirkland.in.ua/all-products/filters/veschestvo_benzoyl-peroxide/strana-proizvoditel_galderma-indiya";"2023-05-02T21:45:28+03:00";""
"https://kirkland.in.ua/all-products/filters/veschestvo_benzoyl-peroxide/forma-vipyska_tyba";"2023-05-02T21:45:28+03:00";""
"https://kirkland.in.ua/all-products/intimnie-tovari/filters/forma-vipyska_gel/kolichestvo_50-ml";"2023-05-02T21:45:28+03:00";""
"https://kirkland.in.ua/all-products/filters/veschestvo_mds17/kolichestvo_50-ml";"2023-05-02T21:45:28+03:00";""
"https://kirkland.in.ua/all-products/filters/veschestvo_miquimod/strana-proizvoditel_meda-ab-shveciya";"2023-05-02T21:45:28+03:00";""
"https://kirkland.in.ua/all-products/filters/veschestvo_isotretinoin/strana-proizvoditel_tyrciya";"2023-05-02T21:45:28+03:00";""
"https://kirkland.in.ua/all-products/filters/veschestvo_isotretinoin/forma-vipyska_kapsyli";"2023-05-02T21:45:28+03:00";""
"https://kirkland.in.ua/all-products/filters/veschestvo_mds17/kolichestvo_200-ml";"2023-05-02T21:45:28+03:00";""
"https://kirkland.in.ua/all-products/filters/veschestvo_mds17/forma-vipyska_tyba";"2023-05-02T21:45:28+03:00";""
"https://kirkland.in.ua/all-products/filters/veschestvo_mds17/dlya-chego_ekzema-psoriaz";"2023-05-02T21:45:28+03:00";""
"https://kirkland.in.ua/all-products/filters/veschestvo_miquimod/forma-vipyska_krem-dlya-naryjn-prim-5-pak-250mg-n12";"2023-05-02T21:45:28+03:00";""
"https://kirkland.in.ua/all-products/filters/veschestvo_omega-3/kolichestvo_250-ml";"2023-05-02T21:45:28+03:00";""
"https://kirkland.in.ua/all-products/filters/veschestvo_omega-3-lutein-vitamin-d3/strana-proizvoditel_norvegiya";"2023-05-02T21:45:28+03:00";""
"https://kirkland.in.ua/all-products/filters/veschestvo_adapalen/forma-vipyska_tyba-30-gramm";"2023-05-02T21:45:28+03:00";""
"https://kirkland.in.ua/all-products/filters/veschestvo_omega-3/strana-proizvoditel_norvegiya";"2023-05-02T21:45:28+03:00";""
"https://kirkland.in.ua/all-products/filters/veschestvo_tacrolimus/strana-proizvoditel_tyrciya";"2023-05-02T21:45:28+03:00";""
"https://kirkland.in.ua/all-products/filters/veschestvo_tacrolimus/forma-vipyska_tyba-30-g";"2023-05-02T21:45:28+03:00";""
"https://kirkland.in.ua/all-products/filters/veschestvo_adapalen/strana-proizvoditel_tyrciya";"2023-05-02T21:45:28+03:00";""
"https://kirkland.in.ua/all-products/filters/veschestvo_adapalen-01/strana-proizvoditel_galderma-franciya";"2023-05-02T21:45:28+03:00";""
"https://kirkland.in.ua/all-products/filters/veschestvo_adapalen-01/kolichestvo_30-g";"2023-05-02T21:45:28+03:00";""
"https://kirkland.in.ua/all-products/filters/veschestvo_azelainovaya-kislota/forma-vipyska_tyba-30-g";"2023-05-02T21:45:28+03:00";""
"https://kirkland.in.ua/all-products/filters/veschestvo_azelainovaya-kislota/strana-proizvoditel_orva-tyrciya";"2023-05-02T21:45:28+03:00";""
"https://kirkland.in.ua/all-products/filters/veschestvo_azelainovaya-koslota/strana-proizvoditel_tyrciya";"2023-05-02T21:45:28+03:00";""
"https://kirkland.in.ua/all-products/filters/veschestvo_adapalen-01/kolichestvo_krem-30-g";"2023-05-02T21:45:28+03:00";""
"https://kirkland.in.ua/all-products/filters/veschestvo_azelainovaya-koslota/kolichestvo_30-gramm";"2023-05-02T21:45:28+03:00";""
"https://kirkland.in.ua/all-products/filters/veschestvo_aloe-vera-pantenol-i-glicerin/kolichestvo_250-ml";"2023-05-02T21:45:28+03:00";""
"https://kirkland.in.ua/all-products/filters/veschestvo_aloe-vera-pantenol-i-glicerin/strana-proizvoditel_tyrciya";"2023-05-02T21:45:28+03:00";""
"https://kirkland.in.ua/all-products/filters/veschestvo_amorolfin/forma-vipyska_flakon-25-ml";"2023-05-02T21:45:28+03:00";""
"https://kirkland.in.ua/all-products/filters/veschestvo_amorilfin-gidrohlorid/kolichestvo_20g";"2023-05-02T21:45:28+03:00";""
"https://kirkland.in.ua/all-products/filters/veschestvo_bazilik-svyaschenniji/strana-proizvoditel_indiya";"2023-05-02T21:45:28+03:00";""
"https://kirkland.in.ua/all-products/filters/veschestvo_amorilfin-gidrohlorid/strana-proizvoditel_italiya";"2023-05-02T21:45:28+03:00";""
"https://kirkland.in.ua/all-products/filters/veschestvo_benzokain-gidrokortizon-acetat-erarin-natriya/forma-vipyska_tyba";"2023-05-02T21:45:28+03:00";""
"https://kirkland.in.ua/all-products/filters/veschestvo_benzokain-gidrokortizon-acetat-erarin-natriya/kolichestvo_30-gramm";"2023-05-02T21:45:28+03:00";""
"https://kirkland.in.ua/all-products/filters/veschestvo_bazilik-svyaschenniji/forma-vipyska_kapsyli";"2023-05-02T21:45:28+03:00";""
"https://kirkland.in.ua/all-products/filters/veschestvo_bazilik-svyaschenniji/kolichestvo_60-tabletok";"2023-05-02T21:45:28+03:00";""
"https://kirkland.in.ua/all-products/filters/veschestvo_benzokain-gidrokortizon-acetat-erarin-natriya/strana-proizvoditel_italiya";"2023-05-02T21:45:28+03:00";""
"https://kirkland.in.ua/all-products/filters/veschestvo_betametazon-kalcipotriol/strana-proizvoditel_leo-pharma-irlandiya";"2023-05-02T21:45:28+03:00";""
"https://kirkland.in.ua/all-products/filters/veschestvo_betametazon-kalcipotriol/forma-vipyska_tyba-30-g";"2023-05-02T21:45:28+03:00";""
"https://kirkland.in.ua/all-products/filters/veschestvo_bosveliya-serrata/kolichestvo_60-tabletok";"2023-05-02T21:45:28+03:00";""
"https://kirkland.in.ua/all-products/filters/veschestvo_bosveliya-serrata/strana-proizvoditel_indiya";"2023-05-02T21:45:28+03:00";""
"https://kirkland.in.ua/all-products/filters/veschestvo_vitamin-d3/kolichestvo_25-ml";"2023-05-02T21:45:28+03:00";""
"https://kirkland.in.ua/all-products/filters/veschestvo_bosveliya-serrata/forma-vipyska_kapsyli";"2023-05-02T21:45:28+03:00";""
"https://kirkland.in.ua/all-products/filters/veschestvo_vitaniya-snotvornaya/kolichestvo_60-tabletok";"2023-05-02T21:45:28+03:00";""
"https://kirkland.in.ua/all-products/filters/veschestvo_vitamin-d3/strana-proizvoditel_niderlandi";"2023-05-02T21:45:28+03:00";""
"https://kirkland.in.ua/all-products/filters/veschestvo_botylinicheskiji-toksin-tipa-a-sivorotochniji-albymin-cheloveka-05-mg-hlorid-natriya-09-mg/kolichestvo_1-flakon-100-ed";"2023-05-02T21:45:28+03:00";""
"https://kirkland.in.ua/all-products/filters/veschestvo_vitaniya-snotvornaya/strana-proizvoditel_indiya";"2023-05-02T21:45:28+03:00";""
"https://kirkland.in.ua/all-products/filters/veschestvo_vodniji-ekstrakt-triticum-vulgare-15-g/kolichestvo_10-sht";"2023-05-02T21:45:28+03:00";""
"https://kirkland.in.ua/all-products/filters/veschestvo_vodniji-ekstrakt-triticum-vulgare-15-g/dlya-chego_erozii";"2023-05-02T21:45:28+03:00";""
"https://kirkland.in.ua/all-products/filters/veschestvo_vitaniya-snotvornaya/forma-vipyska_kapsyli";"2023-05-02T21:45:28+03:00";""
"https://kirkland.in.ua/all-products/filters/veschestvo_vodniji-ekstrakt-triticum-vulgare-15-g/strana-proizvoditel_italiya";"2023-05-02T21:45:28+03:00";""
"https://kirkland.in.ua/all-products/filters/veschestvo_gialyronova-kislota-natrieva-sol-sylfadiazin-serebra/kolichestvo_25-gramm";"2023-05-02T21:45:28+03:00";""
"https://kirkland.in.ua/all-products/filters/veschestvo_gialyronovaya-kislota-natrievaya-sol-pav-deciloviji-efir-oleinovoji-kisloti/strana-proizvoditel_italiya";"2023-05-02T21:45:28+03:00";""
"https://kirkland.in.ua/all-products/filters/veschestvo_gialyronova-kislota-natrieva-sol-sylfadiazin-serebra/strana-proizvoditel_italiya";"2023-05-02T21:45:28+03:00";""
"https://kirkland.in.ua/all-products/filters/veschestvo_gialyronovaya-kislota-natrijinaya-sol-sylfadiazin-serebra/strana-proizvoditel_italiya";"2023-05-02T21:45:28+03:00";""
"https://kirkland.in.ua/all-products/filters/veschestvo_gialyronovaya-kislota-natrijinaya-sol-sylfadiazin-serebra/kolichestvo_25-gramm";"2023-05-02T21:45:28+03:00";""
"https://kirkland.in.ua/all-products/filters/veschestvo_gialyronovaya-kislota-sylfadiazin-serebra/dlya-chego_yvlajnenie-pyatok";"2023-05-02T21:45:28+03:00";""
"https://kirkland.in.ua/all-products/filters/veschestvo_gialyronova-kislota-natrieva-sol-sylfadiazin-serebra/forma-vipyska_tyba";"2023-05-02T21:45:28+03:00";""
"https://kirkland.in.ua/all-products/filters/veschestvo_gialyronovaya-kislota-sylfadiazin-serebra/kolichestvo_tyba-100-gramm";"2023-05-02T21:45:28+03:00";""
"https://kirkland.in.ua/all-products/filters/veschestvo_gialyronovaya-kislota-soli-natriya-i-vitamin-e/kolichestvo_spreji-50-ml";"2023-05-02T21:45:28+03:00";""
"https://kirkland.in.ua/all-products/filters/veschestvo_gialyronovaya-kislota-sylfadiazin-serebra/strana-proizvoditel_franciya";"2023-05-02T21:45:28+03:00";""
"https://kirkland.in.ua/all-products/filters/veschestvo_gialyronovaya-kislota-sylfadiazin-serebra/forma-vipyska_banka";"2023-05-02T21:45:28+03:00";""
"https://kirkland.in.ua/all-products/filters/veschestvo_gialyronovaya-kislota-sylfadiazin-serebra/strana-proizvoditel_italiya";"2023-05-02T21:45:28+03:00";""
"https://kirkland.in.ua/all-products/filters/veschestvo_gialyronovaya-kislota-soli-natriya-i-vitamin-e/strana-proizvoditel_italiya";"2023-05-02T21:45:28+03:00";""
"https://kirkland.in.ua/all-products/filters/veschestvo_gialyronovaya-kislota-sylfadiazin-serebra/kolichestvo_25-gramm";"2023-05-02T21:45:28+03:00";""
"https://kirkland.in.ua/all-products/filters/veschestvo_gialyronovaya-kislota-hondroitin-sylfata/strana-proizvoditel_italiya";"2023-05-02T21:45:28+03:00";""
"https://kirkland.in.ua/all-products/filters/veschestvo_gidrokortizon-fyzidovaya-kislota/forma-vipyska_tyba-30-g";"2023-05-02T21:45:28+03:00";""
"https://kirkland.in.ua/all-products/filters/veschestvo_gialyronovaya-kislota-hondroitin-sylfata/forma-vipyska_sashe";"2023-05-02T21:45:28+03:00";""
"https://kirkland.in.ua/all-products/filters/veschestvo_gidrokortizon-fyzidovaya-kislota/strana-proizvoditel_leo-pharma-irlandiya";"2023-05-02T21:45:28+03:00";""
"https://kirkland.in.ua/all-products/filters/veschestvo_gidrokortizona-acetat/kolichestvo_tyba-20-g";"2023-05-02T21:45:28+03:00";""
"https://kirkland.in.ua/all-products/filters/veschestvo_gidrokortizona-acetat/strana-proizvoditel_italiya";"2023-05-02T21:45:28+03:00";""
"https://kirkland.in.ua/all-products/filters/veschestvo_gidrokortizonacetat-benzokain-eskylin/kolichestvo_tyba-20-g";"2023-05-02T21:45:28+03:00";""
"https://kirkland.in.ua/all-products/filters/veschestvo_gidrokortizonacetat-benzokain-eskylin/kolichestvo_12-syppozitoriji";"2023-05-02T21:45:28+03:00";""
"https://kirkland.in.ua/all-products/filters/veschestvo_gidrohinon/strana-proizvoditel_orva-tyrciya";"2023-05-02T21:45:28+03:00";""
"https://kirkland.in.ua/all-products/filters/veschestvo_gidrokortizonacetat-benzokain-eskylin/strana-proizvoditel_italiya";"2023-05-02T21:45:28+03:00";""
"https://kirkland.in.ua/all-products/filters/veschestvo_gidrohinon/strana-proizvoditel_indiya";"2023-05-02T21:45:28+03:00";""
"https://kirkland.in.ua/all-products/filters/veschestvo_gidrohinon/forma-vipyska_tyba-30-g";"2023-05-02T21:45:28+03:00";""
"https://kirkland.in.ua/all-products/filters/veschestvo_glukozamin-hondroitin/kolichestvo_100-ml";"2023-05-02T21:45:28+03:00";""
"https://kirkland.in.ua/all-products/filters/veschestvo_gidrohinon/forma-vipyska_tyba";"2023-05-02T21:45:28+03:00";""
"https://kirkland.in.ua/all-products/filters/veschestvo_gidrohinon-2-tretinoin-0025-mometazona-fyroat-01/kolichestvo_15-g";"2023-05-02T21:45:28+03:00";""
"https://kirkland.in.ua/all-products/filters/veschestvo_gidrohinon-2-tretinoin-0025-mometazona-fyroat-01/strana-proizvoditel_indiya";"2023-05-02T21:45:28+03:00";""
"https://kirkland.in.ua/all-products/filters/veschestvo_dezonid-005/dlya-chego_lecheniya-psoriaza-ekzemi-dermatita-allergicheskih-reakciji";"2023-05-02T21:45:28+03:00";""
"https://kirkland.in.ua/all-products/filters/veschestvo_glukozamin-hondroitin/dlya-chego_podvijnost-kosteji-i-systavov";"2023-05-02T21:45:28+03:00";""
"https://kirkland.in.ua/all-products/filters/veschestvo_dezonid-005/kolichestvo_30-ml";"2023-05-02T21:45:28+03:00";""
"https://kirkland.in.ua/all-products/filters/veschestvo_glukozamin-hondroitin/strana-proizvoditel_tyrciya";"2023-05-02T21:45:28+03:00";""
"https://kirkland.in.ua/all-products/filters/veschestvo_ditranol-salicilovaya-k-ta-kamennoygolnaya-smola/kolichestvo_tyba-30-g";"2023-05-02T21:45:28+03:00";""
"https://kirkland.in.ua/all-products/filters/veschestvo_djimnema-silvestra/strana-proizvoditel_indiya";"2023-05-02T21:45:28+03:00";""
"https://kirkland.in.ua/all-products/filters/veschestvo_diflykortolona-valerat-gks-dlya-naryjnogo-primeneniya-okazivaet-protivovospalitelnoe-antiekssydativnoe-protivoallergicheskoe-i-protivozydnoe-dejistvie/strana-proizvoditel_bayer-healthcare-manufacturing-srl-italiya";"2023-05-02T21:45:28+03:00";""
"https://kirkland.in.ua/all-products/filters/veschestvo_djimnema-silvestra/forma-vipyska_kapsyli";"2023-05-02T21:45:28+03:00";""
"https://kirkland.in.ua/all-products/filters/veschestvo_diflykortolona-valerat-gks-dlya-naryjnogo-primeneniya-okazivaet-protivovospalitelnoe-antiekssydativnoe-protivoallergicheskoe-i-protivozydnoe-dejistvie/forma-vipyska_tyba-15-gramm";"2023-05-02T21:45:28+03:00";""
"https://kirkland.in.ua/all-products/filters/veschestvo_dezonid-005/forma-vipyska_loson";"2023-05-02T21:45:28+03:00";""
"https://kirkland.in.ua/all-products/filters/veschestvo_zeleniji-chaji/strana-proizvoditel_niderlandi";"2023-05-02T21:45:28+03:00";""
"https://kirkland.in.ua/all-products/filters/veschestvo_ditranol-salicilovaya-k-ta-kamennoygolnaya-smola/strana-proizvoditel_indiya";"2023-05-02T21:45:28+03:00";""
"https://kirkland.in.ua/all-products/filters/veschestvo_zeleniji-chaji/forma-vipyska_150-ml";"2023-05-02T21:45:28+03:00";""
"https://kirkland.in.ua/all-products/filters/veschestvo_ibyprofen/kolichestvo_50-g";"2023-05-02T21:45:28+03:00";""
"https://kirkland.in.ua/all-products/filters/veschestvo_zeleniji-chaji/dlya-chego_ochischenie";"2023-05-02T21:45:28+03:00";""
"https://kirkland.in.ua/all-products/filters/veschestvo_izikonazol-nitrat/strana-proizvoditel_tyrciya";"2023-05-02T21:45:28+03:00";""
"https://kirkland.in.ua/all-products/filters/veschestvo_ibyprofen/forma-vipyska_krem";"2023-05-02T21:45:28+03:00";""
"https://kirkland.in.ua/all-products/filters/veschestvo_izikonazol-nitrat/kolichestvo_30-gramm";"2023-05-02T21:45:28+03:00";""
"https://kirkland.in.ua/all-products/filters/veschestvo_izikonazol-nitrat/forma-vipyska_tyba";"2023-05-02T21:45:28+03:00";""
"https://kirkland.in.ua/all-products/filters/veschestvo_izotreksin-eritromicin/kolichestvo_30-g";"2023-05-02T21:45:28+03:00";""
"https://kirkland.in.ua/all-products/filters/veschestvo_izotretinoin/kolichestvo_30-sht";"2023-05-02T21:45:28+03:00";""
"https://kirkland.in.ua/all-products/filters/veschestvo_izotreksin-eritromicin/strana-proizvoditel_tyrciya";"2023-05-02T21:45:28+03:00";""
"https://kirkland.in.ua/all-products/filters/veschestvo_izotretinoin/strana-proizvoditel_tyrciya";"2023-05-02T21:45:28+03:00";""
"https://kirkland.in.ua/all-products/filters/veschestvo_izotretinoin-eritromicin/forma-vipyska_tyba-30-g";"2023-05-02T21:45:28+03:00";""
"https://kirkland.in.ua/all-products/filters/veschestvo_izotretinoin-eritromicin/dlya-chego_dlya-lecheniya-ygrevoji-sipi";"2023-05-02T21:45:28+03:00";""
"https://kirkland.in.ua/all-products/filters/veschestvo_kalcipotriol/forma-vipyska_tyba-30-g";"2023-05-02T21:45:28+03:00";""
"https://kirkland.in.ua/all-products/filters/veschestvo_kalcipotriol/strana-proizvoditel_leo-pharma";"2023-05-02T21:45:28+03:00";""
"https://kirkland.in.ua/all-products/filters/veschestvo_kalcipotriol/strana-proizvoditel_leo-pharma-irlandiya";"2023-05-02T21:45:28+03:00";""
"https://kirkland.in.ua/all-products/filters/veschestvo_kapsaicin/forma-vipyska_tyba";"2023-05-02T21:45:28+03:00";""
"https://kirkland.in.ua/all-products/filters/veschestvo_ketokain-gidrohlorid-flyocinolon-acetonid/kolichestvo_10-syppozitoriji";"2023-05-02T21:45:28+03:00";""
"https://kirkland.in.ua/all-products/filters/veschestvo_kalcipotriol/forma-vipyska_flakon-30-ml";"2023-05-02T21:45:28+03:00";""
"https://kirkland.in.ua/all-products/filters/veschestvo_kapsaicin/kolichestvo_45-gramm";"2023-05-02T21:45:28+03:00";""
"https://kirkland.in.ua/all-products/filters/veschestvo_kapsaicin/strana-proizvoditel_tyrciya";"2023-05-02T21:45:28+03:00";""
"https://kirkland.in.ua/all-products/filters/veschestvo_klindamicin/kolichestvo_30-ml";"2023-05-02T21:45:28+03:00";""
"https://kirkland.in.ua/all-products/filters/veschestvo_klindamicin/forma-vipyska_rozchin";"2023-05-02T21:45:28+03:00";""
"https://kirkland.in.ua/all-products/filters/veschestvo_klindamicin/strana-proizvoditel_pfizer-amerika";"2023-05-02T21:45:28+03:00";""
"https://kirkland.in.ua/all-products/filters/veschestvo_klobetazol/kolichestvo_50-g";"2023-05-02T21:45:28+03:00";""
"https://kirkland.in.ua/all-products/filters/veschestvo_klobetazol-005/dlya-chego_aytoimynnie-zabolevaniya-koji-psoriaz-ekzema-ploskiji-lishaji";"2023-05-02T21:45:28+03:00";""
"https://kirkland.in.ua/all-products/filters/veschestvo_klobetazol/forma-vipyska_metalleva-tyba";"2023-05-02T21:45:28+03:00";""
"https://kirkland.in.ua/all-products/filters/veschestvo_ketokain-gidrohlorid-flyocinolon-acetonid/strana-proizvoditel_italiya";"2023-05-02T21:45:28+03:00";""
"https://kirkland.in.ua/all-products/filters/veschestvo_klobetazol/kolichestvo_tyba-50g";"2023-05-02T21:45:28+03:00";""
"https://kirkland.in.ua/all-products/filters/veschestvo_klobetazol/strana-proizvoditel_tyrciya";"2023-05-02T21:45:28+03:00";""
"https://kirkland.in.ua/all-products/filters/veschestvo_klobetazol/kolichestvo_flakon-25ml";"2023-05-02T21:45:28+03:00";""
"https://kirkland.in.ua/all-products/filters/veschestvo_klobetazol/dlya-chego_psoriaz";"2023-05-02T21:45:28+03:00";""
"https://kirkland.in.ua/all-products/filters/veschestvo_klobetazol-005/kolichestvo_100-ml";"2023-05-02T21:45:28+03:00";""
"https://kirkland.in.ua/all-products/filters/veschestvo_klobetazol-005/strana-proizvoditel_indiya";"2023-05-02T21:45:28+03:00";""
"https://kirkland.in.ua/all-products/filters/veschestvo_klostebol-neomicin/strana-proizvoditel_italiya";"2023-05-02T21:45:28+03:00";""
"https://kirkland.in.ua/all-products/filters/veschestvo_klostebol-neomicin/kolichestvo_30-ml";"2023-05-02T21:45:28+03:00";""
"https://kirkland.in.ua/all-products/filters/veschestvo_klostebol-neomicin/kolichestvo_tyba-30-g";"2023-05-02T21:45:28+03:00";""
"https://kirkland.in.ua/all-products/filters/veschestvo_klostridiopeptidaza/forma-vipyska_tyba-30-gramm";"2023-05-02T21:45:28+03:00";""
"https://kirkland.in.ua/all-products/filters/veschestvo_klobetazol-17-propionat/strana-proizvoditel_tyrciya";"2023-05-02T21:45:28+03:00";""
"https://kirkland.in.ua/all-products/filters/veschestvo_klobetazol-17-propionat/kolichestvo_tyba-50g";"2023-05-02T21:45:28+03:00";""
"https://kirkland.in.ua/all-products/filters/veschestvo_klostridiopeptidaza/strana-proizvoditel_italiya";"2023-05-02T21:45:28+03:00";""
"https://kirkland.in.ua/all-products/filters/veschestvo_klostridiopeptidaza-kollagenaza-hloramfenikol/kolichestvo_15-gramm";"2023-05-02T21:45:28+03:00";""
"https://kirkland.in.ua/all-products/filters/veschestvo_klostridiopeptidaza-kollagenaza-hloramfenikol/strana-proizvoditel_indiya";"2023-05-02T21:45:28+03:00";""
"https://kirkland.in.ua/all-products/filters/veschestvo_kondicioner/kolichestvo_150-ml";"2023-05-02T21:45:28+03:00";""
"https://kirkland.in.ua/all-products/filters/veschestvo_kojievaya-kislota-2/strana-proizvoditel_indiya";"2023-05-02T21:45:28+03:00";""
"https://kirkland.in.ua/all-products/filters/veschestvo_kondicioner/strana-proizvoditel_tyrciya";"2023-05-02T21:45:28+03:00";""
"https://kirkland.in.ua/all-products/filters/veschestvo_kondicioner/dlya-chego_dlya-chyvstvitelnih-i-povrejdyonnih-volos";"2023-05-02T21:45:28+03:00";""
"https://kirkland.in.ua/all-products/filters/veschestvo_kojievaya-kislota-2/dlya-chego_pigmentaciya-koji";"2023-05-02T21:45:28+03:00";""
"https://kirkland.in.ua/all-products/filters/veschestvo_kojievaya-kislota-2/kolichestvo_15-g";"2023-05-02T21:45:28+03:00";""
"https://kirkland.in.ua/all-products/filters/veschestvo_krotamiton/forma-vipyska_tyba";"2023-05-02T21:45:28+03:00";""
"https://kirkland.in.ua/all-products/filters/veschestvo_kyrkyma-dlinnaya/kolichestvo_60-tabletok";"2023-05-02T21:45:28+03:00";""
"https://kirkland.in.ua/all-products/filters/veschestvo_krotamiton/strana-proizvoditel_italiya";"2023-05-02T21:45:28+03:00";""
"https://kirkland.in.ua/all-products/filters/veschestvo_kondicioner/kolichestvo_250-ml";"2023-05-02T21:45:28+03:00";""
"https://kirkland.in.ua/all-products/filters/veschestvo_kojievaya-kislota-2/forma-vipyska_tyba";"2023-05-02T21:45:28+03:00";""
"https://kirkland.in.ua/all-products/filters/veschestvo_kyrkyma-dlinnaya/forma-vipyska_kapsyli";"2023-05-02T21:45:28+03:00";""
"https://kirkland.in.ua/all-products/filters/veschestvo_kyrkyma-dlinnaya/strana-proizvoditel_indiya";"2023-05-02T21:45:28+03:00";""
"https://kirkland.in.ua/all-products/filters/veschestvo_maslo-jojoba-klybniki-semyan-arbyza-i-aloe-vera/strana-proizvoditel_angliya";"2023-05-02T21:45:28+03:00";""
"https://kirkland.in.ua/all-products/filters/veschestvo_maslo-jojoba-persika-i-aloe-vera/dlya-chego_yvlajnenie";"2023-05-02T21:45:28+03:00";""
"https://kirkland.in.ua/all-products/filters/veschestvo_latanoprost/kolichestvo_25-ml";"2023-05-02T21:45:28+03:00";""
"https://kirkland.in.ua/all-products/filters/veschestvo_maslo-jojoba-klybniki-semyan-arbyza-i-aloe-vera/kolichestvo_30-ml";"2023-05-02T21:45:28+03:00";""
"https://kirkland.in.ua/all-products/filters/veschestvo_maslo-jojoba-klybniki-semyan-arbyza-i-aloe-vera/dlya-chego_yvlajnenie";"2023-05-02T21:45:28+03:00";""
"https://kirkland.in.ua/all-products/filters/veschestvo_latanoprost/strana-proizvoditel_belgiya";"2023-05-02T21:45:28+03:00";""
"https://kirkland.in.ua/all-products/filters/veschestvo_maslo-jojoba-persika-i-aloe-vera/kolichestvo_30-ml";"2023-05-02T21:45:28+03:00";""
"https://kirkland.in.ua/all-products/filters/veschestvo_latanoprost/forma-vipyska_flakon-rastvor-0005-";"2023-05-02T21:45:28+03:00";""
"https://kirkland.in.ua/all-products/filters/veschestvo_maslo-jojoba-persika-i-aloe-vera/strana-proizvoditel_angliya";"2023-05-02T21:45:28+03:00";""
"https://kirkland.in.ua/all-products/filters/veschestvo_maslo-makadamii/kolichestvo_150-ml";"2023-05-02T21:45:28+03:00";""
"https://kirkland.in.ua/all-products/filters/veschestvo_metil-salizilat-mentol/kolichestvo_50-gramm";"2023-05-02T21:45:28+03:00";""
"https://kirkland.in.ua/all-products/filters/veschestvo_metil-salizilat-mentol/strana-proizvoditel_tyrciya";"2023-05-02T21:45:28+03:00";""
"https://kirkland.in.ua/all-products/filters/veschestvo_metilprednizolona-aceponat/forma-vipyska_tyba-30-g";"2023-05-02T21:45:28+03:00";""
"https://kirkland.in.ua/all-products/filters/veschestvo_maslo-makadamii/strana-proizvoditel_niderlandi";"2023-05-02T21:45:28+03:00";""
"https://kirkland.in.ua/all-products/filters/veschestvo_metil-salizilat-mentol/forma-vipyska_tyba";"2023-05-02T21:45:28+03:00";""
"https://kirkland.in.ua/all-products/filters/veschestvo_metilprednizolona-aceponat/forma-vipyska_tyba";"2023-05-02T21:45:28+03:00";""
"https://kirkland.in.ua/all-products/filters/veschestvo_metilprednizolona-aceponat/strana-proizvoditel_tyrciya";"2023-05-02T21:45:28+03:00";""
"https://kirkland.in.ua/all-products/filters/veschestvo_metilprednizolona-aceponat/strana-proizvoditel_leo-irlandiya";"2023-05-02T21:45:28+03:00";""
"https://kirkland.in.ua/all-products/filters/veschestvo_metilprednizolon-aceponat/kolichestvo_flakon-20-ml";"2023-05-02T21:45:28+03:00";""
"https://kirkland.in.ua/all-products/filters/veschestvo_metilprednizolona-aceponat/kolichestvo_30-gramm";"2023-05-02T21:45:28+03:00";""
"https://kirkland.in.ua/all-products/filters/veschestvo_mikonazol/kolichestvo_tyba-78g";"2023-05-02T21:45:28+03:00";""
"https://kirkland.in.ua/all-products/filters/veschestvo_metilsalicilat/strana-proizvoditel_tyrciya";"2023-05-02T21:45:28+03:00";""
"https://kirkland.in.ua/all-products/filters/veschestvo_metilprednizolon-aceponat/strana-proizvoditel_irlandiya";"2023-05-02T21:45:28+03:00";""
"https://kirkland.in.ua/all-products/filters/veschestvo_metilsalicilat/kolichestvo_tyba-50-gramm";"2023-05-02T21:45:28+03:00";""
"https://kirkland.in.ua/all-products/filters/veschestvo_mikonazol/strana-proizvoditel_italiya";"2023-05-02T21:45:28+03:00";""
"https://kirkland.in.ua/all-products/filters/veschestvo_mikronizirovanniji-sylfadiazin-serebra/strana-proizvoditel_italiya";"2023-05-02T21:45:28+03:00";""
"https://kirkland.in.ua/all-products/filters/veschestvo_mikronizirovanniji-sylfadiazin-serebra/kolichestvo_120-g";"2023-05-02T21:45:28+03:00";""
"https://kirkland.in.ua/all-products/filters/veschestvo_mindalnoe-maslo/kolichestvo_150-ml";"2023-05-02T21:45:28+03:00";""
"https://kirkland.in.ua/all-products/filters/veschestvo_mindalnoe-maslo/strana-proizvoditel_niderlandi";"2023-05-02T21:45:28+03:00";""
"https://kirkland.in.ua/all-products/filters/veschestvo_minerali-mertvogo-morya/dlya-chego_dlya-lica";"2023-05-02T21:45:28+03:00";""
"https://kirkland.in.ua/all-products/filters/veschestvo_minerali-mertvogo-morya/dlya-chego_perhotvipadenie-volos";"2023-05-02T21:45:28+03:00";""
"https://kirkland.in.ua/all-products/filters/veschestvo_minerali-mertvogo-morya/kolichestvo_150-ml";"2023-05-02T21:45:28+03:00";""
"https://kirkland.in.ua/all-products/filters/veschestvo_minerali-mertvogo-morya/kolichestvo_250-ml";"2023-05-02T21:45:28+03:00";""
"https://kirkland.in.ua/all-products/filters/veschestvo_molochnaya-kislota-salicilovaya-kislota/strana-proizvoditel_orva-tyrciya";"2023-05-02T21:45:28+03:00";""
"https://kirkland.in.ua/all-products/filters/veschestvo_mometazon-fyroat/strana-proizvoditel_tyrciya";"2023-05-02T21:45:28+03:00";""
"https://kirkland.in.ua/all-products/filters/veschestvo_minerali-mertvogo-morya/strana-proizvoditel_niderlandi";"2023-05-02T21:45:28+03:00";""
"https://kirkland.in.ua/all-products/filters/veschestvo_molochnaya-salicilovaya-kislota-polidokanol/strana-proizvoditel_egipet";"2023-05-02T21:45:28+03:00";""
"https://kirkland.in.ua/all-products/filters/veschestvo_molochnaya-salicilovaya-kislota-polidokanol/forma-vipyska_rastvor-dlya-naryjnogo-primeneniya";"2023-05-02T21:45:28+03:00";""
"https://kirkland.in.ua/all-products/filters/veschestvo_mochevina-salicilovaya-kislota/kolichestvo_tyba-50g";"2023-05-02T21:45:28+03:00";""
"https://kirkland.in.ua/all-products/filters/veschestvo_momordika-haranciya/kolichestvo_60-kapsyl";"2023-05-02T21:45:28+03:00";""
"https://kirkland.in.ua/all-products/filters/veschestvo_mometazon-fyroat/forma-vipyska_tyba";"2023-05-02T21:45:28+03:00";""
"https://kirkland.in.ua/all-products/filters/veschestvo_nimesylid/kolichestvo_tyba-50-gramm";"2023-05-02T21:45:28+03:00";""
"https://kirkland.in.ua/all-products/filters/veschestvo_mochevina-salicilovaya-kislota/strana-proizvoditel_tyrciya";"2023-05-02T21:45:28+03:00";""
"https://kirkland.in.ua/all-products/filters/veschestvo_momordika-haranciya/strana-proizvoditel_indiya";"2023-05-02T21:45:28+03:00";""
"https://kirkland.in.ua/all-products/filters/veschestvo_na-silikatnoji-osnove-s-vpitivauschimi-svojistvami-soderjaschaya-3-ionnogo-serebra/strana-proizvoditel_italiya";"2023-05-02T21:45:28+03:00";""
"https://kirkland.in.ua/all-products/filters/veschestvo_nimesylid/strana-proizvoditel_tyrciya";"2023-05-02T21:45:28+03:00";""
"https://kirkland.in.ua/all-products/filters/veschestvo_rastvor-na-osnove-gialyronovoji-kisloti-02/kolichestvo_100-ml";"2023-05-02T21:45:28+03:00";""
"https://kirkland.in.ua/all-products/filters/veschestvo_oksikonazol-oxiconazole/forma-vipyska_tyba-10-g";"2023-05-02T21:45:28+03:00";""
"https://kirkland.in.ua/all-products/filters/veschestvo_oksikonazol-oxiconazole/strana-proizvoditel_saba-ilac-tyrciya";"2023-05-02T21:45:28+03:00";""
"https://kirkland.in.ua/all-products/filters/veschestvo_rastvor-na-osnove-gialyronovoji-kisloti-02/strana-proizvoditel_italiya";"2023-05-02T21:45:28+03:00";""
"https://kirkland.in.ua/all-products/filters/veschestvo_rastitelniji-protein/strana-proizvoditel_oregons-wild-harvest-oregons-vajild-harvest-ssha";"2023-05-02T21:45:28+03:00";""
"https://kirkland.in.ua/all-products/filters/veschestvo_rastvor-na-osnove-gialyronovoji-kisloti-02/forma-vipyska_flakon";"2023-05-02T21:45:28+03:00";""
"https://kirkland.in.ua/all-products/filters/veschestvo_retinol/kolichestvo_200-ml";"2023-05-02T21:45:28+03:00";""
"https://kirkland.in.ua/all-products/filters/veschestvo_rastitelniji-protein/forma-vipyska_banka-920g";"2023-05-02T21:45:28+03:00";""
"https://kirkland.in.ua/all-products/filters/veschestvo_retinol/dlya-chego_yvlajnenie-i-pitanie";"2023-05-02T21:45:28+03:00";""
"https://kirkland.in.ua/all-products/filters/veschestvo_retinol/strana-proizvoditel_franciya";"2023-05-02T21:45:28+03:00";""
"https://kirkland.in.ua/all-products/filters/veschestvo_ryskogenin-trimebytin/forma-vipyska_tyba-30-gramm";"2023-05-02T21:45:28+03:00";""
"https://kirkland.in.ua/all-products/filters/veschestvo_ryskogenin-trimebytin/strana-proizvoditel_tyrciya";"2023-05-02T21:45:28+03:00";""
"https://kirkland.in.ua/all-products/filters/veschestvo_ryskogenin-trimybytin/forma-vipyska_10-syppozitoriji";"2023-05-02T21:45:28+03:00";""
"https://kirkland.in.ua/all-products/filters/veschestvo_ryskogenin-trimybytin/strana-proizvoditel_tyrciya";"2023-05-02T21:45:28+03:00";""
"https://kirkland.in.ua/all-products/filters/veschestvo_salicilovaya-kislota-fluoroyracil/strana-proizvoditel_orva-tyrciya";"2023-05-02T21:45:28+03:00";""
"https://kirkland.in.ua/all-products/filters/veschestvo_salicilovaya-kislota-fluoroyracil/forma-vipyska_flakon-15-ml";"2023-05-02T21:45:28+03:00";""
"https://kirkland.in.ua/all-products/filters/veschestvo_sambyk-cherniji/kolichestvo_180-tabletok";"2023-05-02T21:45:28+03:00";""
"https://kirkland.in.ua/all-products/filters/veschestvo_sambyk-cherniji/strana-proizvoditel_angliya";"2023-05-02T21:45:28+03:00";""
"https://kirkland.in.ua/all-products/filters/veschestvo_sambyk-cherniji/forma-vipyska_kapsyli";"2023-05-02T21:45:28+03:00";""
"https://kirkland.in.ua/all-products/filters/veschestvo_selen/kolichestvo_100-tabletok";"2023-05-02T21:45:28+03:00";""
"https://kirkland.in.ua/all-products/filters/veschestvo_selen/strana-proizvoditel_niderlandi";"2023-05-02T21:45:28+03:00";""
"https://kirkland.in.ua/all-products/filters/veschestvo_smola-gygyl/strana-proizvoditel_indiya";"2023-05-02T21:45:28+03:00";""
"https://kirkland.in.ua/all-products/filters/veschestvo_smola-gygyl/kolichestvo_60-kapsyl";"2023-05-02T21:45:28+03:00";""
"https://kirkland.in.ua/all-products/filters/veschestvo_sparja-kistevidnaya/kolichestvo_60-tabletok";"2023-05-02T21:45:28+03:00";""
"https://kirkland.in.ua/all-products/filters/veschestvo_sparja-kistevidnaya/strana-proizvoditel_indiya";"2023-05-02T21:45:28+03:00";""
"https://kirkland.in.ua/all-products/filters/veschestvo_sparja-kistevidnaya/forma-vipyska_kapsyli";"2023-05-02T21:45:28+03:00";""
"https://kirkland.in.ua/all-products/filters/veschestvo_stabilizirovannaya-gialyronovaya-kislota-lidokain/dlya-chego_vosstanovlenie-ytrachennih-obemov-zoni-schek-podborodkatonkie-gybi";"2023-05-02T21:45:28+03:00";""
"https://kirkland.in.ua/all-products/filters/veschestvo_stabilizirovannaya-gialyronovaya-kislota-lidokain/dlya-chego_dlya-gyb";"2023-05-02T21:45:28+03:00";""
"https://kirkland.in.ua/all-products/filters/veschestvo_stabilizirovannaya-gialyronovaya-kislota-lidokain/dlya-chego_dlya-gyb-dlya-skyl-dlya-formirovaniya-ovala-lica";"2023-05-02T21:45:28+03:00";""
"https://kirkland.in.ua/all-products/filters/veschestvo_stabilizirovannaya-gialyronovaya-kislota-lidokain/dlya-chego_dlya-gyb-dlya-formirovaniya-ovala-lica";"2023-05-02T21:45:28+03:00";""
"https://kirkland.in.ua/all-products/filters/veschestvo_stabilizirovannaya-gialyronovaya-kislota-lidokain/kolichestvo_11-ml";"2023-05-02T21:45:28+03:00";""
"https://kirkland.in.ua/all-products/filters/veschestvo_stabilizirovannaya-gialyronovaya-kislota-lidokain/strana-proizvoditel_ujnaya-koreya";"2023-05-02T21:45:28+03:00";""
"https://kirkland.in.ua/all-products/filters/veschestvo_tazaroten/strana-proizvoditel_tyrciya";"2023-05-02T21:45:28+03:00";""
"https://kirkland.in.ua/all-products/filters/veschestvo_tazaroten/kolichestvo_tyba-30-g";"2023-05-02T21:45:28+03:00";""
"https://kirkland.in.ua/all-products/filters/veschestvo_tazaroten/forma-vipyska_tyba-60-g";"2023-05-02T21:45:28+03:00";""
"https://kirkland.in.ua/all-products/filters/veschestvo_takrolimys/kolichestvo_10-gramm";"2023-05-02T21:45:28+03:00";""
"https://kirkland.in.ua/all-products/filters/veschestvo_takrolimys/strana-proizvoditel_indiya";"2023-05-02T21:45:28+03:00";""
"https://kirkland.in.ua/all-products/filters/veschestvo_terminaliya-chebyla/strana-proizvoditel_indiya";"2023-05-02T21:45:28+03:00";""
"https://kirkland.in.ua/all-products/filters/veschestvo_terminaliya-chebyla/kolichestvo_60-tabletok";"2023-05-02T21:45:28+03:00";""
"https://kirkland.in.ua/all-products/filters/veschestvo_terminaliya-chebyla/forma-vipyska_kapsyli";"2023-05-02T21:45:28+03:00";""
"https://kirkland.in.ua/all-products/filters/veschestvo_tiokonazol/kolichestvo_flakon-5ml";"2023-05-02T21:45:28+03:00";""
"https://kirkland.in.ua/all-products/filters/veschestvo_tiokonazol/strana-proizvoditel_pfizer-tyrciya";"2023-05-02T21:45:28+03:00";""
"https://kirkland.in.ua/all-products/filters/veschestvo_tiokonazol/strana-proizvoditel_tyrciya";"2023-05-02T21:45:28+03:00";""
"https://kirkland.in.ua/all-products/filters/veschestvo_tiokonazol/forma-vipyska_tyba-20-g";"2023-05-02T21:45:28+03:00";""
"https://kirkland.in.ua/all-products/filters/veschestvo_tiotropiya-bromid/forma-vipyska_kapsyli-s-poroshkom-dlya-ingalyaciji-18-mkg-v-komplekte-s-ingalyatorom-handihaler";"2023-05-02T21:45:28+03:00";""
"https://kirkland.in.ua/all-products/filters/veschestvo_tiotropiya-bromid/strana-proizvoditel_beringer-ingelhajim-farma-gmbh-i-ko-kg-germaniya";"2023-05-02T21:45:28+03:00";""
"https://kirkland.in.ua/all-products/filters/veschestvo_tretinoin/forma-vipyska_tyba-20-g";"2023-05-02T21:45:28+03:00";""
"https://kirkland.in.ua/all-products/filters/veschestvo_tretinoin/strana-proizvoditel_abdi-ibrahim-tyrciya";"2023-05-02T21:45:28+03:00";""
"https://kirkland.in.ua/all-products/filters/veschestvo_tribylys-terrestris-yakorci-steluschiesya/kolichestvo_60-tabletok";"2023-05-02T21:45:28+03:00";""
"https://kirkland.in.ua/all-products/filters/veschestvo_tribylys-terrestris-yakorci-steluschiesya/strana-proizvoditel_indiya";"2023-05-02T21:45:28+03:00";""
"https://kirkland.in.ua/all-products/filters/veschestvo_tribylys-terrestris-yakorci-steluschiesya/forma-vipyska_kapsyli";"2023-05-02T21:45:28+03:00";""
"https://kirkland.in.ua/all-products/filters/veschestvo_flyokortolon-cinhokain/strana-proizvoditel_italiya";"2023-05-02T21:45:28+03:00";""
"https://kirkland.in.ua/all-products/filters/veschestvo_flyokortolon-pivalata-flyokortolon-kaproat-cinhokain-gidrohlorida/kolichestvo_12-syppozitoriji";"2023-05-02T21:45:28+03:00";""
"https://kirkland.in.ua/all-products/filters/veschestvo_flyokortolon-pivalata-flyokortolon-kaproat-cinhokain-gidrohlorida/strana-proizvoditel_italiya";"2023-05-02T21:45:28+03:00";""
"https://kirkland.in.ua/all-products/filters/veschestvo_flyokortolon-cinhokain/kolichestvo_tyba-30-g";"2023-05-02T21:45:28+03:00";""
"https://kirkland.in.ua/all-products/filters/veschestvo_flyokortolona-21-geksanoat-095-mg-flyokortolona-21-pivalat-092-mg-cinhokaina-gidrohlorid-05-mg/strana-proizvoditel_bayer-healthcare-manufacturing-srl-italiya";"2023-05-02T21:45:28+03:00";""
"https://kirkland.in.ua/all-products/filters/veschestvo_flyokortolona-21-geksanoat-095-mg-flyokortolona-21-pivalat-092-mg-cinhokaina-gidrohlorid-05-mg/forma-vipyska_tyba-10-g";"2023-05-02T21:45:28+03:00";""
"https://kirkland.in.ua/all-products/filters/veschestvo_flyoroyracil/forma-vipyska_tyba-20-g";"2023-05-02T21:45:28+03:00";""
"https://kirkland.in.ua/all-products/filters/veschestvo_flyoroyracil/strana-proizvoditel_meda-pharma-germaniya";"2023-05-02T21:45:28+03:00";""
"https://kirkland.in.ua/all-products/filters/veschestvo_flyocinolona-acetonid-ketokaina-gidrohlorid/kolichestvo_30-g";"2023-05-02T21:45:28+03:00";""
"https://kirkland.in.ua/all-products/filters/veschestvo_flyocinolona-acetonid-ketokaina-gidrohlorid/forma-vipyska_tyba";"2023-05-02T21:45:28+03:00";""
"https://kirkland.in.ua/all-products/filters/veschestvo_flyocinolona-acetonid-ketokaina-gidrohlorid/strana-proizvoditel_italiya";"2023-05-02T21:45:28+03:00";""
"https://kirkland.in.ua/all-products/filters/veschestvo_fyzidovaya-kislota-fusidic-acid/dlya-chego_bakterialnie-infekcii-glaz";"2023-05-02T21:45:28+03:00";""
"https://kirkland.in.ua/all-products/filters/veschestvo_fyzidovaya-kislota-fusidic-acid/kolichestvo_5-g";"2023-05-02T21:45:28+03:00";""
"https://kirkland.in.ua/all-products/filters/veschestvo_fyzidovaya-kislota-fusidic-acid/strana-proizvoditel_tyrciya";"2023-05-02T21:45:28+03:00";""
"https://kirkland.in.ua/all-products/filters/veschestvo_centella-aziatskaya/kolichestvo_75-ml";"2023-05-02T21:45:28+03:00";""
"https://kirkland.in.ua/all-products/filters/veschestvo_centella-aziatskaya/forma-vipyska_tyba";"2023-05-02T21:45:28+03:00";""
"https://kirkland.in.ua/all-products/filters/veschestvo_centella-aziatskaya/strana-proizvoditel_italiya";"2023-05-02T21:45:28+03:00";""
"https://kirkland.in.ua/all-products/filters/veschestvo_ciklicheskie-i-polimernie-siloksani-efir-vitamina-c/strana-proizvoditel_tyrciya";"2023-05-02T21:45:28+03:00";""
"https://kirkland.in.ua/all-products/filters/veschestvo_ciklicheskie-i-polimernie-siloksani-efir-vitamina-c/kolichestvo_15-g";"2023-05-02T21:45:28+03:00";""
"https://kirkland.in.ua/all-products/filters/veschestvo_ciklosporin/forma-vipyska_emylsiya-glaznaya-05-mgml-flakon-04-ml-30-flakonov";"2023-05-02T21:45:28+03:00";""
"https://kirkland.in.ua/all-products/filters/veschestvo_chesnochniji-shampyn/dlya-chego_dlya-bolee-gystih-volos";"2023-05-02T21:45:28+03:00";""
"https://kirkland.in.ua/all-products/filters/veschestvo_ciklosporin/strana-proizvoditel_tyrciya";"2023-05-02T21:45:28+03:00";""
"https://kirkland.in.ua/all-products/filters/veschestvo_chesnochniji-shampyn/kolichestvo_250-ml";"2023-05-02T21:45:28+03:00";""
"https://kirkland.in.ua/all-products/filters/veschestvo_chesnochniji-shampyn/strana-proizvoditel_niderlandi";"2023-05-02T21:45:28+03:00";""
"https://kirkland.in.ua/all-products/filters/veschestvo_shampyn/dlya-chego_dlya-vseh-tipov-volos";"2023-05-02T21:45:28+03:00";""
"https://kirkland.in.ua/all-products/filters/veschestvo_shampyn/kolichestvo_300-ml";"2023-05-02T21:45:28+03:00";""
"https://kirkland.in.ua/all-products/filters/veschestvo_shampyn/strana-proizvoditel_tyrciya";"2023-05-02T21:45:28+03:00";""
"https://kirkland.in.ua/all-products/filters/veschestvo_ekonazol/kolichestvo_tyba-30-g";"2023-05-02T21:45:28+03:00";""
"https://kirkland.in.ua/all-products/filters/veschestvo_ekonazol/strana-proizvoditel_italiya";"2023-05-02T21:45:28+03:00";""
"https://kirkland.in.ua/all-products/filters/veschestvo_ekstrakt-gokshyri-poroshki-trav-kokilaksha-vatadha-sunishanaka-crocus-sativus/strana-proizvoditel_indiya";"2023-05-02T21:45:28+03:00";""
"https://kirkland.in.ua/all-products/filters/veschestvo_ekstrakt-gokshyri-poroshki-trav-kokilaksha-vatadha-sunishanaka-crocus-sativus/kolichestvo_kapsyli-10-sht";"2023-05-02T21:45:28+03:00";""
"https://kirkland.in.ua/all-products/filters/veschestvo_ekstrakt-drojjevih-kletok-maslo-akyleji-pecheni/kolichestvo_tyba-50g";"2023-05-02T21:45:28+03:00";""
"https://kirkland.in.ua/all-products/filters/veschestvo_ekstrakt-drojjevih-kletok-maslo-akyleji-pecheni/strana-proizvoditel_italiya";"2023-05-02T21:45:28+03:00";""
"https://kirkland.in.ua/all-products/filters/veschestvo_ekstrakt-pshenici-karbomer-fenoksietanol-gidroksid-natriya-ochischennaya-voda/kolichestvo_75-ml-spreya";"2023-05-02T21:45:28+03:00";""
"https://kirkland.in.ua/all-products/filters/veschestvo_ekstrakt-pshenici-karbomer-fenoksietanol-gidroksid-natriya-ochischennaya-voda/strana-proizvoditel_italiya";"2023-05-02T21:45:28+03:00";""
"https://kirkland.in.ua/all-products/filters/veschestvo_ekstrakt-pshenici-fenoksetol/kolichestvo_32-gramm";"2023-05-02T21:45:28+03:00";""
"https://kirkland.in.ua/all-products/filters/veschestvo_ekstrakt-pshenici-fenoksetol/strana-proizvoditel_italiya";"2023-05-02T21:45:28+03:00";""
"https://kirkland.in.ua/all-products/filters/veschestvo_ekstrakt-pshenici-fenoksetol/forma-vipyska_tyba";"2023-05-02T21:45:28+03:00";""
"https://kirkland.in.ua/all-products/filters/veschestvo_ekstrakt-solubilizirovannogo-kamennoygolnogo-degtya-20-mgml/dlya-chego_psoriaz-koji-golovi";"2023-05-02T21:45:28+03:00";""
"https://kirkland.in.ua/all-products/filters/veschestvo_ekstrakt-solubilizirovannogo-kamennoygolnogo-degtya-20-mgml/kolichestvo_125-ml";"2023-05-02T21:45:28+03:00";""
"https://kirkland.in.ua/all-products/filters/veschestvo_ekstrakt-solubilizirovannogo-kamennoygolnogo-degtya-20-mgml/kolichestvo_250-ml";"2023-05-02T21:45:28+03:00";""
"https://kirkland.in.ua/all-products/filters/veschestvo_ekstrakt-solubilizirovannogo-kamennoygolnogo-degtya-20-mgml/strana-proizvoditel_belgiya";"2023-05-02T21:45:28+03:00";""
"https://kirkland.in.ua/all-products/filters/veschestvo_ekstrakt-centelli-aziatskoji-10mg1g/strana-proizvoditel_bayer-ag-germaniya-reestraciya-tyrciya";"2023-05-02T21:45:28+03:00";""
"https://kirkland.in.ua/all-products/filters/veschestvo_ekstrakt-centelli-aziatskoji-10mg1g/forma-vipyska_tyba-40-g";"2023-05-02T21:45:28+03:00";""
"https://kirkland.in.ua/all-products/filters/veschestvo_eritromicin-tretinoin/kolichestvo_30-gramm";"2023-05-02T21:45:28+03:00";""
"https://kirkland.in.ua/all-products/filters/veschestvo_eritromicin-tretinoin/forma-vipyska_tyba";"2023-05-02T21:45:28+03:00";""
"https://kirkland.in.ua/all-products/filters/veschestvo_eritromicin-tretinoin/strana-proizvoditel_tyrciya";"2023-05-02T21:45:28+03:00";""
"https://kirkland.in.ua/all-products/filters/veschestvo_escin-fosfatidikolin/kolichestvo_80-gramm";"2023-05-02T21:45:28+03:00";""
"https://kirkland.in.ua/all-products/filters/veschestvo_escin-fosfatidikolin/strana-proizvoditel_italiya";"2023-05-02T21:45:28+03:00";""
"https://kirkland.in.ua/all-products/filters/veschestvo_escin-fosfatidikolin/forma-vipyska_tyba";"2023-05-02T21:45:28+03:00";""
"https://kirkland.in.ua/all-products/filters/veschestvo_01-g-mikronizirovanniji-sylfadiazin-serebra/kolichestvo_125-g";"2023-05-02T21:45:28+03:00";""
"https://kirkland.in.ua/all-products/filters/veschestvo_01-g-mikronizirovanniji-sylfadiazin-serebra/dlya-chego_ojogi";"2023-05-02T21:45:28+03:00";""
"https://kirkland.in.ua/all-products/filters/veschestvo_01-g-mikronizirovanniji-sylfadiazin-serebra/strana-proizvoditel_italiya";"2023-05-02T21:45:28+03:00";""
"https://kirkland.in.ua/all-products/filters/dlya-chego_-raboti-serdca-zreniya-immynnoji-sistemi/kolichestvo_300-kapsyl";"2023-05-02T21:45:28+03:00";""
"https://kirkland.in.ua/all-products/filters/dlya-chego_-raboti-serdca-zreniya-immynnoji-sistemi/strana-proizvoditel_niderlandi";"2023-05-02T21:45:28+03:00";""
"https://kirkland.in.ua/all-products/filters/dlya-chego_akne-prischi/kolichestvo_60-ml";"2023-05-02T21:45:28+03:00";""
"https://kirkland.in.ua/all-products/filters/dlya-chego_akne-prischi/strana-proizvoditel_tyrciya";"2023-05-02T21:45:28+03:00";""
"https://kirkland.in.ua/all-products/filters/dlya-chego_akne-prischi/forma-vipyska_tyba";"2023-05-02T21:45:28+03:00";""
"https://kirkland.in.ua/all-products/filters/dlya-chego_antivozrastnaya/kolichestvo_30-ml";"2023-05-02T21:45:28+03:00";""
"https://kirkland.in.ua/all-products/filters/dlya-chego_antivozrastnaya/strana-proizvoditel_ssha";"2023-05-02T21:45:28+03:00";""
"https://kirkland.in.ua/all-products/filters/dlya-chego_antivozrastnoe/strana-proizvoditel_ssha";"2023-05-02T21:45:28+03:00";""
"https://kirkland.in.ua/all-products/filters/dlya-chego_antivozrastnoe/kolichestvo_60-ml";"2023-05-02T21:45:28+03:00";""
"https://kirkland.in.ua/all-products/filters/dlya-chego_aytoimynnie-zabolevaniya-koji-psoriaz-ekzema-ploskiji-lishaji/veschestvo_klobetazol-005";"2023-05-02T21:45:28+03:00";""
"https://kirkland.in.ua/all-products/filters/dlya-chego_aytoimynnie-zabolevaniya-koji-psoriaz-ekzema-ploskiji-lishaji/kolichestvo_100-ml";"2023-05-02T21:45:28+03:00";""
"https://kirkland.in.ua/all-products/filters/dlya-chego_aytoimynnie-zabolevaniya-koji-psoriaz-ekzema-ploskiji-lishaji/strana-proizvoditel_indiya";"2023-05-02T21:45:28+03:00";""
"https://kirkland.in.ua/all-products/filters/dlya-chego_bakterialnie-infekcii-glaz/veschestvo_fyzidovaya-kislota-fusidic-acid";"2023-05-02T21:45:28+03:00";""
"https://kirkland.in.ua/all-products/filters/dlya-chego_bakterialnie-infekcii-glaz/kolichestvo_5-g";"2023-05-02T21:45:28+03:00";""
"https://kirkland.in.ua/all-products/filters/dlya-chego_balans-vitaminov-v-organizme/kolichestvo_60-tabletok";"2023-05-02T21:45:28+03:00";""
"https://kirkland.in.ua/all-products/filters/dlya-chego_bakterialnie-infekcii-glaz/strana-proizvoditel_tyrciya";"2023-05-02T21:45:28+03:00";""
"https://kirkland.in.ua/all-products/filters/dlya-chego_balans-vitaminov-v-organizme/strana-proizvoditel_velikobritaniya";"2023-05-02T21:45:28+03:00";""
"https://kirkland.in.ua/all-products/filters/dlya-chego_balans-vitaminov-v-organizme/forma-vipyska_banka";"2023-05-02T21:45:28+03:00";""
"https://kirkland.in.ua/all-products/filters/dlya-chego_bioaktivnaya-vosstanavlivauschaya-sivorotka-dlya-koji-golovi/kolichestvo_15h6-ml";"2023-05-02T21:45:28+03:00";""
"https://kirkland.in.ua/all-products/filters/dlya-chego_bioaktivnaya-vosstanavlivauschaya-sivorotka-dlya-koji-golovi/strana-proizvoditel_tyrciya";"2023-05-02T21:45:28+03:00";""
"https://kirkland.in.ua/all-products/filters/dlya-chego_vosstanovlenie/kolichestvo_60-ml";"2023-05-02T21:45:28+03:00";""
"https://kirkland.in.ua/all-products/filters/dlya-chego_vosstanovlenie/strana-proizvoditel_ssha";"2023-05-02T21:45:28+03:00";""
"https://kirkland.in.ua/all-products/filters/dlya-chego_vosstanovlenie-ytrachennih-obemov-zoni-schek-podborodkatonkie-gybi/veschestvo_stabilizirovannaya-gialyronovaya-kislota-lidokain";"2023-05-02T21:45:28+03:00";""
"https://kirkland.in.ua/all-products/filters/dlya-chego_vosstanovlenie-ytrachennih-obemov-zoni-schek-podborodkatonkie-gybi/kolichestvo_11-ml";"2023-05-02T21:45:28+03:00";""
"https://kirkland.in.ua/all-products/filters/dlya-chego_vosstanovlenie-ytrachennih-obemov-zoni-schek-podborodkatonkie-gybi/strana-proizvoditel_ujnaya-koreya";"2023-05-02T21:45:28+03:00";""
"https://kirkland.in.ua/all-products/filters/dlya-chego_dlya-bezopasnogo-pohydeniya/kolichestvo_120-tabletok";"2023-05-02T21:45:28+03:00";""
"https://kirkland.in.ua/all-products/filters/dlya-chego_dlya-bezopasnogo-pohydeniya/strana-proizvoditel_velikobritaniya";"2023-05-02T21:45:28+03:00";""
"https://kirkland.in.ua/all-products/filters/dlya-chego_dlya-bolee-gystih-volos/veschestvo_chesnochniji-shampyn";"2023-05-02T21:45:28+03:00";""
"https://kirkland.in.ua/all-products/filters/dlya-chego_dlya-bezopasnogo-pohydeniya/forma-vipyska_banka";"2023-05-02T21:45:28+03:00";""
"https://kirkland.in.ua/all-products/filters/dlya-chego_dlya-bolee-gystih-volos/strana-proizvoditel_niderlandi";"2023-05-02T21:45:28+03:00";""
"https://kirkland.in.ua/all-products/filters/dlya-chego_dlya-vseh-tipov-volos/veschestvo_shampyn";"2023-05-02T21:45:28+03:00";""
"https://kirkland.in.ua/all-products/filters/dlya-chego_dlya-bolee-gystih-volos/kolichestvo_250-ml";"2023-05-02T21:45:28+03:00";""
"https://kirkland.in.ua/all-products/filters/dlya-chego_dlya-vseh-tipov-volos/kolichestvo_300-ml";"2023-05-02T21:45:28+03:00";""
"https://kirkland.in.ua/all-products/filters/dlya-chego_dlya-vseh-tipov-volos/strana-proizvoditel_tyrciya";"2023-05-02T21:45:28+03:00";""
"https://kirkland.in.ua/all-products/filters/dlya-chego_dlya-vseh-tipov-volos/forma-vipyska_flakon";"2023-05-02T21:45:28+03:00";""
"https://kirkland.in.ua/all-products/filters/dlya-chego_dlya-gyb/veschestvo_stabilizirovannaya-gialyronovaya-kislota-lidokain";"2023-05-02T21:45:28+03:00";""
"https://kirkland.in.ua/all-products/filters/dlya-chego_dlya-gyb-dlya-skyl-dlya-formirovaniya-ovala-lica/veschestvo_stabilizirovannaya-gialyronovaya-kislota-lidokain";"2023-05-02T21:45:28+03:00";""
"https://kirkland.in.ua/all-products/filters/dlya-chego_dlya-gyb/strana-proizvoditel_ujnaya-koreya";"2023-05-02T21:45:28+03:00";""
"https://kirkland.in.ua/all-products/filters/dlya-chego_dlya-gyb-dlya-skyl-dlya-formirovaniya-ovala-lica/strana-proizvoditel_ujnaya-koreya";"2023-05-02T21:45:28+03:00";""
"https://kirkland.in.ua/all-products/filters/dlya-chego_dlya-gyb-dlya-formirovaniya-ovala-lica/veschestvo_stabilizirovannaya-gialyronovaya-kislota-lidokain";"2023-05-02T21:45:28+03:00";""
"https://kirkland.in.ua/all-products/filters/dlya-chego_dlya-gyb-dlya-formirovaniya-ovala-lica/strana-proizvoditel_ujnaya-koreya";"2023-05-02T21:45:28+03:00";""
"https://kirkland.in.ua/all-products/filters/dlya-chego_dlya-jirnih-volos-i-koji-golovi/kolichestvo_15-ml";"2023-05-02T21:45:28+03:00";""
"https://kirkland.in.ua/all-products/filters/dlya-chego_dlya-jirnih-volos-i-koji-golovi/forma-vipyska_tyba";"2023-05-02T21:45:28+03:00";""
"https://kirkland.in.ua/all-products/filters/dlya-chego_dlya-imynnoji-sistemi-i-zdorovih-kosteji/kolichestvo_160";"2023-05-02T21:45:28+03:00";""
"https://kirkland.in.ua/all-products/filters/dlya-chego_dlya-imynnoji-sistemi-i-zdorovih-kosteji/strana-proizvoditel_ssha";"2023-05-02T21:45:28+03:00";""
"https://kirkland.in.ua/all-products/filters/dlya-chego_dlya-imynnoji-sistemi-i-zdorovih-kosteji/forma-vipyska_jevatelnie-konfeti";"2023-05-02T21:45:28+03:00";""
"https://kirkland.in.ua/all-products/filters/dlya-chego_dlya-lecheniya-dermatomikozov/strana-proizvoditel_shvejicariya";"2023-05-02T21:45:28+03:00";""
"https://kirkland.in.ua/all-products/filters/dlya-chego_dlya-lecheniya-dermatomikozov/forma-vipyska_tyba";"2023-05-02T21:45:28+03:00";""
"https://kirkland.in.ua/all-products/filters/dlya-chego_dlya-lecheniya-ygrevoji-sipi/veschestvo_izotretinoin-eritromicin";"2023-05-02T21:45:28+03:00";""
"https://kirkland.in.ua/all-products/filters/dlya-chego_dlya-lecheniya-dermatomikozov/kolichestvo_20-g";"2023-05-02T21:45:28+03:00";""
"https://kirkland.in.ua/all-products/filters/dlya-chego_dlya-lecheniya-ygrevoji-sipi/strana-proizvoditel_vem-tyrciya";"2023-05-02T21:45:28+03:00";""
"https://kirkland.in.ua/all-products/filters/dlya-chego_dlya-lica/veschestvo_minerali-mertvogo-morya";"2023-05-02T21:45:28+03:00";""
"https://kirkland.in.ua/all-products/filters/dlya-chego_dlya-lecheniya-ygrevoji-sipi/forma-vipyska_tyba-30-g";"2023-05-02T21:45:28+03:00";""
"https://kirkland.in.ua/all-products/filters/dlya-chego_dlya-lica/strana-proizvoditel_niderlandi";"2023-05-02T21:45:28+03:00";""
"https://kirkland.in.ua/all-products/filters/dlya-chego_dlya-lica/kolichestvo_150-ml";"2023-05-02T21:45:28+03:00";""
"https://kirkland.in.ua/all-products/filters/dlya-chego_dlya-myjskogo-zdorovya/strana-proizvoditel_niderlandi";"2023-05-02T21:45:28+03:00";""
"https://kirkland.in.ua/all-products/filters/dlya-chego_dlya-myjskogo-zdorovya/kolichestvo_30-kapsyl";"2023-05-02T21:45:28+03:00";""
"https://kirkland.in.ua/all-products/filters/dlya-chego_dlya-oblasti-vokryg-glaz/kolichestvo_15-ml";"2023-05-02T21:45:28+03:00";""
"https://kirkland.in.ua/all-products/filters/dlya-chego_dlya-oblasti-vokryg-glaz/strana-proizvoditel_niderlandi";"2023-05-02T21:45:28+03:00";""
"https://kirkland.in.ua/all-products/filters/dlya-chego_dlya-pecheni/kolichestvo_60-kapsyl";"2023-05-02T21:45:28+03:00";""
"https://kirkland.in.ua/all-products/filters/dlya-chego_dlya-oblasti-vokryg-glaz/forma-vipyska_krem-balzam";"2023-05-02T21:45:28+03:00";""
"https://kirkland.in.ua/all-products/filters/dlya-chego_dlya-pecheni/strana-proizvoditel_niderlandi";"2023-05-02T21:45:28+03:00";""
"https://kirkland.in.ua/all-products/filters/dlya-chego_dlya-pitaniya-volos-i-vosstanovleniya-rosta/strana-proizvoditel_tyrciya";"2023-05-02T21:45:28+03:00";""
"https://kirkland.in.ua/all-products/filters/dlya-chego_dlya-pitaniya-volos-i-vosstanovleniya-rosta/kolichestvo_60-tab";"2023-05-02T21:45:28+03:00";""
"https://kirkland.in.ua/all-products/filters/dlya-chego_dlya-podderjaniya-immynnoji-fynkcii/kolichestvo_500-tabletok";"2023-05-02T21:45:28+03:00";""
"https://kirkland.in.ua/all-products/filters/dlya-chego_dlya-podderjaniya-immynnoji-fynkcii/strana-proizvoditel_ssha";"2023-05-02T21:45:28+03:00";""
"https://kirkland.in.ua/all-products/filters/dlya-chego_dlya-podderjaniya-immynnoji-fynkcii/forma-vipyska_tabletki";"2023-05-02T21:45:28+03:00";""
"https://kirkland.in.ua/all-products/filters/dlya-chego_dlya-podderjaniya-imynnoji-sistemi/strana-proizvoditel_ssha";"2023-05-02T21:45:28+03:00";""
"https://kirkland.in.ua/all-products/filters/dlya-chego_dlya-podderjaniya-imynnoji-sistemi/forma-vipyska_jelatinovie-kapsyli";"2023-05-02T21:45:28+03:00";""
"https://kirkland.in.ua/all-products/filters/dlya-chego_dlya-podderjaniya-imynnoji-sistemi/kolichestvo_600";"2023-05-02T21:45:28+03:00";""
"https://kirkland.in.ua/all-products/filters/dlya-chego_dlya-podderjaniya-energeticheskogo-obmena/strana-proizvoditel_ssha";"2023-05-02T21:45:28+03:00";""
"https://kirkland.in.ua/all-products/filters/dlya-chego_dlya-podderjaniya-energeticheskogo-obmena/forma-vipyska_tabletki";"2023-05-02T21:45:28+03:00";""
"https://kirkland.in.ua/all-products/filters/dlya-chego_dlya-podderjaniya-energeticheskogo-obmena/kolichestvo_500";"2023-05-02T21:45:28+03:00";""
"https://kirkland.in.ua/all-products/filters/dlya-chego_dlya-podderjki-zdorovogo-rosta-i-razvitiya-deteji/kolichestvo_320";"2023-05-02T21:45:28+03:00";""
"https://kirkland.in.ua/all-products/filters/dlya-chego_dlya-podderjki-zdorovogo-rosta-i-razvitiya-deteji/strana-proizvoditel_ssha";"2023-05-02T21:45:28+03:00";""
"https://kirkland.in.ua/all-products/filters/dlya-chego_dlya-podderjki-zdorovogo-rosta-i-razvitiya-deteji/forma-vipyska_jevatelnie-konfeti";"2023-05-02T21:45:28+03:00";""
"https://kirkland.in.ua/all-products/filters/dlya-chego_dlya-podderjki-zdorovya-systavov-hryaschevoji-i-soedinitelnoji-tkani/kolichestvo_220";"2023-05-02T21:45:28+03:00";""
"https://kirkland.in.ua/all-products/filters/dlya-chego_dlya-podderjki-zdorovya-systavov-hryaschevoji-i-soedinitelnoji-tkani/forma-vipyska_tabletki";"2023-05-02T21:45:28+03:00";""
"https://kirkland.in.ua/all-products/filters/dlya-chego_dlya-podderjki-zdorovya-systavov-hryaschevoji-i-soedinitelnoji-tkani/strana-proizvoditel_ssha";"2023-05-02T21:45:28+03:00";""
"https://kirkland.in.ua/all-products/filters/dlya-chego_dlya-podderjki-kosteji-mishc-i-immyniteta/kolichestvo_500";"2023-05-02T21:45:28+03:00";""
"https://kirkland.in.ua/all-products/filters/dlya-chego_dlya-podderjki-kosteji-mishc-i-immyniteta/strana-proizvoditel_ssha";"2023-05-02T21:45:28+03:00";""
"https://kirkland.in.ua/all-products/filters/dlya-chego_dlya-podderjki-kosteji-mishc-i-immyniteta/forma-vipyska_tabletki";"2023-05-02T21:45:28+03:00";""
"https://kirkland.in.ua/all-products/filters/dlya-chego_dlya-podderjki-krepkih-kosteji/kolichestvo_500";"2023-05-02T21:45:28+03:00";""
"https://kirkland.in.ua/all-products/filters/dlya-chego_dlya-podderjki-krepkih-kosteji/strana-proizvoditel_ssha";"2023-05-02T21:45:28+03:00";""
"https://kirkland.in.ua/all-products/filters/dlya-chego_dlya-podderjki-krepkih-kosteji/forma-vipyska_tabletki";"2023-05-02T21:45:28+03:00";""
"https://kirkland.in.ua/all-products/filters/dlya-chego_dlya-podderjki-organizma-vo-vremya-stareniya/kolichestvo_100";"2023-05-02T21:45:28+03:00";""
"https://kirkland.in.ua/all-products/filters/dlya-chego_dlya-podderjki-organizma-vo-vremya-stareniya/strana-proizvoditel_ssha";"2023-05-02T21:45:28+03:00";""
"https://kirkland.in.ua/all-products/filters/dlya-chego_dlya-podderjki-organizma-vo-vremya-stareniya/forma-vipyska_tabletki";"2023-05-02T21:45:28+03:00";""
"https://kirkland.in.ua/all-products/filters/dlya-chego_dlya-rosta-volos/forma-vipyska_flakon";"2023-05-02T21:45:28+03:00";""
"https://kirkland.in.ua/all-products/filters/dlya-chego_dlya-profilaktiki-serdechno-sosydistih-zabolevaniji/strana-proizvoditel_ssha";"2023-05-02T21:45:28+03:00";""
"https://kirkland.in.ua/all-products/filters/dlya-chego_dlya-profilaktiki-serdechno-sosydistih-zabolevaniji/kolichestvo_230";"2023-05-02T21:45:28+03:00";""
"https://kirkland.in.ua/all-products/filters/dlya-chego_dlya-profilaktiki-serdechno-sosydistih-zabolevaniji/forma-vipyska_gelevie-kapsyli";"2023-05-02T21:45:28+03:00";""
"https://kirkland.in.ua/all-products/filters/dlya-chego_dlya-rosta-volos/kolichestvo_60-ml";"2023-05-02T21:45:28+03:00";""
"https://kirkland.in.ua/all-products/filters/dlya-chego_dlya-rosta-volos/strana-proizvoditel_indiya";"2023-05-02T21:45:28+03:00";""
"https://kirkland.in.ua/all-products/filters/dlya-chego_dlya-serdechno-sosydistoji-sistemi/forma-vipyska_gelevie-kapsyli";"2023-05-02T21:45:28+03:00";""
"https://kirkland.in.ua/all-products/filters/dlya-chego_dlya-serdechno-sosydistoji-sistemi/kolichestvo_400";"2023-05-02T21:45:28+03:00";""
"https://kirkland.in.ua/all-products/filters/dlya-chego_dlya-serdechno-sosydistoji-sistemi/strana-proizvoditel_ssha";"2023-05-02T21:45:28+03:00";""
"https://kirkland.in.ua/all-products/filters/dlya-chego_dlya-sozdaniya-silnogo-i-zdorovogo-tela/kolichestvo_500";"2023-05-02T21:45:28+03:00";""
"https://kirkland.in.ua/all-products/filters/dlya-chego_dlya-sozdaniya-silnogo-i-zdorovogo-tela/strana-proizvoditel_ssha";"2023-05-02T21:45:28+03:00";""
"https://kirkland.in.ua/all-products/filters/dlya-chego_dlya-ydaleniya-pyaten/kolichestvo_80-g";"2023-05-02T21:45:28+03:00";""
"https://kirkland.in.ua/all-products/filters/dlya-chego_dlya-sozdaniya-silnogo-i-zdorovogo-tela/forma-vipyska_tabletki";"2023-05-02T21:45:28+03:00";""
"https://kirkland.in.ua/all-products/filters/dlya-chego_dlya-ydaleniya-pyaten/strana-proizvoditel_indiya";"2023-05-02T21:45:28+03:00";""
"https://kirkland.in.ua/all-products/filters/dlya-chego_dlya-ydaleniya-pyaten/forma-vipyska_tyba";"2023-05-02T21:45:28+03:00";""
"https://kirkland.in.ua/all-products/filters/dlya-chego_dlya-chyvstvitelnih-zybov/kolichestvo_80-g";"2023-05-02T21:45:28+03:00";""
"https://kirkland.in.ua/all-products/filters/dlya-chego_dlya-yhoda-za-jirnoji-i-sklonnoji-k-akne-kojeji/kolichestvo_50-ml";"2023-05-02T21:45:28+03:00";""
"https://kirkland.in.ua/all-products/filters/dlya-chego_dlya-yhoda-za-jirnoji-i-sklonnoji-k-akne-kojeji/strana-proizvoditel_tyrciya";"2023-05-02T21:45:28+03:00";""
"https://kirkland.in.ua/all-products/filters/dlya-chego_dlya-chyvstvitelnih-zybov/strana-proizvoditel_indiya";"2023-05-02T21:45:28+03:00";""
"https://kirkland.in.ua/all-products/filters/dlya-chego_dlya-chyvstvitelnih-zybov/forma-vipyska_tyba";"2023-05-02T21:45:28+03:00";""
"https://kirkland.in.ua/all-products/filters/dlya-chego_dlya-chyvstvitelnih-i-povrejdyonnih-volos/veschestvo_kondicioner";"2023-05-02T21:45:28+03:00";""
"https://kirkland.in.ua/all-products/filters/dlya-chego_dlya-chyvstvitelnih-i-povrejdyonnih-volos/kolichestvo_150-ml";"2023-05-02T21:45:28+03:00";""
"https://kirkland.in.ua/all-products/filters/dlya-chego_dlya-chyvstvitelnih-i-povrejdyonnih-volos/kolichestvo_250-ml";"2023-05-02T21:45:28+03:00";""
"https://kirkland.in.ua/all-products/filters/dlya-chego_dlya-chyvstvitelnih-i-povrejdyonnih-volos/strana-proizvoditel_tyrciya";"2023-05-02T21:45:28+03:00";""
"https://kirkland.in.ua/all-products/filters/dlya-chego_zdorove-volos/kolichestvo_300-ml";"2023-05-02T21:45:28+03:00";""
"https://kirkland.in.ua/all-products/filters/dlya-chego_zdorove-volos/kolichestvo_60-tabletok";"2023-05-02T21:45:28+03:00";""
"https://kirkland.in.ua/all-products/filters/dlya-chego_zdorove-volos/strana-proizvoditel_tyrciya";"2023-05-02T21:45:28+03:00";""
"https://kirkland.in.ua/all-products/filters/dlya-chego_zdorove-volos/forma-vipyska_banka";"2023-05-02T21:45:28+03:00";""
"https://kirkland.in.ua/all-products/filters/dlya-chego_zdorove-volos/forma-vipyska_flakon";"2023-05-02T21:45:28+03:00";""
"https://kirkland.in.ua/all-products/filters/dlya-chego_zdorove-volos-i-koji-golovi/kolichestvo_60-tabletok-300-ml";"2023-05-02T21:45:28+03:00";""
"https://kirkland.in.ua/all-products/filters/dlya-chego_zdorove-desen/kolichestvo_80-g";"2023-05-02T21:45:28+03:00";""
"https://kirkland.in.ua/all-products/filters/dlya-chego_zdorove-volos-i-koji-golovi/strana-proizvoditel_tyrciya";"2023-05-02T21:45:28+03:00";""
"https://kirkland.in.ua/all-products/filters/dlya-chego_zdorove-volos-i-koji-golovi/forma-vipyska_flakon-banka";"2023-05-02T21:45:28+03:00";""
"https://kirkland.in.ua/all-products/filters/dlya-chego_zdorove-desen/strana-proizvoditel_indiya";"2023-05-02T21:45:28+03:00";""
"https://kirkland.in.ua/all-products/filters/dlya-chego_zdorove-desen/forma-vipyska_tyba";"2023-05-02T21:45:28+03:00";""
"https://kirkland.in.ua/all-products/filters/dlya-chego_zdorove-detskogo-organizma/strana-proizvoditel_ssha";"2023-05-02T21:45:28+03:00";""
"https://kirkland.in.ua/all-products/filters/dlya-chego_zdorove-detskogo-organizma/kolichestvo_60-shtyk";"2023-05-02T21:45:28+03:00";""
"https://kirkland.in.ua/all-products/filters/dlya-chego_zdorove-zybov-i-desen/kolichestvo_50-g";"2023-05-02T21:45:28+03:00";""
"https://kirkland.in.ua/all-products/filters/dlya-chego_zdorove-detskogo-organizma/forma-vipyska_banka";"2023-05-02T21:45:28+03:00";""
"https://kirkland.in.ua/all-products/filters/dlya-chego_zdorove-zybov-i-desen/kolichestvo_100-g";"2023-05-02T21:45:28+03:00";""
"https://kirkland.in.ua/all-products/filters/dlya-chego_zdorove-zybov-i-desen/strana-proizvoditel_indiya";"2023-05-02T21:45:28+03:00";""
"https://kirkland.in.ua/all-products/filters/dlya-chego_zdorove-zybov-i-desen/forma-vipyska_tyba";"2023-05-02T21:45:28+03:00";""
"https://kirkland.in.ua/all-products/filters/dlya-chego_zdorove-i-ykreplenie-imynnoji-sistemi/kolichestvo_90-tabletok";"2023-05-02T21:45:28+03:00";""
"https://kirkland.in.ua/all-products/filters/dlya-chego_zdorove-i-ykreplenie-imynnoji-sistemi/strana-proizvoditel_niderlandi";"2023-05-02T21:45:28+03:00";""
"https://kirkland.in.ua/all-products/filters/dlya-chego_zdorove-i-ykreplenie-imynnoji-sistemi/forma-vipyska_flakon";"2023-05-02T21:45:28+03:00";""
"https://kirkland.in.ua/all-products/filters/dlya-chego_zdorove-koji/kolichestvo_5-shtyk";"2023-05-02T21:45:28+03:00";""
"https://kirkland.in.ua/all-products/filters/dlya-chego_zdorove-koji/kolichestvo_30-g";"2023-05-02T21:45:28+03:00";""
"https://kirkland.in.ua/all-products/filters/dlya-chego_zdorove-koji/kolichestvo_50-g";"2023-05-02T21:45:28+03:00";""
"https://kirkland.in.ua/all-products/filters/dlya-chego_zdorove-koji/strana-proizvoditel_germaniya";"2023-05-02T21:45:28+03:00";""
"https://kirkland.in.ua/all-products/filters/dlya-chego_zdorove-koji/strana-proizvoditel_tyrciya";"2023-05-02T21:45:28+03:00";""
"https://kirkland.in.ua/all-products/filters/dlya-chego_zdorove-koji/forma-vipyska_korobka";"2023-05-02T21:45:28+03:00";""
"https://kirkland.in.ua/all-products/filters/dlya-chego_zdorove-koji/forma-vipyska_tyba";"2023-05-02T21:45:28+03:00";""
"https://kirkland.in.ua/all-products/filters/dlya-chego_zdorove-koji-golovi/kolichestvo_100-ml";"2023-05-02T21:45:28+03:00";""
"https://kirkland.in.ua/all-products/filters/dlya-chego_zdorove-koji-golovi/strana-proizvoditel_indiya";"2023-05-02T21:45:28+03:00";""
"https://kirkland.in.ua/all-products/filters/dlya-chego_zdorove-koji-golovi/forma-vipyska_banka";"2023-05-02T21:45:28+03:00";""
"https://kirkland.in.ua/all-products/filters/dlya-chego_zdorove-koji-i-volos/kolichestvo_100-tabletok";"2023-05-02T21:45:28+03:00";""
"https://kirkland.in.ua/all-products/filters/dlya-chego_zdorove-koji-i-volos/forma-vipyska_banka";"2023-05-02T21:45:28+03:00";""
"https://kirkland.in.ua/all-products/filters/dlya-chego_zdorove-koji-i-volos/strana-proizvoditel_velikobritaniya";"2023-05-02T21:45:28+03:00";""
"https://kirkland.in.ua/all-products/filters/dlya-chego_zdorove-koji-i-kosteji/kolichestvo_90-tabletok";"2023-05-02T21:45:28+03:00";""
"https://kirkland.in.ua/all-products/filters/dlya-chego_zdorove-koji-i-kosteji/strana-proizvoditel_velikobritaniya";"2023-05-02T21:45:28+03:00";""
"https://kirkland.in.ua/all-products/filters/dlya-chego_zdorove-koji-i-kosteji/forma-vipyska_banka";"2023-05-02T21:45:28+03:00";""
"https://kirkland.in.ua/all-products/filters/dlya-chego_zdorove-koji-lica/kolichestvo_30-ml";"2023-05-02T21:45:28+03:00";""
"https://kirkland.in.ua/all-products/filters/dlya-chego_zdorove-koji-lica/kolichestvo_15-g";"2023-05-02T21:45:28+03:00";""
"https://kirkland.in.ua/all-products/filters/dlya-chego_zdorove-koji-lica/kolichestvo_50-g";"2023-05-02T21:45:28+03:00";""
"https://kirkland.in.ua/all-products/filters/dlya-chego_zdorove-koji-lica/kolichestvo_40-g";"2023-05-02T21:45:28+03:00";""
"https://kirkland.in.ua/all-products/filters/dlya-chego_zdorove-koji-lica/kolichestvo_60-g";"2023-05-02T21:45:28+03:00";""
"https://kirkland.in.ua/all-products/filters/dlya-chego_zdorove-koji-lica/kolichestvo_75-g";"2023-05-02T21:45:28+03:00";""
"https://kirkland.in.ua/all-products/filters/dlya-chego_zdorove-koji-lica/kolichestvo_120-ml";"2023-05-02T21:45:28+03:00";""
"https://kirkland.in.ua/all-products/filters/dlya-chego_zdorove-koji-lica/kolichestvo_125-g";"2023-05-02T21:45:28+03:00";""
"https://kirkland.in.ua/all-products/filters/dlya-chego_zdorove-koji-lica/strana-proizvoditel_germaniya";"2023-05-02T21:45:28+03:00";""
"https://kirkland.in.ua/all-products/filters/dlya-chego_zdorove-koji-lica/strana-proizvoditel_indiya";"2023-05-02T21:45:28+03:00";""
"https://kirkland.in.ua/all-products/filters/dlya-chego_zdorove-koji-lica/strana-proizvoditel_franciya";"2023-05-02T21:45:28+03:00";""
"https://kirkland.in.ua/all-products/filters/dlya-chego_zdorove-koji-lica/forma-vipyska_korobka";"2023-05-02T21:45:28+03:00";""
"https://kirkland.in.ua/all-products/filters/dlya-chego_zdorove-koji-lica/forma-vipyska_tyba";"2023-05-02T21:45:28+03:00";""
"https://kirkland.in.ua/all-products/filters/dlya-chego_zdorove-koji-lica/forma-vipyska_flakon";"2023-05-02T21:45:28+03:00";""
"https://kirkland.in.ua/all-products/filters/dlya-chego_zdorove-koji-lica-shei-i-zoni-dekolte/kolichestvo_40-ml";"2023-05-02T21:45:28+03:00";""
"https://kirkland.in.ua/all-products/filters/dlya-chego_zdorove-koji-lica-shei-i-zoni-dekolte/strana-proizvoditel_ispaniya";"2023-05-02T21:45:28+03:00";""
"https://kirkland.in.ua/all-products/filters/dlya-chego_zdorove-koji-lica-shei-i-zoni-dekolte/forma-vipyska_tyba";"2023-05-02T21:45:28+03:00";""
"https://kirkland.in.ua/all-products/filters/dlya-chego_zdorove-koji-volos-i-nogteji/kolichestvo_30-tabletok";"2023-05-02T21:45:28+03:00";""
"https://kirkland.in.ua/all-products/filters/dlya-chego_zdorove-koji-volos-i-nogteji/strana-proizvoditel_velikobritaniya";"2023-05-02T21:45:28+03:00";""
"https://kirkland.in.ua/all-products/filters/dlya-chego_zdorove-koji-volos-nogteji/kolichestvo_30-ml";"2023-05-02T21:45:28+03:00";""
"https://kirkland.in.ua/all-products/filters/dlya-chego_zdorove-koji-volos-i-nogteji/forma-vipyska_banka";"2023-05-02T21:45:28+03:00";""
"https://kirkland.in.ua/all-products/filters/dlya-chego_zdorove-koji-volos-nogteji/strana-proizvoditel_indiya";"2023-05-02T21:45:28+03:00";""
"https://kirkland.in.ua/all-products/filters/dlya-chego_zdorove-koji-volos-nogteji/forma-vipyska_tyba";"2023-05-02T21:45:28+03:00";""
"https://kirkland.in.ua/all-products/filters/dlya-chego_zdorove-kosteji-i-kostnoji-tkani/kolichestvo_250-tabletok";"2023-05-02T21:45:28+03:00";""
"https://kirkland.in.ua/all-products/filters/dlya-chego_zdorove-kosteji-i-kostnoji-tkani/strana-proizvoditel_velikobritaniya";"2023-05-02T21:45:28+03:00";""
"https://kirkland.in.ua/all-products/filters/dlya-chego_zdorove-kosteji-i-kostnoji-tkani/forma-vipyska_flakon";"2023-05-02T21:45:28+03:00";""
"https://kirkland.in.ua/all-products/filters/dlya-chego_zdorove-pecheni/kolichestvo_60-kapsyl";"2023-05-02T21:45:28+03:00";""
"https://kirkland.in.ua/all-products/filters/dlya-chego_zdorove-pecheni/strana-proizvoditel_niderlandi";"2023-05-02T21:45:28+03:00";""
"https://kirkland.in.ua/all-products/filters/dlya-chego_zdorove-pecheni/forma-vipyska_flakon";"2023-05-02T21:45:28+03:00";""
"https://kirkland.in.ua/all-products/filters/dlya-chego_zdorove-rastyschego-organizma/strana-proizvoditel_velikobritaniya";"2023-05-02T21:45:28+03:00";""
"https://kirkland.in.ua/all-products/filters/dlya-chego_zdorove-rastyschego-organizma/kolichestvo_90-tabletok";"2023-05-02T21:45:28+03:00";""
"https://kirkland.in.ua/all-products/filters/dlya-chego_zdorove-rastyschego-organizma/forma-vipyska_banka";"2023-05-02T21:45:28+03:00";""
"https://kirkland.in.ua/all-products/filters/dlya-chego_zdorove-serdca-i-systavov/kolichestvo_250-mg";"2023-05-02T21:45:28+03:00";""
"https://kirkland.in.ua/all-products/filters/dlya-chego_zdorove-serdca-i-systavov/strana-proizvoditel_velikobritaniya";"2023-05-02T21:45:28+03:00";""
"https://kirkland.in.ua/all-products/filters/dlya-chego_zdorove-balans-veschestv-v-organizme/kolichestvo_150-kapsyl";"2023-05-02T21:45:28+03:00";""
"https://kirkland.in.ua/all-products/filters/dlya-chego_zdorove-serdca-i-systavov/forma-vipyska_banka";"2023-05-02T21:45:28+03:00";""
"https://kirkland.in.ua/all-products/filters/dlya-chego_zdorove-balans-veschestv-v-organizme/strana-proizvoditel_niderlandi";"2023-05-02T21:45:28+03:00";""
"https://kirkland.in.ua/all-products/filters/dlya-chego_zdorove-balans-veschestv-v-organizme/forma-vipyska_flakon";"2023-05-02T21:45:28+03:00";""
"https://kirkland.in.ua/all-products/filters/dlya-chego_izbavlenie-ot-perhoti/kolichestvo_200-ml";"2023-05-02T21:45:28+03:00";""
"https://kirkland.in.ua/all-products/filters/dlya-chego_izbavlenie-ot-perhoti/forma-vipyska_flakon";"2023-05-02T21:45:28+03:00";""
"https://kirkland.in.ua/all-products/filters/dlya-chego_intensivnoe-ykreplenie-i-zdorove-volos/kolichestvo_300-ml-60-tabletok-50-ml";"2023-05-02T21:45:28+03:00";""
"https://kirkland.in.ua/all-products/filters/dlya-chego_izbavlenie-ot-perhoti/strana-proizvoditel_tyrciya";"2023-05-02T21:45:28+03:00";""
"https://kirkland.in.ua/all-products/filters/dlya-chego_intensivnoe-ykreplenie-i-zdorove-volos/strana-proizvoditel_tyrciya";"2023-05-02T21:45:28+03:00";""
"https://kirkland.in.ua/all-products/filters/dlya-chego_intensivnoe-ykreplenie-i-zdorove-volos/forma-vipyska_flakon-banka-flakon";"2023-05-02T21:45:28+03:00";""
"https://kirkland.in.ua/all-products/filters/dlya-chego_lechenie-akne/veschestvo_izotretinoin";"2023-05-02T21:45:28+03:00";""
"https://kirkland.in.ua/all-products/filters/dlya-chego_lechenie-akne/kolichestvo_30-sht";"2023-05-02T21:45:28+03:00";""
"https://kirkland.in.ua/all-products/filters/dlya-chego_lechenie-akne/kolichestvo_500-ml";"2023-05-02T21:45:28+03:00";""
"https://kirkland.in.ua/all-products/filters/dlya-chego_lechenie-akne/strana-proizvoditel_tyrciya";"2023-05-02T21:45:28+03:00";""
"https://kirkland.in.ua/all-products/filters/dlya-chego_lechenie-akne/forma-vipyska_flakon-s-dozatorom";"2023-05-02T21:45:28+03:00";""
"https://kirkland.in.ua/all-products/filters/dlya-chego_lechenie-gribkovih-infekciji/kolichestvo_75-g";"2023-05-02T21:45:28+03:00";""
"https://kirkland.in.ua/all-products/filters/dlya-chego_lechenie-gribkovih-infekciji/forma-vipyska_korobka";"2023-05-02T21:45:28+03:00";""
"https://kirkland.in.ua/all-products/filters/dlya-chego_lechenie-gribkovih-infekciji/strana-proizvoditel_indiya";"2023-05-02T21:45:28+03:00";""
"https://kirkland.in.ua/all-products/filters/dlya-chego_lechenie-grippa-i-prostydi/kolichestvo_10-gramm";"2023-05-02T21:45:28+03:00";""
"https://kirkland.in.ua/all-products/filters/dlya-chego_lechenie-grippa-i-prostydi/strana-proizvoditel_indiya";"2023-05-02T21:45:28+03:00";""
"https://kirkland.in.ua/all-products/filters/dlya-chego_lechenie-dermatita/kolichestvo_50-g";"2023-05-02T21:45:28+03:00";""
"https://kirkland.in.ua/all-products/filters/dlya-chego_lechenie-dermatita/strana-proizvoditel_velikobritaniya";"2023-05-02T21:45:28+03:00";""
"https://kirkland.in.ua/all-products/filters/dlya-chego_lechenie-dermatita/forma-vipyska_tyba";"2023-05-02T21:45:28+03:00";""
"https://kirkland.in.ua/all-products/filters/dlya-chego_lechenie-i-zdorove-koji/kolichestvo_50-g";"2023-05-02T21:45:28+03:00";""
"https://kirkland.in.ua/all-products/filters/dlya-chego_lechenie-i-zdorove-koji/strana-proizvoditel_ispaniya";"2023-05-02T21:45:28+03:00";""
"https://kirkland.in.ua/all-products/filters/dlya-chego_lechenie-i-zdorove-koji/forma-vipyska_tyba";"2023-05-02T21:45:28+03:00";""
"https://kirkland.in.ua/all-products/filters/dlya-chego_lechenie-i-yvlajnenie-koji/strana-proizvoditel_indiya";"2023-05-02T21:45:28+03:00";""
"https://kirkland.in.ua/all-products/filters/dlya-chego_lechenie-i-yvlajnenie-koji/kolichestvo_100-ml";"2023-05-02T21:45:28+03:00";""
"https://kirkland.in.ua/all-products/filters/dlya-chego_lechenie-i-yvlajnenie-koji/forma-vipyska_flakon";"2023-05-02T21:45:28+03:00";""
"https://kirkland.in.ua/all-products/filters/dlya-chego_lechenie-kojnih-zabolevaniji/kolichestvo_30-g";"2023-05-02T21:45:28+03:00";""
"https://kirkland.in.ua/all-products/filters/dlya-chego_lechenie-kojnih-zabolevaniji/strana-proizvoditel_velikobritaniya";"2023-05-02T21:45:28+03:00";""
"https://kirkland.in.ua/all-products/filters/dlya-chego_lechenie-kojnih-zabolevaniji/kolichestvo_50-g";"2023-05-02T21:45:28+03:00";""
"https://kirkland.in.ua/all-products/filters/dlya-chego_lechenie-kojnih-zabolevaniji/strana-proizvoditel_tyrciya";"2023-05-02T21:45:28+03:00";""
"https://kirkland.in.ua/all-products/filters/dlya-chego_lechenie-kojnih-zabolevaniji/forma-vipyska_tyba";"2023-05-02T21:45:28+03:00";""
"https://kirkland.in.ua/all-products/filters/dlya-chego_lechenie-kojnih-povrejdeniji/veschestvo_acido-ialuronico-005sulfadiazina-argentica-1";"2023-05-02T21:45:28+03:00";""
"https://kirkland.in.ua/all-products/filters/dlya-chego_lechenie-kojnih-povrejdeniji/kolichestvo_10-sht";"2023-05-02T21:45:28+03:00";""
"https://kirkland.in.ua/all-products/filters/dlya-chego_lechenie-oporno-dvigatelnoji-sistemi/kolichestvo_10-gramm";"2023-05-02T21:45:28+03:00";""
"https://kirkland.in.ua/all-products/filters/dlya-chego_lechenie-oporno-dvigatelnoji-sistemi/forma-vipyska_flakon";"2023-05-02T21:45:28+03:00";""
"https://kirkland.in.ua/all-products/filters/dlya-chego_lechenie-oporno-dvigatelnoji-sistemi/kolichestvo_60-ml";"2023-05-02T21:45:28+03:00";""
"https://kirkland.in.ua/all-products/filters/dlya-chego_lechenie-oporno-dvigatelnoji-sistemi/strana-proizvoditel_indiya";"2023-05-02T21:45:28+03:00";""
"https://kirkland.in.ua/all-products/filters/dlya-chego_lechenie-prostydi-ykreplenie-immyniteta/kolichestvo_10-gramm";"2023-05-02T21:45:28+03:00";""
"https://kirkland.in.ua/all-products/filters/dlya-chego_lechenie-prostydi-ykreplenie-immyniteta/strana-proizvoditel_indiya";"2023-05-02T21:45:28+03:00";""
"https://kirkland.in.ua/all-products/filters/dlya-chego_lechenie-prischeji/kolichestvo_20-g";"2023-05-02T21:45:28+03:00";""
"https://kirkland.in.ua/all-products/filters/dlya-chego_lechenie-prischeji/strana-proizvoditel_indiya";"2023-05-02T21:45:28+03:00";""
"https://kirkland.in.ua/all-products/filters/dlya-chego_lechenie-prischeji/forma-vipyska_tyba";"2023-05-02T21:45:28+03:00";""
"https://kirkland.in.ua/all-products/filters/dlya-chego_lechenie-psoriaza/kolichestvo_75-gramm";"2023-05-02T21:45:28+03:00";""
"https://kirkland.in.ua/all-products/filters/dlya-chego_lechenie-psoriaza/kolichestvo_236-ml";"2023-05-02T21:45:28+03:00";""
"https://kirkland.in.ua/all-products/filters/dlya-chego_lechenie-psoriaza/strana-proizvoditel_ssha";"2023-05-02T21:45:28+03:00";""
"https://kirkland.in.ua/all-products/filters/dlya-chego_lechenie-psoriaza/strana-proizvoditel_avstraliya";"2023-05-02T21:45:28+03:00";""
"https://kirkland.in.ua/all-products/filters/dlya-chego_lechenie-psoriaza/forma-vipyska_flakon";"2023-05-02T21:45:28+03:00";""
"https://kirkland.in.ua/all-products/filters/dlya-chego_lechenie-psoriaza/forma-vipyska_krem";"2023-05-02T21:45:28+03:00";""
"https://kirkland.in.ua/all-products/filters/dlya-chego_lechenie-psoriaza-perhoti-seborei/kolichestvo_240-ml";"2023-05-02T21:45:28+03:00";""
"https://kirkland.in.ua/all-products/filters/dlya-chego_lechenie-psoriaza-perhoti-seborei/strana-proizvoditel_ssha";"2023-05-02T21:45:28+03:00";""
"https://kirkland.in.ua/all-products/filters/dlya-chego_lechenie-psoriaza-perhoti-seborei/forma-vipyska_flakon";"2023-05-02T21:45:28+03:00";""
"https://kirkland.in.ua/all-products/filters/dlya-chego_lechenie-psoriaza-ekzemi-ili-trydnoizlechimih-kojnih-zabolevaniji/kolichestvo_30-g";"2023-05-02T21:45:28+03:00";""
"https://kirkland.in.ua/all-products/filters/dlya-chego_lechenie-psoriaza-ekzemi-ili-trydnoizlechimih-kojnih-zabolevaniji/strana-proizvoditel_velikobritaniya";"2023-05-02T21:45:28+03:00";""
"https://kirkland.in.ua/all-products/filters/dlya-chego_lechenie-psoriaza-ekzemi-ili-trydnoizlechimih-kojnih-zabolevaniji/forma-vipyska_tyba";"2023-05-02T21:45:28+03:00";""
"https://kirkland.in.ua/all-products/filters/dlya-chego_lecheniya-psoriaza-ekzemi-dermatita-allergicheskih-reakciji/veschestvo_dezonid-005";"2023-05-02T21:45:28+03:00";""
"https://kirkland.in.ua/all-products/filters/dlya-chego_lecheniya-psoriaza-ekzemi-dermatita-allergicheskih-reakciji/kolichestvo_30-ml";"2023-05-02T21:45:28+03:00";""
"https://kirkland.in.ua/all-products/filters/dlya-chego_lecheniya-psoriaza-ekzemi-dermatita-allergicheskih-reakciji/forma-vipyska_loson";"2023-05-02T21:45:28+03:00";""
"https://kirkland.in.ua/all-products/filters/dlya-chego_melanodermiyaaknevesnyshki/kolichestvo_15-g";"2023-05-02T21:45:28+03:00";""
"https://kirkland.in.ua/all-products/filters/dlya-chego_melanodermiyaaknevesnyshki/strana-proizvoditel_germaniya";"2023-05-02T21:45:28+03:00";""
"https://kirkland.in.ua/all-products/filters/dlya-chego_melanodermiyaaknevesnyshki/forma-vipyska_krem";"2023-05-02T21:45:28+03:00";""
"https://kirkland.in.ua/all-products/filters/dlya-chego_ojogi/veschestvo_mikronizirovanniji-sylfadiazin-serebra";"2023-05-02T21:45:28+03:00";""
"https://kirkland.in.ua/all-products/filters/dlya-chego_ojogi/veschestvo_01-g-mikronizirovanniji-sylfadiazin-serebra";"2023-05-02T21:45:28+03:00";""
"https://kirkland.in.ua/all-products/filters/dlya-chego_ojogi/kolichestvo_125-g";"2023-05-02T21:45:28+03:00";""
"https://kirkland.in.ua/all-products/filters/dlya-chego_ojogi/kolichestvo_120-g";"2023-05-02T21:45:28+03:00";""
"https://kirkland.in.ua/all-products/filters/dlya-chego_ojogi/strana-proizvoditel_italiya";"2023-05-02T21:45:28+03:00";""
"https://kirkland.in.ua/all-products/filters/dlya-chego_omolojenie/kolichestvo_100-ml";"2023-05-02T21:45:28+03:00";""
"https://kirkland.in.ua/all-products/filters/dlya-chego_otbelivanie/kolichestvo_50-ml";"2023-05-02T21:45:28+03:00";""
"https://kirkland.in.ua/all-products/filters/dlya-chego_omolojenie/strana-proizvoditel_angliya";"2023-05-02T21:45:28+03:00";""
"https://kirkland.in.ua/all-products/filters/dlya-chego_otbelivanie/kolichestvo_75-ml";"2023-05-02T21:45:28+03:00";""
"https://kirkland.in.ua/all-products/filters/dlya-chego_otbelivanie/strana-proizvoditel_britaniya";"2023-05-02T21:45:28+03:00";""
"https://kirkland.in.ua/all-products/filters/dlya-chego_otbelivanie/strana-proizvoditel_franciya";"2023-05-02T21:45:28+03:00";""
"https://kirkland.in.ua/all-products/filters/dlya-chego_otbelivanie-zybov/kolichestvo_80-g";"2023-05-02T21:45:28+03:00";""
"https://kirkland.in.ua/all-products/filters/dlya-chego_otbelivanie-zybov/kolichestvo_100-g";"2023-05-02T21:45:28+03:00";""
"https://kirkland.in.ua/all-products/filters/dlya-chego_otbelivanie-zybov/strana-proizvoditel_indiya";"2023-05-02T21:45:28+03:00";""
"https://kirkland.in.ua/all-products/filters/dlya-chego_ochischenie/veschestvo_zeleniji-chaji";"2023-05-02T21:45:28+03:00";""
"https://kirkland.in.ua/all-products/filters/dlya-chego_otbelivanie-zybov/forma-vipyska_tyba";"2023-05-02T21:45:28+03:00";""
"https://kirkland.in.ua/all-products/filters/dlya-chego_ochischenie/forma-vipyska_150-ml";"2023-05-02T21:45:28+03:00";""
"https://kirkland.in.ua/all-products/filters/dlya-chego_ochischenie/strana-proizvoditel_niderlandi";"2023-05-02T21:45:28+03:00";""
"https://kirkland.in.ua/all-products/filters/dlya-chego_perhotvipadenie-volos/veschestvo_minerali-mertvogo-morya";"2023-05-02T21:45:28+03:00";""
"https://kirkland.in.ua/all-products/filters/dlya-chego_pigmentaciya-koji/veschestvo_kojievaya-kislota-2";"2023-05-02T21:45:28+03:00";""
"https://kirkland.in.ua/all-products/filters/dlya-chego_perhotvipadenie-volos/strana-proizvoditel_niderlandi";"2023-05-02T21:45:28+03:00";""
"https://kirkland.in.ua/all-products/filters/dlya-chego_perhotvipadenie-volos/kolichestvo_250-ml";"2023-05-02T21:45:28+03:00";""
"https://kirkland.in.ua/all-products/filters/dlya-chego_pigmentaciya-koji/forma-vipyska_tyba";"2023-05-02T21:45:28+03:00";""
"https://kirkland.in.ua/all-products/filters/dlya-chego_pigmentaciya-koji/kolichestvo_15-g";"2023-05-02T21:45:28+03:00";""
"https://kirkland.in.ua/all-products/filters/dlya-chego_pigmentaciya-koji/strana-proizvoditel_indiya";"2023-05-02T21:45:28+03:00";""
"https://kirkland.in.ua/all-products/filters/dlya-chego_pitanie/kolichestvo_30-ml";"2023-05-02T21:45:28+03:00";""
"https://kirkland.in.ua/all-products/filters/dlya-chego_pitanie/strana-proizvoditel_ssha";"2023-05-02T21:45:28+03:00";""
"https://kirkland.in.ua/all-products/filters/dlya-chego_pitanie/strana-proizvoditel_franciya";"2023-05-02T21:45:28+03:00";""
"https://kirkland.in.ua/all-products/filters/dlya-chego_pitanie-vosstanovlenie/kolichestvo_30-ml";"2023-05-02T21:45:28+03:00";""
"https://kirkland.in.ua/all-products/filters/dlya-chego_podvijnost-kosteji-i-systavov/veschestvo_glukozamin-hondroitin";"2023-05-02T21:45:28+03:00";""
"https://kirkland.in.ua/all-products/filters/dlya-chego_pitanie-vosstanovlenie/strana-proizvoditel_ssha";"2023-05-02T21:45:28+03:00";""
"https://kirkland.in.ua/all-products/filters/dlya-chego_podvijnost-kosteji-i-systavov/kolichestvo_90-tabletok";"2023-05-02T21:45:28+03:00";""
"https://kirkland.in.ua/all-products/filters/dlya-chego_podvijnost-kosteji-i-systavov/kolichestvo_100-ml";"2023-05-02T21:45:28+03:00";""
"https://kirkland.in.ua/all-products/filters/dlya-chego_podvijnost-kosteji-i-systavov/strana-proizvoditel_velikobritaniya";"2023-05-02T21:45:28+03:00";""
"https://kirkland.in.ua/all-products/filters/dlya-chego_podvijnost-kosteji-i-systavov/strana-proizvoditel_tyrciya";"2023-05-02T21:45:28+03:00";""
"https://kirkland.in.ua/all-products/filters/dlya-chego_podvijnost-kosteji-i-systavov/forma-vipyska_flakon";"2023-05-02T21:45:28+03:00";""
"https://kirkland.in.ua/all-products/filters/dlya-chego_podderjanie-zdorovya-vo-vremya-beremennosti/kolichestvo_250-tabletok";"2023-05-02T21:45:28+03:00";""
"https://kirkland.in.ua/all-products/filters/dlya-chego_podderjanie-zdorovya-vo-vremya-beremennosti/strana-proizvoditel_velikobritaniya";"2023-05-02T21:45:28+03:00";""
"https://kirkland.in.ua/all-products/filters/dlya-chego_podderjanie-zdorovya-vo-vremya-beremennosti/forma-vipyska_banka";"2023-05-02T21:45:28+03:00";""
"https://kirkland.in.ua/all-products/filters/dlya-chego_podderjanie-zdorovya-i-normalnoji-raboti-organizma/kolichestvo_120-tabletok";"2023-05-02T21:45:28+03:00";""
"https://kirkland.in.ua/all-products/filters/dlya-chego_podderjanie-zdorovya-i-normalnoji-raboti-organizma/strana-proizvoditel_velikobritaniya";"2023-05-02T21:45:28+03:00";""
"https://kirkland.in.ua/all-products/filters/dlya-chego_podderjanie-zdorovya-i-normalnoji-raboti-organizma/forma-vipyska_banka";"2023-05-02T21:45:28+03:00";""
"https://kirkland.in.ua/all-products/filters/dlya-chego_podderjivaet-zdorove-dihatelnih-pyteji/kolichestvo_100-kapsyl";"2023-05-02T21:45:28+03:00";""
"https://kirkland.in.ua/all-products/filters/dlya-chego_podderjivaet-zdorove-dihatelnih-pyteji/strana-proizvoditel_velikobritaniya";"2023-05-02T21:45:28+03:00";""
"https://kirkland.in.ua/all-products/filters/dlya-chego_podderjivaet-zdorove-dihatelnih-pyteji/forma-vipyska_banka";"2023-05-02T21:45:28+03:00";""
"https://kirkland.in.ua/all-products/filters/dlya-chego_podderjivaet-zdorove-koji-i-okryjauschego-analnoe-otverstie-prostranstva/strana-proizvoditel_indiya";"2023-05-02T21:45:28+03:00";""
"https://kirkland.in.ua/all-products/filters/dlya-chego_podderjivaet-zdorove-koji-i-okryjauschego-analnoe-otverstie-prostranstva/kolichestvo_30-g";"2023-05-02T21:45:28+03:00";""
"https://kirkland.in.ua/all-products/filters/dlya-chego_podderjivaet-zdorove-koji-i-okryjauschego-analnoe-otverstie-prostranstva/forma-vipyska_tyba";"2023-05-02T21:45:28+03:00";""
"https://kirkland.in.ua/all-products/filters/dlya-chego_pomogaet-nejitralizovat-svobodnie-radikali-v-organizme-i-podderjivat-immynnyu-sistemy/kolichestvo_500";"2023-05-02T21:45:28+03:00";""
"https://kirkland.in.ua/all-products/filters/dlya-chego_pomogaet-nejitralizovat-svobodnie-radikali-v-organizme-i-podderjivat-immynnyu-sistemy/strana-proizvoditel_ssha";"2023-05-02T21:45:28+03:00";""
"https://kirkland.in.ua/all-products/filters/dlya-chego_prednaznachen-dlya-podderjki-zdorovya-ludeji-starshe-50-let/kolichestvo_400";"2023-05-02T21:45:28+03:00";""
"https://kirkland.in.ua/all-products/filters/dlya-chego_pomogaet-nejitralizovat-svobodnie-radikali-v-organizme-i-podderjivat-immynnyu-sistemy/forma-vipyska_kapsyli";"2023-05-02T21:45:28+03:00";""
"https://kirkland.in.ua/all-products/filters/dlya-chego_prednaznachen-dlya-podderjki-zdorovya-ludeji-starshe-50-let/forma-vipyska_tabletki";"2023-05-02T21:45:28+03:00";""
"https://kirkland.in.ua/all-products/filters/dlya-chego_prednaznachen-dlya-podderjki-zdorovya-ludeji-starshe-50-let/strana-proizvoditel_ssha";"2023-05-02T21:45:28+03:00";""
"https://kirkland.in.ua/all-products/filters/dlya-chego_protivovospalitelnoe-sredstvo/kolichestvo_500";"2023-05-02T21:45:28+03:00";""
"https://kirkland.in.ua/all-products/filters/dlya-chego_protivovospalitelnoe-sredstvo/strana-proizvoditel_ssha";"2023-05-02T21:45:28+03:00";""
"https://kirkland.in.ua/all-products/filters/dlya-chego_profilaktika-i-lechenie-prischeji-i-ygreji/kolichestvo_50-ml";"2023-05-02T21:45:28+03:00";""
"https://kirkland.in.ua/all-products/filters/dlya-chego_profilaktika-i-lechenie-prischeji-i-ygreji/strana-proizvoditel_germaniya";"2023-05-02T21:45:28+03:00";""
"https://kirkland.in.ua/all-products/filters/dlya-chego_profilaktika-i-lechenie-prischeji-i-ygreji/forma-vipyska_flakon";"2023-05-02T21:45:28+03:00";""
"https://kirkland.in.ua/all-products/filters/dlya-chego_psoriaz/veschestvo_klobetazol";"2023-05-02T21:45:28+03:00";""
"https://kirkland.in.ua/all-products/filters/dlya-chego_psoriaz/kolichestvo_50-g";"2023-05-02T21:45:28+03:00";""
"https://kirkland.in.ua/all-products/filters/dlya-chego_psoriaz/strana-proizvoditel_tyrciya";"2023-05-02T21:45:28+03:00";""
"https://kirkland.in.ua/all-products/filters/dlya-chego_psoriaz/forma-vipyska_metalleva-tyba";"2023-05-02T21:45:28+03:00";""
"https://kirkland.in.ua/all-products/filters/dlya-chego_psoriaz-koji-golovi/veschestvo_ekstrakt-solubilizirovannogo-kamennoygolnogo-degtya-20-mgml";"2023-05-02T21:45:28+03:00";""
"https://kirkland.in.ua/all-products/filters/dlya-chego_psoriaz-koji-golovi/kolichestvo_125-ml";"2023-05-02T21:45:28+03:00";""
"https://kirkland.in.ua/all-products/filters/dlya-chego_psoriaz-koji-golovi/kolichestvo_250-ml";"2023-05-02T21:45:28+03:00";""
"https://kirkland.in.ua/all-products/filters/dlya-chego_psoriaz-koji-golovi/strana-proizvoditel_belgiya";"2023-05-02T21:45:28+03:00";""
"https://kirkland.in.ua/all-products/filters/dlya-chego_rost-volos/kolichestvo_300-ml";"2023-05-02T21:45:28+03:00";""
"https://kirkland.in.ua/all-products/filters/dlya-chego_regyliryet-menopayzy/kolichestvo_60-tabletok";"2023-05-02T21:45:28+03:00";""
"https://kirkland.in.ua/all-products/filters/dlya-chego_regyliryet-menopayzy/strana-proizvoditel_indiya";"2023-05-02T21:45:28+03:00";""
"https://kirkland.in.ua/all-products/filters/dlya-chego_rost-volos/strana-proizvoditel_tyrciya";"2023-05-02T21:45:28+03:00";""
"https://kirkland.in.ua/all-products/filters/dlya-chego_rost-volos/forma-vipyska_flakon";"2023-05-02T21:45:28+03:00";""
"https://kirkland.in.ua/all-products/filters/dlya-chego_sposobstvyet-vosstanovleniu-povrejdennoji-hryaschevoji-tkani/kolichestvo_375";"2023-05-02T21:45:28+03:00";""
"https://kirkland.in.ua/all-products/filters/dlya-chego_sposobstvyet-vosstanovleniu-povrejdennoji-hryaschevoji-tkani/strana-proizvoditel_ssha";"2023-05-02T21:45:28+03:00";""
"https://kirkland.in.ua/all-products/filters/dlya-chego_yvlajnenie/veschestvo_maslo-jojoba-klybniki-semyan-arbyza-i-aloe-vera";"2023-05-02T21:45:28+03:00";""
"https://kirkland.in.ua/all-products/filters/dlya-chego_sposobstvyet-vosstanovleniu-povrejdennoji-hryaschevoji-tkani/forma-vipyska_tabletki";"2023-05-02T21:45:28+03:00";""
"https://kirkland.in.ua/all-products/filters/dlya-chego_yvlajnenie/veschestvo_maslo-jojoba-persika-i-aloe-vera";"2023-05-02T21:45:28+03:00";""
"https://kirkland.in.ua/all-products/filters/dlya-chego_yvlajnenie/kolichestvo_60-ml";"2023-05-02T21:45:28+03:00";""
"https://kirkland.in.ua/all-products/filters/dlya-chego_yvlajnenie/kolichestvo_30-ml";"2023-05-02T21:45:28+03:00";""
"https://kirkland.in.ua/all-products/filters/dlya-chego_yvlajnenie/kolichestvo_100-ml";"2023-05-02T21:45:28+03:00";""
"https://kirkland.in.ua/all-products/filters/dlya-chego_yvlajnenie/strana-proizvoditel_angliya";"2023-05-02T21:45:28+03:00";""
"https://kirkland.in.ua/all-products/filters/dlya-chego_yvlajnenie/strana-proizvoditel_polsha";"2023-05-02T21:45:28+03:00";""
"https://kirkland.in.ua/all-products/filters/dlya-chego_yvlajnenie/strana-proizvoditel_ssha";"2023-05-02T21:45:28+03:00";""
"https://kirkland.in.ua/all-products/filters/dlya-chego_zvolojennya-ta-likyvannya-poshkodjen-na-shkiri/strana-proizvoditel_tyrciya";"2023-05-02T21:45:28+03:00";""
"https://kirkland.in.ua/all-products/filters/dlya-chego_zvolojennya-ta-likyvannya-poshkodjen-na-shkiri/kolichestvo_15-g";"2023-05-02T21:45:28+03:00";""
"https://kirkland.in.ua/all-products/filters/dlya-chego_zvolojennya-ta-likyvannya-poshkodjen-na-shkiri/forma-vipyska_tyba";"2023-05-02T21:45:28+03:00";""
"https://kirkland.in.ua/all-products/filters/dlya-chego_yvlajnenie-i-pitanie/veschestvo_retinol";"2023-05-02T21:45:28+03:00";""
"https://kirkland.in.ua/all-products/filters/dlya-chego_yvlajnenie-i-pitanie/kolichestvo_30-ml";"2023-05-02T21:45:28+03:00";""
"https://kirkland.in.ua/all-products/filters/dlya-chego_yvlajnenie-i-pitanie/kolichestvo_200-ml";"2023-05-02T21:45:28+03:00";""
"https://kirkland.in.ua/all-products/filters/dlya-chego_yvlajnenie-koji/strana-proizvoditel_germaniya";"2023-05-02T21:45:28+03:00";""
"https://kirkland.in.ua/all-products/filters/dlya-chego_yvlajnenie-koji/kolichestvo_120-ml";"2023-05-02T21:45:28+03:00";""
"https://kirkland.in.ua/all-products/filters/dlya-chego_yvlajnenie-koji/forma-vipyska_flakon";"2023-05-02T21:45:28+03:00";""
"https://kirkland.in.ua/all-products/filters/dlya-chego_yvlajnenie-i-pitanie/strana-proizvoditel_franciya";"2023-05-02T21:45:28+03:00";""
"https://kirkland.in.ua/all-products/filters/dlya-chego_yvlajnenie-koji-lica/kolichestvo_100-g";"2023-05-02T21:45:28+03:00";""
"https://kirkland.in.ua/all-products/filters/dlya-chego_yvlajnenie-koji-lica/forma-vipyska_flakon";"2023-05-02T21:45:28+03:00";""
"https://kirkland.in.ua/all-products/filters/dlya-chego_yvlajnenie-koji-lica/strana-proizvoditel_irlandiya";"2023-05-02T21:45:28+03:00";""
"https://kirkland.in.ua/all-products/filters/dlya-chego_yvlajnenie-pyatok/veschestvo_gialyronovaya-kislota-sylfadiazin-serebra";"2023-05-02T21:45:28+03:00";""
"https://kirkland.in.ua/all-products/filters/dlya-chego_yvlajnenie-pyatok/kolichestvo_20-g";"2023-05-02T21:45:28+03:00";""
"https://kirkland.in.ua/all-products/filters/dlya-chego_yvlajnenie-pyatok/strana-proizvoditel_indiya";"2023-05-02T21:45:28+03:00";""
"https://kirkland.in.ua/all-products/filters/dlya-chego_yvlajnenie-pyatok/strana-proizvoditel_franciya";"2023-05-02T21:45:28+03:00";""
"https://kirkland.in.ua/all-products/filters/dlya-chego_yvlajnenie-pyatok/forma-vipyska_tyba";"2023-05-02T21:45:28+03:00";""
"https://kirkland.in.ua/all-products/filters/dlya-chego_yvlajnenie-pyatok/forma-vipyska_banka";"2023-05-02T21:45:28+03:00";""
"https://kirkland.in.ua/all-products/filters/dlya-chego_yvlajnenie-pitanie/kolichestvo_60-ml";"2023-05-02T21:45:28+03:00";""
"https://kirkland.in.ua/all-products/filters/dlya-chego_yvlajnenie-pitanie/strana-proizvoditel_ssha";"2023-05-02T21:45:28+03:00";""
"https://kirkland.in.ua/all-products/filters/dlya-chego_yvlajnyaschiji/kolichestvo_100-ml";"2023-05-02T21:45:28+03:00";""
"https://kirkland.in.ua/all-products/filters/dlya-chego_yvlajnyauschiji/kolichestvo_100-ml";"2023-05-02T21:45:28+03:00";""
"https://kirkland.in.ua/all-products/filters/dlya-chego_yvlajnyaschiji/strana-proizvoditel_franciya";"2023-05-02T21:45:28+03:00";""
"https://kirkland.in.ua/all-products/filters/dlya-chego_yvlajnyauschiji/strana-proizvoditel_franciya";"2023-05-02T21:45:28+03:00";""
"https://kirkland.in.ua/all-products/filters/dlya-chego_ykreplenie-zdorovya-desen-i-zybov/kolichestvo_80-g";"2023-05-02T21:45:28+03:00";""
"https://kirkland.in.ua/all-products/filters/dlya-chego_ykreplenie-zdorovya-desen-i-zybov/strana-proizvoditel_indiya";"2023-05-02T21:45:28+03:00";""
"https://kirkland.in.ua/all-products/filters/dlya-chego_ykreplenie-zdorovya-desen-i-zybov/forma-vipyska_tyba";"2023-05-02T21:45:28+03:00";""
"https://kirkland.in.ua/all-products/filters/dlya-chego_ykreplenie-zdorovya-serdca-i-serdechno-sosydistih-fynkciji/kolichestvo_60-tabletok";"2023-05-02T21:45:28+03:00";""
"https://kirkland.in.ua/all-products/filters/dlya-chego_ykreplenie-zdorovya-serdca-i-serdechno-sosydistih-fynkciji/strana-proizvoditel_indiya";"2023-05-02T21:45:28+03:00";""
"https://kirkland.in.ua/all-products/filters/dlya-chego_ykreplenie-zdorovya-serdca-i-serdechno-sosydistih-fynkciji/forma-vipyska_banka";"2023-05-02T21:45:28+03:00";""
"https://kirkland.in.ua/all-products/filters/dlya-chego_ykreplenie-korneji-volos/kolichestvo_100-g";"2023-05-02T21:45:28+03:00";""
"https://kirkland.in.ua/all-products/filters/dlya-chego_ykreplenie-korneji-volos/kolichestvo_50-ml";"2023-05-02T21:45:28+03:00";""
"https://kirkland.in.ua/all-products/filters/dlya-chego_ykreplenie-korneji-volos/kolichestvo_300-ml";"2023-05-02T21:45:28+03:00";""
"https://kirkland.in.ua/all-products/filters/dlya-chego_ykreplenie-korneji-volos/strana-proizvoditel_indiya";"2023-05-02T21:45:28+03:00";""
"https://kirkland.in.ua/all-products/filters/dlya-chego_ykreplenie-korneji-volos/kolichestvo_100-ml";"2023-05-02T21:45:28+03:00";""
"https://kirkland.in.ua/all-products/filters/dlya-chego_ykreplenie-korneji-volos/forma-vipyska_banka";"2023-05-02T21:45:28+03:00";""
"https://kirkland.in.ua/all-products/filters/dlya-chego_ykreplenie-korneji-volos/strana-proizvoditel_tyrciya";"2023-05-02T21:45:28+03:00";""
"https://kirkland.in.ua/all-products/filters/dlya-chego_ykreplenie-korneji-volos/forma-vipyska_tyba";"2023-05-02T21:45:28+03:00";""
"https://kirkland.in.ua/all-products/filters/dlya-chego_ykreplenie-korneji-volos/forma-vipyska_flakon";"2023-05-02T21:45:28+03:00";""
"https://kirkland.in.ua/all-products/filters/dlya-chego_ykreplenie-kosteji-zdorove-zybov/kolichestvo_100-tabletok";"2023-05-02T21:45:28+03:00";""
"https://kirkland.in.ua/all-products/filters/dlya-chego_ykreplenie-kosteji-zdorove-zybov/strana-proizvoditel_velikobritaniya";"2023-05-02T21:45:28+03:00";""
"https://kirkland.in.ua/all-products/filters/dlya-chego_ykreplenie-kosteji-zdorove-zybov/forma-vipyska_flakon";"2023-05-02T21:45:28+03:00";""
"https://kirkland.in.ua/all-products/filters/dlya-chego_ykreplenie-korneji-volos/shampyn_shampyn";"2023-05-02T21:45:28+03:00";""
"https://kirkland.in.ua/all-products/filters/dlya-chego_ykreplenie-zdorove-volos/kolichestvo_100-ml";"2023-05-02T21:45:28+03:00";""
"https://kirkland.in.ua/all-products/filters/dlya-chego_ykreplenie-zdorove-volos/strana-proizvoditel_indiya";"2023-05-02T21:45:28+03:00";""
"https://kirkland.in.ua/all-products/filters/dlya-chego_ykreplenie-zdorove-volos/forma-vipyska_flakon";"2023-05-02T21:45:28+03:00";""
"https://kirkland.in.ua/all-products/filters/dlya-chego_ylychshenie-pamyati-i-kognitivnih-fynkciji/kolichestvo_10-ml";"2023-05-02T21:45:28+03:00";""
"https://kirkland.in.ua/all-products/filters/dlya-chego_ylychshenie-pamyati-i-kognitivnih-fynkciji/strana-proizvoditel_germaniya";"2023-05-02T21:45:28+03:00";""
"https://kirkland.in.ua/all-products/filters/dlya-chego_ylychshenie-pamyati-i-kognitivnih-fynkciji/forma-vipyska_flakon";"2023-05-02T21:45:28+03:00";""
"https://kirkland.in.ua/all-products/filters/dlya-chego_ylychshenie-pischevareniya/kolichestvo_400-mg";"2023-05-02T21:45:28+03:00";""
"https://kirkland.in.ua/all-products/filters/dlya-chego_ylychshenie-pischevareniya/strana-proizvoditel_velikobritaniya";"2023-05-02T21:45:28+03:00";""
"https://kirkland.in.ua/all-products/filters/dlya-chego_ylychshenie-pischevareniya/forma-vipyska_flakon";"2023-05-02T21:45:28+03:00";""
"https://kirkland.in.ua/all-products/filters/dlya-chego_ylychshenie-psihicheskogo-sostoyaniya/kolichestvo_20-kapsyl";"2023-05-02T21:45:28+03:00";""
"https://kirkland.in.ua/all-products/filters/dlya-chego_ylychshenie-psihicheskogo-sostoyaniya/forma-vipyska_blister";"2023-05-02T21:45:28+03:00";""
"https://kirkland.in.ua/all-products/filters/dlya-chego_ylychshenie-psihicheskogo-sostoyaniya/strana-proizvoditel_italiya";"2023-05-02T21:45:28+03:00";""
"https://kirkland.in.ua/all-products/filters/dlya-chego_ylychshenie-spermatogeneza/strana-proizvoditel_indiya";"2023-05-02T21:45:28+03:00";""
"https://kirkland.in.ua/all-products/filters/dlya-chego_ylychshenie-spermatogeneza/kolichestvo_60-tabletok";"2023-05-02T21:45:28+03:00";""
"https://kirkland.in.ua/all-products/filters/dlya-chego_ylychshenie-spermatogeneza/forma-vipyska_banka";"2023-05-02T21:45:28+03:00";""
"https://kirkland.in.ua/all-products/filters/dlya-chego_yspokoitelnoe/kolichestvo_100-tabletok";"2023-05-02T21:45:28+03:00";""
"https://kirkland.in.ua/all-products/filters/dlya-chego_ymenshenie-posledstviji-zabolevaniji-koji/kolichestvo_50-g";"2023-05-02T21:45:28+03:00";""
"https://kirkland.in.ua/all-products/filters/dlya-chego_ymenshenie-posledstviji-zabolevaniji-koji/strana-proizvoditel_velikobritaniya";"2023-05-02T21:45:28+03:00";""
"https://kirkland.in.ua/all-products/filters/dlya-chego_ymenshenie-posledstviji-zabolevaniji-koji/forma-vipyska_tyba";"2023-05-02T21:45:28+03:00";""
"https://kirkland.in.ua/all-products/filters/dlya-chego_yspokoitelnoe/strana-proizvoditel_indiya";"2023-05-02T21:45:28+03:00";""
"https://kirkland.in.ua/all-products/filters/dlya-chego_yspokoitelnoe/forma-vipyska_banka";"2023-05-02T21:45:28+03:00";""
"https://kirkland.in.ua/all-products/filters/dlya-chego_shampyn-dlya-jirnih-volos/kolichestvo_100-ml";"2023-05-02T21:45:28+03:00";""
"https://kirkland.in.ua/all-products/filters/dlya-chego_shampyn-dlya-jirnih-volos/strana-proizvoditel_tyrciya";"2023-05-02T21:45:28+03:00";""
"https://kirkland.in.ua/all-products/filters/dlya-chego_ekzema-psoriaz/kolichestvo_50-ml";"2023-05-02T21:45:28+03:00";""
"https://kirkland.in.ua/all-products/filters/dlya-chego_ekzema-psoriaz/veschestvo_mds17";"2023-05-02T21:45:28+03:00";""
"https://kirkland.in.ua/all-products/filters/dlya-chego_ekzema-psoriaz/kolichestvo_200-ml";"2023-05-02T21:45:28+03:00";""
"https://kirkland.in.ua/all-products/filters/dlya-chego_ekzema-psoriaz/strana-proizvoditel_niderlandi";"2023-05-02T21:45:28+03:00";""
"https://kirkland.in.ua/all-products/filters/dlya-chego_ekzema-psoriaz/forma-vipyska_tyba";"2023-05-02T21:45:28+03:00";""
"https://kirkland.in.ua/all-products/filters/dlya-chego_erozii/kolichestvo_10-sht";"2023-05-02T21:45:28+03:00";""
"https://kirkland.in.ua/all-products/filters/dlya-chego_erozii/strana-proizvoditel_italiya";"2023-05-02T21:45:28+03:00";""
"https://kirkland.in.ua/all-products/filters/kolichestvo_11-ml/veschestvo_stabilizirovannaya-gialyronovaya-kislota-lidokain";"2023-05-02T21:45:28+03:00";""
"https://kirkland.in.ua/all-products/filters/kolichestvo_11-ml/dlya-chego_vosstanovlenie-ytrachennih-obemov-zoni-schek-podborodkatonkie-gybi";"2023-05-02T21:45:28+03:00";""
"https://kirkland.in.ua/all-products/filters/kolichestvo_11-ml/strana-proizvoditel_ujnaya-koreya";"2023-05-02T21:45:28+03:00";""
"https://kirkland.in.ua/all-products/filters/kolichestvo_1-flakon-100-ed/veschestvo_botylinicheskiji-toksin-tipa-a-sivorotochniji-albymin-cheloveka-05-mg-hlorid-natriya-09-mg";"2023-05-02T21:45:28+03:00";""
"https://kirkland.in.ua/all-products/filters/kolichestvo_1-flakon-100-ed/strana-proizvoditel_ujnaya-koreya";"2023-05-02T21:45:28+03:00";""
"https://kirkland.in.ua/all-products/filters/kolichestvo_25-ml/veschestvo_latanoprost";"2023-05-02T21:45:28+03:00";""
"https://kirkland.in.ua/all-products/filters/kolichestvo_25-ml/strana-proizvoditel_belgiya";"2023-05-02T21:45:28+03:00";""
"https://kirkland.in.ua/all-products/filters/kolichestvo_25-ml/forma-vipyska_flakon-rastvor-0005-";"2023-05-02T21:45:28+03:00";""
"https://kirkland.in.ua/all-products/filters/kolichestvo_5-g/dlya-chego_bakterialnie-infekcii-glaz";"2023-05-02T21:45:28+03:00";""
"https://kirkland.in.ua/all-products/filters/kolichestvo_5-g/veschestvo_fyzidovaya-kislota-fusidic-acid";"2023-05-02T21:45:28+03:00";""
"https://kirkland.in.ua/all-products/filters/kolichestvo_5-shtyk/dlya-chego_zdorove-koji";"2023-05-02T21:45:28+03:00";""
"https://kirkland.in.ua/all-products/filters/kolichestvo_5-g/strana-proizvoditel_tyrciya";"2023-05-02T21:45:28+03:00";""
"https://kirkland.in.ua/all-products/filters/kolichestvo_5-shtyk/strana-proizvoditel_tyrciya";"2023-05-02T21:45:28+03:00";""
"https://kirkland.in.ua/all-products/filters/kolichestvo_5-shtyk/forma-vipyska_korobka";"2023-05-02T21:45:28+03:00";""
"https://kirkland.in.ua/all-products/filters/kolichestvo_10-ml/dlya-chego_ylychshenie-pamyati-i-kognitivnih-fynkciji";"2023-05-02T21:45:28+03:00";""
"https://kirkland.in.ua/all-products/filters/kolichestvo_10-ml/strana-proizvoditel_germaniya";"2023-05-02T21:45:28+03:00";""
"https://kirkland.in.ua/all-products/filters/kolichestvo_10-sht/veschestvo_vodniji-ekstrakt-triticum-vulgare-15-g";"2023-05-02T21:45:28+03:00";""
"https://kirkland.in.ua/all-products/filters/kolichestvo_10-sht/dlya-chego_lechenie-kojnih-povrejdeniji";"2023-05-02T21:45:28+03:00";""
"https://kirkland.in.ua/all-products/filters/kolichestvo_10-ml/forma-vipyska_flakon";"2023-05-02T21:45:28+03:00";""
"https://kirkland.in.ua/all-products/filters/kolichestvo_10-sht/veschestvo_acido-ialuronico-005sulfadiazina-argentica-1";"2023-05-02T21:45:28+03:00";""
"https://kirkland.in.ua/all-products/filters/kolichestvo_10-sht/dlya-chego_erozii";"2023-05-02T21:45:28+03:00";""
"https://kirkland.in.ua/all-products/filters/kolichestvo_10-sht/strana-proizvoditel_italiya";"2023-05-02T21:45:28+03:00";""
"https://kirkland.in.ua/all-products/filters/kolichestvo_10-gramm/veschestvo_takrolimys";"2023-05-02T21:45:28+03:00";""
"https://kirkland.in.ua/all-products/filters/kolichestvo_10-gramm/dlya-chego_lechenie-prostydi-ykreplenie-immyniteta";"2023-05-02T21:45:28+03:00";""
"https://kirkland.in.ua/all-products/filters/kolichestvo_10-gramm/dlya-chego_lechenie-grippa-i-prostydi";"2023-05-02T21:45:28+03:00";""
"https://kirkland.in.ua/all-products/filters/kolichestvo_10-gramm/dlya-chego_lechenie-oporno-dvigatelnoji-sistemi";"2023-05-02T21:45:28+03:00";""
"https://kirkland.in.ua/all-products/filters/kolichestvo_10-syppozitoriji/veschestvo_ketokain-gidrohlorid-flyocinolon-acetonid";"2023-05-02T21:45:28+03:00";""
"https://kirkland.in.ua/all-products/filters/kolichestvo_10-gramm/strana-proizvoditel_indiya";"2023-05-02T21:45:28+03:00";""
"https://kirkland.in.ua/all-products/filters/kolichestvo_10-syppozitoriji/strana-proizvoditel_italiya";"2023-05-02T21:45:28+03:00";""
"https://kirkland.in.ua/all-products/filters/kolichestvo_12-syppozitoriji/veschestvo_flyokortolon-pivalata-flyokortolon-kaproat-cinhokain-gidrohlorida";"2023-05-02T21:45:28+03:00";""
"https://kirkland.in.ua/all-products/filters/kolichestvo_12-syppozitoriji/veschestvo_gidrokortizonacetat-benzokain-eskylin";"2023-05-02T21:45:28+03:00";""
"https://kirkland.in.ua/all-products/filters/kolichestvo_12-syppozitoriji/strana-proizvoditel_italiya";"2023-05-02T21:45:28+03:00";""
"https://kirkland.in.ua/all-products/filters/kolichestvo_15-g/veschestvo_kojievaya-kislota-2";"2023-05-02T21:45:28+03:00";""
"https://kirkland.in.ua/all-products/filters/kolichestvo_15-g/veschestvo_gidrohinon-2-tretinoin-0025-mometazona-fyroat-01";"2023-05-02T21:45:28+03:00";""
"https://kirkland.in.ua/all-products/filters/kolichestvo_15-g/veschestvo_ciklicheskie-i-polimernie-siloksani-efir-vitamina-c";"2023-05-02T21:45:28+03:00";""
"https://kirkland.in.ua/all-products/filters/kolichestvo_15-g/dlya-chego_melanodermiyaaknevesnyshki";"2023-05-02T21:45:28+03:00";""
"https://kirkland.in.ua/all-products/filters/kolichestvo_15-g/dlya-chego_pigmentaciya-koji";"2023-05-02T21:45:28+03:00";""
"https://kirkland.in.ua/all-products/filters/kolichestvo_15-g/dlya-chego_zdorove-koji-lica";"2023-05-02T21:45:28+03:00";""
"https://kirkland.in.ua/all-products/filters/kolichestvo_15-g/dlya-chego_zvolojennya-ta-likyvannya-poshkodjen-na-shkiri";"2023-05-02T21:45:28+03:00";""
"https://kirkland.in.ua/all-products/filters/kolichestvo_15-g/strana-proizvoditel_germaniya";"2023-05-02T21:45:28+03:00";""
"https://kirkland.in.ua/all-products/filters/kolichestvo_15-g/strana-proizvoditel_indiya";"2023-05-02T21:45:28+03:00";""
"https://kirkland.in.ua/all-products/filters/kolichestvo_15-g/strana-proizvoditel_tyrciya";"2023-05-02T21:45:28+03:00";""
"https://kirkland.in.ua/all-products/filters/kolichestvo_15-g/forma-vipyska_krem";"2023-05-02T21:45:28+03:00";""
"https://kirkland.in.ua/all-products/filters/kolichestvo_15-ml/dlya-chego_dlya-jirnih-volos-i-koji-golovi";"2023-05-02T21:45:28+03:00";""
"https://kirkland.in.ua/all-products/filters/kolichestvo_15-g/forma-vipyska_tyba";"2023-05-02T21:45:28+03:00";""
"https://kirkland.in.ua/all-products/filters/kolichestvo_15-ml/dlya-chego_dlya-oblasti-vokryg-glaz";"2023-05-02T21:45:28+03:00";""
"https://kirkland.in.ua/all-products/filters/kolichestvo_15-ml/forma-vipyska_tyba";"2023-05-02T21:45:28+03:00";""
"https://kirkland.in.ua/all-products/filters/kolichestvo_15-ml/forma-vipyska_krem-balzam";"2023-05-02T21:45:28+03:00";""
"https://kirkland.in.ua/all-products/filters/kolichestvo_15-ml/strana-proizvoditel_niderlandi";"2023-05-02T21:45:28+03:00";""
"https://kirkland.in.ua/all-products/filters/kolichestvo_15h6-ml/dlya-chego_bioaktivnaya-vosstanavlivauschaya-sivorotka-dlya-koji-golovi";"2023-05-02T21:45:28+03:00";""
"https://kirkland.in.ua/all-products/filters/kolichestvo_15h6-ml/strana-proizvoditel_tyrciya";"2023-05-02T21:45:28+03:00";""
"https://kirkland.in.ua/all-products/filters/kolichestvo_15-gramm/veschestvo_klostridiopeptidaza-kollagenaza-hloramfenikol";"2023-05-02T21:45:28+03:00";""
"https://kirkland.in.ua/all-products/filters/kolichestvo_20g/veschestvo_amorilfin-gidrohlorid";"2023-05-02T21:45:28+03:00";""
"https://kirkland.in.ua/all-products/filters/kolichestvo_15-gramm/strana-proizvoditel_indiya";"2023-05-02T21:45:28+03:00";""
"https://kirkland.in.ua/all-products/filters/kolichestvo_20g/strana-proizvoditel_italiya";"2023-05-02T21:45:28+03:00";""
"https://kirkland.in.ua/all-products/filters/kolichestvo_20-g/dlya-chego_dlya-lecheniya-dermatomikozov";"2023-05-02T21:45:28+03:00";""
"https://kirkland.in.ua/all-products/filters/kolichestvo_20-g/dlya-chego_lechenie-prischeji";"2023-05-02T21:45:28+03:00";""
"https://kirkland.in.ua/all-products/filters/kolichestvo_20-g/strana-proizvoditel_indiya";"2023-05-02T21:45:28+03:00";""
"https://kirkland.in.ua/all-products/filters/kolichestvo_20-g/strana-proizvoditel_shvejicariya";"2023-05-02T21:45:28+03:00";""
"https://kirkland.in.ua/all-products/filters/kolichestvo_20-gramm/veschestvo_krotamiton";"2023-05-02T21:45:28+03:00";""
"https://kirkland.in.ua/all-products/filters/kolichestvo_20-g/forma-vipyska_tyba";"2023-05-02T21:45:28+03:00";""
"https://kirkland.in.ua/all-products/filters/kolichestvo_20-gramm/strana-proizvoditel_italiya";"2023-05-02T21:45:28+03:00";""
"https://kirkland.in.ua/all-products/filters/kolichestvo_20-gramm/forma-vipyska_tyba";"2023-05-02T21:45:28+03:00";""
"https://kirkland.in.ua/all-products/filters/kolichestvo_20-kapsyl/dlya-chego_ylychshenie-psihicheskogo-sostoyaniya";"2023-05-02T21:45:28+03:00";""
"https://kirkland.in.ua/all-products/filters/kolichestvo_20-kapsyl/forma-vipyska_blister";"2023-05-02T21:45:28+03:00";""
"https://kirkland.in.ua/all-products/filters/kolichestvo_20-kapsyl/strana-proizvoditel_italiya";"2023-05-02T21:45:28+03:00";""
"https://kirkland.in.ua/all-products/filters/kolichestvo_25-gramm/veschestvo_gialyronova-kislota-natrieva-sol-sylfadiazin-serebra";"2023-05-02T21:45:28+03:00";""
"https://kirkland.in.ua/all-products/filters/kolichestvo_25-gramm/veschestvo_gialyronovaya-kislota-natrijinaya-sol-sylfadiazin-serebra";"2023-05-02T21:45:28+03:00";""
"https://kirkland.in.ua/all-products/filters/kolichestvo_25-gramm/veschestvo_gialyronovaya-kislota-sylfadiazin-serebra";"2023-05-02T21:45:28+03:00";""
"https://kirkland.in.ua/all-products/filters/kolichestvo_25-gramm/strana-proizvoditel_italiya";"2023-05-02T21:45:28+03:00";""
"https://kirkland.in.ua/all-products/filters/kolichestvo_25-gramm/forma-vipyska_tyba";"2023-05-02T21:45:28+03:00";""
"https://kirkland.in.ua/all-products/filters/kolichestvo_30-g/veschestvo_adapalen-01";"2023-05-02T21:45:28+03:00";""
"https://kirkland.in.ua/all-products/filters/kolichestvo_30-g/veschestvo_izotreksin-eritromicin";"2023-05-02T21:45:28+03:00";""
"https://kirkland.in.ua/all-products/filters/kolichestvo_30-g/veschestvo_flyocinolona-acetonid-ketokaina-gidrohlorid";"2023-05-02T21:45:28+03:00";""
"https://kirkland.in.ua/all-products/filters/kolichestvo_30-g/dlya-chego_lechenie-kojnih-zabolevaniji";"2023-05-02T21:45:28+03:00";""
"https://kirkland.in.ua/all-products/filters/kolichestvo_30-g/dlya-chego_zdorove-koji";"2023-05-02T21:45:28+03:00";""
"https://kirkland.in.ua/all-products/filters/kolichestvo_30-g/dlya-chego_lechenie-psoriaza-ekzemi-ili-trydnoizlechimih-kojnih-zabolevaniji";"2023-05-02T21:45:28+03:00";""
"https://kirkland.in.ua/all-products/filters/kolichestvo_30-g/strana-proizvoditel_galderma-franciya";"2023-05-02T21:45:28+03:00";""
"https://kirkland.in.ua/all-products/filters/kolichestvo_30-g/dlya-chego_podderjivaet-zdorove-koji-i-okryjauschego-analnoe-otverstie-prostranstva";"2023-05-02T21:45:28+03:00";""
"https://kirkland.in.ua/all-products/filters/kolichestvo_30-g/strana-proizvoditel_velikobritaniya";"2023-05-02T21:45:28+03:00";""
"https://kirkland.in.ua/all-products/filters/kolichestvo_30-g/strana-proizvoditel_germaniya";"2023-05-02T21:45:28+03:00";""
"https://kirkland.in.ua/all-products/filters/kolichestvo_30-g/strana-proizvoditel_italiya";"2023-05-02T21:45:28+03:00";""
"https://kirkland.in.ua/all-products/filters/kolichestvo_30-g/strana-proizvoditel_indiya";"2023-05-02T21:45:28+03:00";""
"https://kirkland.in.ua/all-products/filters/kolichestvo_30-g/strana-proizvoditel_tyrciya";"2023-05-02T21:45:28+03:00";""
"https://kirkland.in.ua/all-products/filters/kolichestvo_30-g/forma-vipyska_tyba";"2023-05-02T21:45:28+03:00";""
"https://kirkland.in.ua/all-products/filters/kolichestvo_30-ml/veschestvo_dezonid-005";"2023-05-02T21:45:28+03:00";""
"https://kirkland.in.ua/all-products/filters/kolichestvo_30-ml/veschestvo_klindamicin";"2023-05-02T21:45:28+03:00";""
"https://kirkland.in.ua/all-products/filters/kolichestvo_30-ml/veschestvo_klostebol-neomicin";"2023-05-02T21:45:28+03:00";""
"https://kirkland.in.ua/all-products/filters/kolichestvo_30-ml/veschestvo_maslo-jojoba-klybniki-semyan-arbyza-i-aloe-vera";"2023-05-02T21:45:28+03:00";""
"https://kirkland.in.ua/all-products/filters/kolichestvo_30-ml/veschestvo_maslo-jojoba-persika-i-aloe-vera";"2023-05-02T21:45:28+03:00";""
"https://kirkland.in.ua/all-products/filters/kolichestvo_30-ml/dlya-chego_antivozrastnaya";"2023-05-02T21:45:28+03:00";""
"https://kirkland.in.ua/all-products/filters/kolichestvo_30-ml/dlya-chego_zdorove-koji-lica";"2023-05-02T21:45:28+03:00";""
"https://kirkland.in.ua/all-products/filters/kolichestvo_30-ml/dlya-chego_zdorove-koji-volos-nogteji";"2023-05-02T21:45:28+03:00";""
"https://kirkland.in.ua/all-products/filters/kolichestvo_30-ml/dlya-chego_pitanie";"2023-05-02T21:45:28+03:00";""
"https://kirkland.in.ua/all-products/filters/kolichestvo_30-ml/dlya-chego_lecheniya-psoriaza-ekzemi-dermatita-allergicheskih-reakciji";"2023-05-02T21:45:28+03:00";""
"https://kirkland.in.ua/all-products/filters/kolichestvo_30-ml/dlya-chego_pitanie-vosstanovlenie";"2023-05-02T21:45:28+03:00";""
"https://kirkland.in.ua/all-products/filters/kolichestvo_30-ml/dlya-chego_yvlajnenie";"2023-05-02T21:45:28+03:00";""
"https://kirkland.in.ua/all-products/filters/kolichestvo_30-ml/dlya-chego_yvlajnenie-i-pitanie";"2023-05-02T21:45:28+03:00";""
"https://kirkland.in.ua/all-products/filters/kolichestvo_30-ml/strana-proizvoditel_pfizer-amerika";"2023-05-02T21:45:28+03:00";""
"https://kirkland.in.ua/all-products/filters/kolichestvo_30-ml/strana-proizvoditel_angliya";"2023-05-02T21:45:28+03:00";""
"https://kirkland.in.ua/all-products/filters/kolichestvo_30-ml/strana-proizvoditel_italiya";"2023-05-02T21:45:28+03:00";""
"https://kirkland.in.ua/all-products/filters/kolichestvo_30-ml/strana-proizvoditel_ssha";"2023-05-02T21:45:28+03:00";""
"https://kirkland.in.ua/all-products/filters/kolichestvo_30-ml/strana-proizvoditel_indiya";"2023-05-02T21:45:28+03:00";""
"https://kirkland.in.ua/all-products/filters/kolichestvo_30-ml/strana-proizvoditel_franciya";"2023-05-02T21:45:28+03:00";""
"https://kirkland.in.ua/all-products/filters/kolichestvo_30-ml/forma-vipyska_loson";"2023-05-02T21:45:28+03:00";""
"https://kirkland.in.ua/all-products/filters/kolichestvo_30-ml/forma-vipyska_rozchin";"2023-05-02T21:45:28+03:00";""
"https://kirkland.in.ua/all-products/filters/kolichestvo_30-ml/forma-vipyska_tyba";"2023-05-02T21:45:28+03:00";""
"https://kirkland.in.ua/all-products/filters/kolichestvo_30-ml/forma-vipyska_flakon";"2023-05-02T21:45:28+03:00";""
"https://kirkland.in.ua/all-products/filters/kolichestvo_30-sht/veschestvo_izotretinoin";"2023-05-02T21:45:28+03:00";""
"https://kirkland.in.ua/all-products/filters/kolichestvo_30-sht/dlya-chego_lechenie-akne";"2023-05-02T21:45:28+03:00";""
"https://kirkland.in.ua/all-products/filters/kolichestvo_30-sht/strana-proizvoditel_niderlandi";"2023-05-02T21:45:28+03:00";""
"https://kirkland.in.ua/all-products/filters/kolichestvo_30-sht/strana-proizvoditel_tyrciya";"2023-05-02T21:45:28+03:00";""
"https://kirkland.in.ua/all-products/filters/kolichestvo_30-sht/forma-vipyska_jelejinie-konfeti";"2023-05-02T21:45:28+03:00";""
"https://kirkland.in.ua/all-products/filters/kolichestvo_30-gramm/veschestvo_azelainovaya-koslota";"2023-05-02T21:45:28+03:00";""
"https://kirkland.in.ua/all-products/filters/kolichestvo_30-gramm/veschestvo_benzokain-gidrokortizon-acetat-erarin-natriya";"2023-05-02T21:45:28+03:00";""
"https://kirkland.in.ua/all-products/filters/kolichestvo_30-gramm/veschestvo_izikonazol-nitrat";"2023-05-02T21:45:28+03:00";""
"https://kirkland.in.ua/all-products/filters/kolichestvo_30-gramm/veschestvo_metilprednizolona-aceponat";"2023-05-02T21:45:28+03:00";""
"https://kirkland.in.ua/all-products/filters/kolichestvo_30-gramm/veschestvo_eritromicin-tretinoin";"2023-05-02T21:45:28+03:00";""
"https://kirkland.in.ua/all-products/filters/kolichestvo_30-gramm/strana-proizvoditel_italiya";"2023-05-02T21:45:28+03:00";""
"https://kirkland.in.ua/all-products/filters/kolichestvo_30-gramm/strana-proizvoditel_tyrciya";"2023-05-02T21:45:28+03:00";""
"https://kirkland.in.ua/all-products/filters/kolichestvo_30-gramm/forma-vipyska_tyba";"2023-05-02T21:45:28+03:00";""
"https://kirkland.in.ua/all-products/filters/kolichestvo_30-kapsyl/dlya-chego_dlya-myjskogo-zdorovya";"2023-05-02T21:45:28+03:00";""
"https://kirkland.in.ua/all-products/filters/kolichestvo_30-tabletok/dlya-chego_zdorove-koji-volos-i-nogteji";"2023-05-02T21:45:28+03:00";""
"https://kirkland.in.ua/all-products/filters/kolichestvo_30-kapsyl/strana-proizvoditel_niderlandi";"2023-05-02T21:45:28+03:00";""
"https://kirkland.in.ua/all-products/filters/kolichestvo_30-tabletok/strana-proizvoditel_velikobritaniya";"2023-05-02T21:45:28+03:00";""
"https://kirkland.in.ua/all-products/filters/kolichestvo_30-tabletok/forma-vipyska_banka";"2023-05-02T21:45:28+03:00";""
"https://kirkland.in.ua/all-products/filters/kolichestvo_32-gramm/strana-proizvoditel_italiya";"2023-05-02T21:45:28+03:00";""
"https://kirkland.in.ua/all-products/filters/kolichestvo_32-gramm/veschestvo_ekstrakt-pshenici-fenoksetol";"2023-05-02T21:45:28+03:00";""
"https://kirkland.in.ua/all-products/filters/kolichestvo_32-gramm/forma-vipyska_tyba";"2023-05-02T21:45:28+03:00";""
"https://kirkland.in.ua/all-products/filters/kolichestvo_36-jelejinih-konfet/strana-proizvoditel_norvegiya";"2023-05-02T21:45:28+03:00";""
"https://kirkland.in.ua/all-products/filters/kolichestvo_40-ml/strana-proizvoditel_ispaniya";"2023-05-02T21:45:28+03:00";""
"https://kirkland.in.ua/all-products/filters/kolichestvo_40-g/dlya-chego_zdorove-koji-lica";"2023-05-02T21:45:28+03:00";""
"https://kirkland.in.ua/all-products/filters/kolichestvo_40-g/strana-proizvoditel_germaniya";"2023-05-02T21:45:28+03:00";""
"https://kirkland.in.ua/all-products/filters/kolichestvo_40-ml/dlya-chego_zdorove-koji-lica-shei-i-zoni-dekolte";"2023-05-02T21:45:28+03:00";""
"https://kirkland.in.ua/all-products/filters/kolichestvo_40-g/forma-vipyska_tyba";"2023-05-02T21:45:28+03:00";""
"https://kirkland.in.ua/all-products/filters/kolichestvo_40-ml/forma-vipyska_tyba";"2023-05-02T21:45:28+03:00";""
"https://kirkland.in.ua/all-products/filters/kolichestvo_50-g/veschestvo_klobetazol";"2023-05-02T21:45:28+03:00";""
"https://kirkland.in.ua/all-products/filters/kolichestvo_45-gramm/veschestvo_kapsaicin";"2023-05-02T21:45:28+03:00";""
"https://kirkland.in.ua/all-products/filters/kolichestvo_45-gramm/strana-proizvoditel_tyrciya";"2023-05-02T21:45:28+03:00";""
"https://kirkland.in.ua/all-products/filters/kolichestvo_50-g/veschestvo_ibyprofen";"2023-05-02T21:45:28+03:00";""
"https://kirkland.in.ua/all-products/filters/kolichestvo_45-gramm/forma-vipyska_tyba";"2023-05-02T21:45:28+03:00";""
"https://kirkland.in.ua/all-products/filters/kolichestvo_50-g/dlya-chego_zdorove-koji";"2023-05-02T21:45:28+03:00";""
"https://kirkland.in.ua/all-products/filters/kolichestvo_50-g/dlya-chego_zdorove-zybov-i-desen";"2023-05-02T21:45:28+03:00";""
"https://kirkland.in.ua/all-products/filters/kolichestvo_50-g/dlya-chego_zdorove-koji-lica";"2023-05-02T21:45:28+03:00";""
"https://kirkland.in.ua/all-products/filters/kolichestvo_50-g/dlya-chego_lechenie-i-zdorove-koji";"2023-05-02T21:45:28+03:00";""
"https://kirkland.in.ua/all-products/filters/kolichestvo_50-g/dlya-chego_lechenie-dermatita";"2023-05-02T21:45:28+03:00";""
"https://kirkland.in.ua/all-products/filters/kolichestvo_50-g/dlya-chego_lechenie-kojnih-zabolevaniji";"2023-05-02T21:45:28+03:00";""
"https://kirkland.in.ua/all-products/filters/kolichestvo_50-g/dlya-chego_psoriaz";"2023-05-02T21:45:28+03:00";""
"https://kirkland.in.ua/all-products/filters/kolichestvo_50-g/strana-proizvoditel_velikobritaniya";"2023-05-02T21:45:28+03:00";""
"https://kirkland.in.ua/all-products/filters/kolichestvo_50-g/dlya-chego_ymenshenie-posledstviji-zabolevaniji-koji";"2023-05-02T21:45:28+03:00";""
"https://kirkland.in.ua/all-products/filters/kolichestvo_50-g/strana-proizvoditel_germaniya";"2023-05-02T21:45:28+03:00";""
"https://kirkland.in.ua/all-products/filters/kolichestvo_50-g/strana-proizvoditel_indiya";"2023-05-02T21:45:28+03:00";""
"https://kirkland.in.ua/all-products/filters/kolichestvo_50-g/strana-proizvoditel_ispaniya";"2023-05-02T21:45:28+03:00";""
"https://kirkland.in.ua/all-products/filters/kolichestvo_50-g/strana-proizvoditel_tyrciya";"2023-05-02T21:45:28+03:00";""
"https://kirkland.in.ua/all-products/filters/kolichestvo_50-g/forma-vipyska_krem";"2023-05-02T21:45:28+03:00";""
"https://kirkland.in.ua/all-products/filters/kolichestvo_50-g/forma-vipyska_metalleva-tyba";"2023-05-02T21:45:28+03:00";""
"https://kirkland.in.ua/all-products/filters/kolichestvo_50-ml/veschestvo_mds17";"2023-05-02T21:45:28+03:00";""
"https://kirkland.in.ua/all-products/filters/kolichestvo_50-g/forma-vipyska_tyba";"2023-05-02T21:45:28+03:00";""
"https://kirkland.in.ua/all-products/filters/kolichestvo_50-ml/dlya-chego_dlya-yhoda-za-jirnoji-i-sklonnoji-k-akne-kojeji";"2023-05-02T21:45:28+03:00";""
"https://kirkland.in.ua/all-products/filters/kolichestvo_50-ml/dlya-chego_otbelivanie";"2023-05-02T21:45:28+03:00";""
"https://kirkland.in.ua/all-products/filters/kolichestvo_50-ml/dlya-chego_ekzema-psoriaz";"2023-05-02T21:45:28+03:00";""
"https://kirkland.in.ua/all-products/filters/kolichestvo_50-ml/dlya-chego_profilaktika-i-lechenie-prischeji-i-ygreji";"2023-05-02T21:45:28+03:00";""
"https://kirkland.in.ua/all-products/filters/kolichestvo_50-ml/dlya-chego_ykreplenie-korneji-volos";"2023-05-02T21:45:28+03:00";""
"https://kirkland.in.ua/all-products/filters/kolichestvo_50-ml/strana-proizvoditel_indiya";"2023-05-02T21:45:28+03:00";""
"https://kirkland.in.ua/all-products/filters/kolichestvo_50-ml/strana-proizvoditel_germaniya";"2023-05-02T21:45:28+03:00";""
"https://kirkland.in.ua/all-products/filters/kolichestvo_50-ml/strana-proizvoditel_niderlandi";"2023-05-02T21:45:28+03:00";""
"https://kirkland.in.ua/all-products/filters/kolichestvo_50-ml/strana-proizvoditel_franciya";"2023-05-02T21:45:28+03:00";""
"https://kirkland.in.ua/all-products/filters/kolichestvo_50-ml/strana-proizvoditel_polsha";"2023-05-02T21:45:28+03:00";""
"https://kirkland.in.ua/all-products/filters/kolichestvo_50-ml/strana-proizvoditel_tyrciya";"2023-05-02T21:45:28+03:00";""
"https://kirkland.in.ua/all-products/filters/kolichestvo_50-ml/forma-vipyska_spreji";"2023-05-02T21:45:28+03:00";""
"https://kirkland.in.ua/all-products/filters/kolichestvo_50-ml/forma-vipyska_gel";"2023-05-02T21:45:28+03:00";""
"https://kirkland.in.ua/all-products/filters/kolichestvo_50-ml/forma-vipyska_flakon";"2023-05-02T21:45:28+03:00";""
"https://kirkland.in.ua/all-products/filters/kolichestvo_50-ml/forma-vipyska_tyba";"2023-05-02T21:45:28+03:00";""
"https://kirkland.in.ua/all-products/filters/kolichestvo_50-ml/forma-vipyska_sharikoviji-dezodorant";"2023-05-02T21:45:28+03:00";""
"https://kirkland.in.ua/all-products/filters/kolichestvo_50-gramm/forma-vipyska_tyba";"2023-05-02T21:45:28+03:00";""
"https://kirkland.in.ua/all-products/filters/kolichestvo_60-g/dlya-chego_zdorove-koji-lica";"2023-05-02T21:45:28+03:00";""
"https://kirkland.in.ua/all-products/filters/kolichestvo_50-gramm/strana-proizvoditel_tyrciya";"2023-05-02T21:45:28+03:00";""
"https://kirkland.in.ua/all-products/filters/kolichestvo_60-g/forma-vipyska_tyba";"2023-05-02T21:45:28+03:00";""
"https://kirkland.in.ua/all-products/filters/kolichestvo_60-ml/dlya-chego_lechenie-oporno-dvigatelnoji-sistemi";"2023-05-02T21:45:28+03:00";""
"https://kirkland.in.ua/all-products/filters/kolichestvo_60-g/strana-proizvoditel_germaniya";"2023-05-02T21:45:28+03:00";""
"https://kirkland.in.ua/all-products/filters/kolichestvo_60-ml/dlya-chego_akne-prischi";"2023-05-02T21:45:28+03:00";""
"https://kirkland.in.ua/all-products/filters/kolichestvo_60-ml/dlya-chego_dlya-rosta-volos";"2023-05-02T21:45:28+03:00";""
"https://kirkland.in.ua/all-products/filters/kolichestvo_60-ml/dlya-chego_vosstanovlenie";"2023-05-02T21:45:28+03:00";""
"https://kirkland.in.ua/all-products/filters/kolichestvo_60-ml/dlya-chego_antivozrastnoe";"2023-05-02T21:45:28+03:00";""
"https://kirkland.in.ua/all-products/filters/kolichestvo_60-ml/dlya-chego_yvlajnenie";"2023-05-02T21:45:28+03:00";""
"https://kirkland.in.ua/all-products/filters/kolichestvo_60-ml/dlya-chego_yvlajnenie-pitanie";"2023-05-02T21:45:28+03:00";""
"https://kirkland.in.ua/all-products/filters/kolichestvo_60-ml/strana-proizvoditel_indiya";"2023-05-02T21:45:28+03:00";""
"https://kirkland.in.ua/all-products/filters/kolichestvo_60-ml/strana-proizvoditel_ssha";"2023-05-02T21:45:28+03:00";""
"https://kirkland.in.ua/all-products/filters/kolichestvo_60-ml/strana-proizvoditel_tyrciya";"2023-05-02T21:45:28+03:00";""
"https://kirkland.in.ua/all-products/filters/kolichestvo_60-ml/forma-vipyska_tyba";"2023-05-02T21:45:28+03:00";""
"https://kirkland.in.ua/all-products/filters/kolichestvo_60-sht/strana-proizvoditel_indiya";"2023-05-02T21:45:28+03:00";""
"https://kirkland.in.ua/all-products/filters/kolichestvo_60-ml/forma-vipyska_flakon";"2023-05-02T21:45:28+03:00";""
"https://kirkland.in.ua/all-products/filters/kolichestvo_60-shtyk/dlya-chego_zdorove-detskogo-organizma";"2023-05-02T21:45:28+03:00";""
"https://kirkland.in.ua/all-products/filters/kolichestvo_60-tab/strana-proizvoditel_tyrciya";"2023-05-02T21:45:28+03:00";""
"https://kirkland.in.ua/all-products/filters/kolichestvo_60-tab/dlya-chego_dlya-pitaniya-volos-i-vosstanovleniya-rosta";"2023-05-02T21:45:28+03:00";""
"https://kirkland.in.ua/all-products/filters/kolichestvo_60-shtyk/strana-proizvoditel_ssha";"2023-05-02T21:45:28+03:00";""
"https://kirkland.in.ua/all-products/filters/kolichestvo_60-shtyk/forma-vipyska_banka";"2023-05-02T21:45:28+03:00";""
"https://kirkland.in.ua/all-products/filters/kolichestvo_60-kapsyl/veschestvo_omega-3-lutein-vitamin-d3";"2023-05-02T21:45:28+03:00";""
"https://kirkland.in.ua/all-products/filters/kolichestvo_60-kapsyl/veschestvo_smola-gygyl";"2023-05-02T21:45:28+03:00";""
"https://kirkland.in.ua/all-products/filters/kolichestvo_60-kapsyl/veschestvo_momordika-haranciya";"2023-05-02T21:45:28+03:00";""
"https://kirkland.in.ua/all-products/filters/kolichestvo_60-kapsyl/dlya-chego_dlya-pecheni";"2023-05-02T21:45:28+03:00";""
"https://kirkland.in.ua/all-products/filters/kolichestvo_60-kapsyl/dlya-chego_zdorove-pecheni";"2023-05-02T21:45:28+03:00";""
"https://kirkland.in.ua/all-products/filters/kolichestvo_60-kapsyl/strana-proizvoditel_indiya";"2023-05-02T21:45:28+03:00";""
"https://kirkland.in.ua/all-products/filters/kolichestvo_60-kapsyl/strana-proizvoditel_niderlandi";"2023-05-02T21:45:28+03:00";""
"https://kirkland.in.ua/all-products/filters/kolichestvo_60-kapsyl/strana-proizvoditel_norvegiya";"2023-05-02T21:45:28+03:00";""
"https://kirkland.in.ua/all-products/filters/kolichestvo_60-kapsyl/forma-vipyska_flakon";"2023-05-02T21:45:28+03:00";""
"https://kirkland.in.ua/all-products/filters/kolichestvo_60-tabletok/veschestvo_bazilik-svyaschenniji";"2023-05-02T21:45:28+03:00";""
"https://kirkland.in.ua/all-products/filters/kolichestvo_60-kapsyl/forma-vipyska_kapsyli";"2023-05-02T21:45:28+03:00";""
"https://kirkland.in.ua/all-products/filters/kolichestvo_60-tabletok/veschestvo_bosveliya-serrata";"2023-05-02T21:45:28+03:00";""
"https://kirkland.in.ua/all-products/filters/kolichestvo_60-tabletok/veschestvo_vitaniya-snotvornaya";"2023-05-02T21:45:28+03:00";""
"https://kirkland.in.ua/all-products/filters/kolichestvo_60-tabletok/veschestvo_sparja-kistevidnaya";"2023-05-02T21:45:28+03:00";""
"https://kirkland.in.ua/all-products/filters/kolichestvo_60-tabletok/veschestvo_kyrkyma-dlinnaya";"2023-05-02T21:45:28+03:00";""
"https://kirkland.in.ua/all-products/filters/kolichestvo_60-tabletok/veschestvo_terminaliya-chebyla";"2023-05-02T21:45:28+03:00";""
"https://kirkland.in.ua/all-products/filters/kolichestvo_60-tabletok/veschestvo_tribylys-terrestris-yakorci-steluschiesya";"2023-05-02T21:45:28+03:00";""
"https://kirkland.in.ua/all-products/filters/kolichestvo_60-tabletok/dlya-chego_balans-vitaminov-v-organizme";"2023-05-02T21:45:28+03:00";""
"https://kirkland.in.ua/all-products/filters/kolichestvo_60-tabletok/dlya-chego_zdorove-volos";"2023-05-02T21:45:28+03:00";""
"https://kirkland.in.ua/all-products/filters/kolichestvo_60-tabletok/dlya-chego_regyliryet-menopayzy";"2023-05-02T21:45:28+03:00";""
"https://kirkland.in.ua/all-products/filters/kolichestvo_60-tabletok/dlya-chego_ykreplenie-zdorovya-serdca-i-serdechno-sosydistih-fynkciji";"2023-05-02T21:45:28+03:00";""
"https://kirkland.in.ua/all-products/filters/kolichestvo_60-tabletok/dlya-chego_ylychshenie-spermatogeneza";"2023-05-02T21:45:28+03:00";""
"https://kirkland.in.ua/all-products/filters/kolichestvo_60-tabletok/strana-proizvoditel_velikobritaniya";"2023-05-02T21:45:28+03:00";""
"https://kirkland.in.ua/all-products/filters/kolichestvo_60-tabletok/forma-vipyska_banka";"2023-05-02T21:45:28+03:00";""
"https://kirkland.in.ua/all-products/filters/kolichestvo_60-tabletok/strana-proizvoditel_indiya";"2023-05-02T21:45:28+03:00";""
"https://kirkland.in.ua/all-products/filters/kolichestvo_60-tabletok/strana-proizvoditel_tyrciya";"2023-05-02T21:45:28+03:00";""
"https://kirkland.in.ua/all-products/filters/kolichestvo_60-tabletok/forma-vipyska_kapsyli";"2023-05-02T21:45:28+03:00";""
"https://kirkland.in.ua/all-products/filters/kolichestvo_60-tabletok-300-ml/dlya-chego_zdorove-volos-i-koji-golovi";"2023-05-02T21:45:28+03:00";""
"https://kirkland.in.ua/all-products/filters/kolichestvo_60-tabletok-300-ml/strana-proizvoditel_tyrciya";"2023-05-02T21:45:28+03:00";""
"https://kirkland.in.ua/all-products/filters/kolichestvo_60-tabletok-300-ml/forma-vipyska_flakon-banka";"2023-05-02T21:45:28+03:00";""
"https://kirkland.in.ua/all-products/filters/kolichestvo_75-ml/veschestvo_centella-aziatskaya";"2023-05-02T21:45:28+03:00";""
"https://kirkland.in.ua/all-products/filters/kolichestvo_75-ml/strana-proizvoditel_italiya";"2023-05-02T21:45:28+03:00";""
"https://kirkland.in.ua/all-products/filters/kolichestvo_75-g/dlya-chego_zdorove-koji-lica";"2023-05-02T21:45:28+03:00";""
"https://kirkland.in.ua/all-products/filters/kolichestvo_75-g/dlya-chego_lechenie-gribkovih-infekciji";"2023-05-02T21:45:28+03:00";""
"https://kirkland.in.ua/all-products/filters/kolichestvo_75-ml/forma-vipyska_tyba";"2023-05-02T21:45:28+03:00";""
"https://kirkland.in.ua/all-products/filters/kolichestvo_75-g/strana-proizvoditel_indiya";"2023-05-02T21:45:28+03:00";""
"https://kirkland.in.ua/all-products/filters/kolichestvo_75-g/forma-vipyska_korobka";"2023-05-02T21:45:28+03:00";""
"https://kirkland.in.ua/all-products/filters/kolichestvo_75-gramm/dlya-chego_lechenie-psoriaza";"2023-05-02T21:45:28+03:00";""
"https://kirkland.in.ua/all-products/filters/kolichestvo_75-gramm/strana-proizvoditel_avstraliya";"2023-05-02T21:45:28+03:00";""
"https://kirkland.in.ua/all-products/filters/kolichestvo_75-gramm/forma-vipyska_krem";"2023-05-02T21:45:28+03:00";""
"https://kirkland.in.ua/all-products/filters/kolichestvo_75-ml-spreya/veschestvo_ekstrakt-pshenici-karbomer-fenoksietanol-gidroksid-natriya-ochischennaya-voda";"2023-05-02T21:45:28+03:00";""
"https://kirkland.in.ua/all-products/filters/kolichestvo_75-ml-spreya/strana-proizvoditel_italiya";"2023-05-02T21:45:28+03:00";""
"https://kirkland.in.ua/all-products/filters/kolichestvo_80-g/dlya-chego_dlya-chyvstvitelnih-zybov";"2023-05-02T21:45:28+03:00";""
"https://kirkland.in.ua/all-products/filters/kolichestvo_80-g/dlya-chego_dlya-ydaleniya-pyaten";"2023-05-02T21:45:28+03:00";""
"https://kirkland.in.ua/all-products/filters/kolichestvo_80-g/dlya-chego_zdorove-desen";"2023-05-02T21:45:28+03:00";""
"https://kirkland.in.ua/all-products/filters/kolichestvo_80-g/dlya-chego_ykreplenie-zdorovya-desen-i-zybov";"2023-05-02T21:45:28+03:00";""
"https://kirkland.in.ua/all-products/filters/kolichestvo_80-g/dlya-chego_otbelivanie-zybov";"2023-05-02T21:45:28+03:00";""
"https://kirkland.in.ua/all-products/filters/kolichestvo_80-g/strana-proizvoditel_indiya";"2023-05-02T21:45:28+03:00";""
"https://kirkland.in.ua/all-products/filters/kolichestvo_80-sht/strana-proizvoditel_chehiya";"2023-05-02T21:45:28+03:00";""
"https://kirkland.in.ua/all-products/filters/kolichestvo_80-g/forma-vipyska_tyba";"2023-05-02T21:45:28+03:00";""
"https://kirkland.in.ua/all-products/filters/kolichestvo_80-gramm/veschestvo_escin-fosfatidikolin";"2023-05-02T21:45:28+03:00";""
"https://kirkland.in.ua/all-products/filters/kolichestvo_80-gramm/strana-proizvoditel_italiya";"2023-05-02T21:45:28+03:00";""
"https://kirkland.in.ua/all-products/filters/kolichestvo_80-gramm/forma-vipyska_tyba";"2023-05-02T21:45:28+03:00";""
"https://kirkland.in.ua/all-products/filters/kolichestvo_90-tabletok/dlya-chego_zdorove-i-ykreplenie-imynnoji-sistemi";"2023-05-02T21:45:28+03:00";""
"https://kirkland.in.ua/all-products/filters/kolichestvo_90-kapsyl/strana-proizvoditel_niderlandi";"2023-05-02T21:45:28+03:00";""
"https://kirkland.in.ua/all-products/filters/kolichestvo_90-tabletok/dlya-chego_zdorove-koji-i-kosteji";"2023-05-02T21:45:28+03:00";""
"https://kirkland.in.ua/all-products/filters/kolichestvo_90-tabletok/dlya-chego_zdorove-rastyschego-organizma";"2023-05-02T21:45:28+03:00";""
"https://kirkland.in.ua/all-products/filters/kolichestvo_90-tabletok/dlya-chego_podvijnost-kosteji-i-systavov";"2023-05-02T21:45:28+03:00";""
"https://kirkland.in.ua/all-products/filters/kolichestvo_90-tabletok/strana-proizvoditel_velikobritaniya";"2023-05-02T21:45:28+03:00";""
"https://kirkland.in.ua/all-products/filters/kolichestvo_90-tabletok/strana-proizvoditel_niderlandi";"2023-05-02T21:45:28+03:00";""
"https://kirkland.in.ua/all-products/filters/kolichestvo_100/dlya-chego_dlya-podderjki-organizma-vo-vremya-stareniya";"2023-05-02T21:45:28+03:00";""
"https://kirkland.in.ua/all-products/filters/kolichestvo_90-tabletok/forma-vipyska_banka";"2023-05-02T21:45:28+03:00";""
"https://kirkland.in.ua/all-products/filters/kolichestvo_90-tabletok/forma-vipyska_flakon";"2023-05-02T21:45:28+03:00";""
"https://kirkland.in.ua/all-products/filters/kolichestvo_100/forma-vipyska_tabletki";"2023-05-02T21:45:28+03:00";""
"https://kirkland.in.ua/all-products/filters/kolichestvo_100/strana-proizvoditel_ssha";"2023-05-02T21:45:28+03:00";""
"https://kirkland.in.ua/all-products/filters/kolichestvo_100-ml/veschestvo_klobetazol-005";"2023-05-02T21:45:28+03:00";""
"https://kirkland.in.ua/all-products/filters/kolichestvo_100-ml/dlya-chego_aytoimynnie-zabolevaniya-koji-psoriaz-ekzema-ploskiji-lishaji";"2023-05-02T21:45:28+03:00";""
"https://kirkland.in.ua/all-products/filters/kolichestvo_100-ml/dlya-chego_zdorove-koji-golovi";"2023-05-02T21:45:28+03:00";""
"https://kirkland.in.ua/all-products/filters/kolichestvo_100-ml/dlya-chego_lechenie-i-yvlajnenie-koji";"2023-05-02T21:45:28+03:00";""
"https://kirkland.in.ua/all-products/filters/kolichestvo_100-ml/dlya-chego_omolojenie";"2023-05-02T21:45:28+03:00";""
"https://kirkland.in.ua/all-products/filters/kolichestvo_100-ml/dlya-chego_yvlajnenie";"2023-05-02T21:45:28+03:00";""
"https://kirkland.in.ua/all-products/filters/kolichestvo_100-ml/dlya-chego_yvlajnyaschiji";"2023-05-02T21:45:28+03:00";""
"https://kirkland.in.ua/all-products/filters/kolichestvo_100-ml/dlya-chego_yvlajnyauschiji";"2023-05-02T21:45:28+03:00";""
"https://kirkland.in.ua/all-products/filters/kolichestvo_100-ml/dlya-chego_ykreplenie-korneji-volos";"2023-05-02T21:45:28+03:00";""
"https://kirkland.in.ua/all-products/filters/kolichestvo_100-ml/dlya-chego_shampyn-dlya-jirnih-volos";"2023-05-02T21:45:28+03:00";""
"https://kirkland.in.ua/all-products/filters/kolichestvo_100-ml/dlya-chego_ykreplenie-zdorove-volos";"2023-05-02T21:45:28+03:00";""
"https://kirkland.in.ua/all-products/filters/kolichestvo_100-ml/strana-proizvoditel_angliya";"2023-05-02T21:45:28+03:00";""
"https://kirkland.in.ua/all-products/filters/kolichestvo_100-ml/strana-proizvoditel_indiya";"2023-05-02T21:45:28+03:00";""
"https://kirkland.in.ua/all-products/filters/kolichestvo_100-ml/strana-proizvoditel_polsha";"2023-05-02T21:45:28+03:00";""
"https://kirkland.in.ua/all-products/filters/kolichestvo_100-ml/strana-proizvoditel_tyrciya";"2023-05-02T21:45:28+03:00";""
"https://kirkland.in.ua/all-products/filters/kolichestvo_100-ml/strana-proizvoditel_franciya";"2023-05-02T21:45:28+03:00";""
"https://kirkland.in.ua/all-products/filters/kolichestvo_100-ml/forma-vipyska_banka";"2023-05-02T21:45:28+03:00";""
"https://kirkland.in.ua/all-products/filters/kolichestvo_100-ml/forma-vipyska_flakon";"2023-05-02T21:45:28+03:00";""
"https://kirkland.in.ua/all-products/filters/kolichestvo_100-ml/forma-vipyska_tyba";"2023-05-02T21:45:28+03:00";""
"https://kirkland.in.ua/all-products/filters/kolichestvo_100-g/dlya-chego_yvlajnenie-koji-lica";"2023-05-02T21:45:28+03:00";""
"https://kirkland.in.ua/all-products/filters/kolichestvo_100-g/dlya-chego_otbelivanie-zybov";"2023-05-02T21:45:28+03:00";""
"https://kirkland.in.ua/all-products/filters/kolichestvo_100-g/dlya-chego_zdorove-zybov-i-desen";"2023-05-02T21:45:28+03:00";""
"https://kirkland.in.ua/all-products/filters/kolichestvo_100-g/dlya-chego_ykreplenie-korneji-volos";"2023-05-02T21:45:28+03:00";""
"https://kirkland.in.ua/all-products/filters/kolichestvo_100-g/forma-vipyska_banka";"2023-05-02T21:45:28+03:00";""
"https://kirkland.in.ua/all-products/filters/kolichestvo_100-g/strana-proizvoditel_indiya";"2023-05-02T21:45:28+03:00";""
"https://kirkland.in.ua/all-products/filters/kolichestvo_100-g/strana-proizvoditel_irlandiya";"2023-05-02T21:45:28+03:00";""
"https://kirkland.in.ua/all-products/filters/kolichestvo_100-g/forma-vipyska_tyba";"2023-05-02T21:45:28+03:00";""
"https://kirkland.in.ua/all-products/filters/kolichestvo_100-g/forma-vipyska_flakon";"2023-05-02T21:45:28+03:00";""
"https://kirkland.in.ua/all-products/filters/kolichestvo_100-sht/strana-proizvoditel_indiya";"2023-05-02T21:45:28+03:00";""
"https://kirkland.in.ua/all-products/filters/kolichestvo_100-kapsyl/dlya-chego_podderjivaet-zdorove-dihatelnih-pyteji";"2023-05-02T21:45:28+03:00";""
"https://kirkland.in.ua/all-products/filters/kolichestvo_100-sht/strana-proizvoditel_niderlandi";"2023-05-02T21:45:28+03:00";""
"https://kirkland.in.ua/all-products/filters/kolichestvo_100-kapsyl/strana-proizvoditel_indiya";"2023-05-02T21:45:28+03:00";""
"https://kirkland.in.ua/all-products/filters/kolichestvo_100-kapsyl/strana-proizvoditel_velikobritaniya";"2023-05-02T21:45:28+03:00";""
"https://kirkland.in.ua/all-products/filters/kolichestvo_100-tabletok/veschestvo_selen";"2023-05-02T21:45:28+03:00";""
"https://kirkland.in.ua/all-products/filters/kolichestvo_100-kapsyl/strana-proizvoditel_niderlandi";"2023-05-02T21:45:28+03:00";""
"https://kirkland.in.ua/all-products/filters/kolichestvo_100-kapsyl/forma-vipyska_banka";"2023-05-02T21:45:28+03:00";""
"https://kirkland.in.ua/all-products/filters/kolichestvo_100-tabletok/dlya-chego_zdorove-koji-i-volos";"2023-05-02T21:45:28+03:00";""
"https://kirkland.in.ua/all-products/filters/kolichestvo_100-tabletok/dlya-chego_ykreplenie-kosteji-zdorove-zybov";"2023-05-02T21:45:28+03:00";""
"https://kirkland.in.ua/all-products/filters/kolichestvo_100-tabletok/dlya-chego_yspokoitelnoe";"2023-05-02T21:45:28+03:00";""
"https://kirkland.in.ua/all-products/filters/kolichestvo_100-tabletok/forma-vipyska_banka";"2023-05-02T21:45:28+03:00";""
"https://kirkland.in.ua/all-products/filters/kolichestvo_100-tabletok/strana-proizvoditel_velikobritaniya";"2023-05-02T21:45:28+03:00";""
"https://kirkland.in.ua/all-products/filters/kolichestvo_100-tabletok/strana-proizvoditel_indiya";"2023-05-02T21:45:28+03:00";""
"https://kirkland.in.ua/all-products/filters/kolichestvo_100-tabletok/strana-proizvoditel_niderlandi";"2023-05-02T21:45:28+03:00";""
"https://kirkland.in.ua/all-products/filters/kolichestvo_100-tabletok/forma-vipyska_flakon";"2023-05-02T21:45:28+03:00";""
"https://kirkland.in.ua/all-products/filters/kolichestvo_112-kapsyl/strana-proizvoditel_norvegiya";"2023-05-02T21:45:28+03:00";""
"https://kirkland.in.ua/all-products/filters/kolichestvo_120-g/veschestvo_mikronizirovanniji-sylfadiazin-serebra";"2023-05-02T21:45:28+03:00";""
"https://kirkland.in.ua/all-products/filters/kolichestvo_120-g/dlya-chego_ojogi";"2023-05-02T21:45:28+03:00";""
"https://kirkland.in.ua/all-products/filters/kolichestvo_120sht/strana-proizvoditel_niderlandi";"2023-05-02T21:45:28+03:00";""
"https://kirkland.in.ua/all-products/filters/kolichestvo_120-g/strana-proizvoditel_italiya";"2023-05-02T21:45:28+03:00";""
"https://kirkland.in.ua/all-products/filters/kolichestvo_120sht/strana-proizvoditel_ssha";"2023-05-02T21:45:28+03:00";""
"https://kirkland.in.ua/all-products/filters/kolichestvo_120-ml/dlya-chego_zdorove-koji-lica";"2023-05-02T21:45:28+03:00";""
"https://kirkland.in.ua/all-products/filters/kolichestvo_120sht/forma-vipyska_kapsyli";"2023-05-02T21:45:28+03:00";""
"https://kirkland.in.ua/all-products/filters/kolichestvo_120-ml/dlya-chego_yvlajnenie-koji";"2023-05-02T21:45:28+03:00";""
"https://kirkland.in.ua/all-products/filters/kolichestvo_120-ml/strana-proizvoditel_germaniya";"2023-05-02T21:45:28+03:00";""
"https://kirkland.in.ua/all-products/filters/kolichestvo_120-ml/forma-vipyska_flakon";"2023-05-02T21:45:28+03:00";""
"https://kirkland.in.ua/all-products/filters/kolichestvo_120-kapsyl/strana-proizvoditel_niderlandi";"2023-05-02T21:45:28+03:00";""
"https://kirkland.in.ua/all-products/filters/kolichestvo_120-kapsyl/forma-vipyska_kapsyli";"2023-05-02T21:45:28+03:00";""
"https://kirkland.in.ua/all-products/filters/kolichestvo_120-tabletok/dlya-chego_dlya-bezopasnogo-pohydeniya";"2023-05-02T21:45:28+03:00";""
"https://kirkland.in.ua/all-products/filters/kolichestvo_120-tabletok/dlya-chego_podderjanie-zdorovya-i-normalnoji-raboti-organizma";"2023-05-02T21:45:28+03:00";""
"https://kirkland.in.ua/all-products/filters/kolichestvo_120-tabletok/strana-proizvoditel_velikobritaniya";"2023-05-02T21:45:28+03:00";""
"https://kirkland.in.ua/all-products/filters/kolichestvo_125-g/veschestvo_01-g-mikronizirovanniji-sylfadiazin-serebra";"2023-05-02T21:45:28+03:00";""
"https://kirkland.in.ua/all-products/filters/kolichestvo_120-tabletok/forma-vipyska_banka";"2023-05-02T21:45:28+03:00";""
"https://kirkland.in.ua/all-products/filters/kolichestvo_125-g/dlya-chego_zdorove-koji-lica";"2023-05-02T21:45:28+03:00";""
"https://kirkland.in.ua/all-products/filters/kolichestvo_125-g/dlya-chego_ojogi";"2023-05-02T21:45:28+03:00";""
"https://kirkland.in.ua/all-products/filters/kolichestvo_125-g/strana-proizvoditel_indiya";"2023-05-02T21:45:28+03:00";""
"https://kirkland.in.ua/all-products/filters/kolichestvo_125-g/strana-proizvoditel_italiya";"2023-05-02T21:45:28+03:00";""
"https://kirkland.in.ua/all-products/filters/kolichestvo_125-g/forma-vipyska_korobka";"2023-05-02T21:45:28+03:00";""
"https://kirkland.in.ua/all-products/filters/kolichestvo_125-ml/veschestvo_ekstrakt-solubilizirovannogo-kamennoygolnogo-degtya-20-mgml";"2023-05-02T21:45:28+03:00";""
"https://kirkland.in.ua/all-products/filters/kolichestvo_125-ml/dlya-chego_psoriaz-koji-golovi";"2023-05-02T21:45:28+03:00";""
"https://kirkland.in.ua/all-products/filters/kolichestvo_125-ml/strana-proizvoditel_belgiya";"2023-05-02T21:45:28+03:00";""
"https://kirkland.in.ua/all-products/filters/kolichestvo_150-ml/veschestvo_kondicioner";"2023-05-02T21:45:28+03:00";""
"https://kirkland.in.ua/all-products/filters/kolichestvo_150-ml/veschestvo_maslo-makadamii";"2023-05-02T21:45:28+03:00";""
"https://kirkland.in.ua/all-products/filters/kolichestvo_150-ml/veschestvo_mindalnoe-maslo";"2023-05-02T21:45:28+03:00";""
"https://kirkland.in.ua/all-products/filters/kolichestvo_150-ml/veschestvo_minerali-mertvogo-morya";"2023-05-02T21:45:28+03:00";""
"https://kirkland.in.ua/all-products/filters/kolichestvo_150-ml/dlya-chego_dlya-lica";"2023-05-02T21:45:28+03:00";""
"https://kirkland.in.ua/all-products/filters/kolichestvo_150-ml/dlya-chego_dlya-chyvstvitelnih-i-povrejdyonnih-volos";"2023-05-02T21:45:28+03:00";""
"https://kirkland.in.ua/all-products/filters/kolichestvo_150-ml/strana-proizvoditel_niderlandi";"2023-05-02T21:45:28+03:00";""
"https://kirkland.in.ua/all-products/filters/kolichestvo_150-ml/strana-proizvoditel_tyrciya";"2023-05-02T21:45:28+03:00";""
"https://kirkland.in.ua/all-products/filters/kolichestvo_150-kapsyl/dlya-chego_zdorove-balans-veschestv-v-organizme";"2023-05-02T21:45:28+03:00";""
"https://kirkland.in.ua/all-products/filters/kolichestvo_150-kapsyl/strana-proizvoditel_niderlandi";"2023-05-02T21:45:28+03:00";""
"https://kirkland.in.ua/all-products/filters/kolichestvo_150-kapsyl/forma-vipyska_flakon";"2023-05-02T21:45:28+03:00";""
"https://kirkland.in.ua/all-products/filters/kolichestvo_160/dlya-chego_dlya-imynnoji-sistemi-i-zdorovih-kosteji";"2023-05-02T21:45:28+03:00";""
"https://kirkland.in.ua/all-products/filters/kolichestvo_160/strana-proizvoditel_ssha";"2023-05-02T21:45:28+03:00";""
"https://kirkland.in.ua/all-products/filters/kolichestvo_160/forma-vipyska_jevatelnie-konfeti";"2023-05-02T21:45:28+03:00";""
"https://kirkland.in.ua/all-products/filters/kolichestvo_180-tabletok/veschestvo_sambyk-cherniji";"2023-05-02T21:45:28+03:00";""
"https://kirkland.in.ua/all-products/filters/kolichestvo_180-tabletok/strana-proizvoditel_angliya";"2023-05-02T21:45:28+03:00";""
"https://kirkland.in.ua/all-products/filters/kolichestvo_180-tabletok/forma-vipyska_kapsyli";"2023-05-02T21:45:28+03:00";""
"https://kirkland.in.ua/all-products/filters/kolichestvo_200-ml/veschestvo_mds17";"2023-05-02T21:45:28+03:00";""
"https://kirkland.in.ua/all-products/filters/kolichestvo_200-ml/veschestvo_retinol";"2023-05-02T21:45:28+03:00";""
"https://kirkland.in.ua/all-products/filters/kolichestvo_200-ml/dlya-chego_izbavlenie-ot-perhoti";"2023-05-02T21:45:28+03:00";""
"https://kirkland.in.ua/all-products/filters/kolichestvo_200-ml/dlya-chego_yvlajnenie-i-pitanie";"2023-05-02T21:45:28+03:00";""
"https://kirkland.in.ua/all-products/filters/kolichestvo_200-ml/dlya-chego_ekzema-psoriaz";"2023-05-02T21:45:28+03:00";""
"https://kirkland.in.ua/all-products/filters/kolichestvo_200-ml/strana-proizvoditel_niderlandi";"2023-05-02T21:45:28+03:00";""
"https://kirkland.in.ua/all-products/filters/kolichestvo_200-ml/strana-proizvoditel_tyrciya";"2023-05-02T21:45:28+03:00";""
"https://kirkland.in.ua/all-products/filters/kolichestvo_200-ml/forma-vipyska_tyba";"2023-05-02T21:45:28+03:00";""
"https://kirkland.in.ua/all-products/filters/kolichestvo_200-ml/forma-vipyska_flakon";"2023-05-02T21:45:28+03:00";""
"https://kirkland.in.ua/all-products/filters/kolichestvo_200-ml/strana-proizvoditel_franciya";"2023-05-02T21:45:28+03:00";""
"https://kirkland.in.ua/all-products/filters/kolichestvo_220/dlya-chego_dlya-podderjki-zdorovya-systavov-hryaschevoji-i-soedinitelnoji-tkani";"2023-05-02T21:45:28+03:00";""
"https://kirkland.in.ua/all-products/filters/kolichestvo_220/strana-proizvoditel_ssha";"2023-05-02T21:45:28+03:00";""
"https://kirkland.in.ua/all-products/filters/kolichestvo_220/forma-vipyska_tabletki";"2023-05-02T21:45:28+03:00";""
"https://kirkland.in.ua/all-products/filters/kolichestvo_230/dlya-chego_dlya-profilaktiki-serdechno-sosydistih-zabolevaniji";"2023-05-02T21:45:28+03:00";""
"https://kirkland.in.ua/all-products/filters/kolichestvo_230/strana-proizvoditel_ssha";"2023-05-02T21:45:28+03:00";""
"https://kirkland.in.ua/all-products/filters/kolichestvo_236-ml/dlya-chego_lechenie-psoriaza";"2023-05-02T21:45:28+03:00";""
"https://kirkland.in.ua/all-products/filters/kolichestvo_230/forma-vipyska_gelevie-kapsyli";"2023-05-02T21:45:28+03:00";""
"https://kirkland.in.ua/all-products/filters/kolichestvo_236-ml/strana-proizvoditel_ssha";"2023-05-02T21:45:28+03:00";""
"https://kirkland.in.ua/all-products/filters/kolichestvo_236-ml/forma-vipyska_flakon";"2023-05-02T21:45:28+03:00";""
"https://kirkland.in.ua/all-products/filters/kolichestvo_240-ml/dlya-chego_lechenie-psoriaza-perhoti-seborei";"2023-05-02T21:45:28+03:00";""
"https://kirkland.in.ua/all-products/filters/kolichestvo_240-ml/strana-proizvoditel_ssha";"2023-05-02T21:45:28+03:00";""
"https://kirkland.in.ua/all-products/filters/kolichestvo_240-ml/forma-vipyska_flakon";"2023-05-02T21:45:28+03:00";""
"https://kirkland.in.ua/all-products/filters/kolichestvo_250-mg/dlya-chego_zdorove-serdca-i-systavov";"2023-05-02T21:45:28+03:00";""
"https://kirkland.in.ua/all-products/filters/kolichestvo_250-mg/strana-proizvoditel_velikobritaniya";"2023-05-02T21:45:28+03:00";""
"https://kirkland.in.ua/all-products/filters/kolichestvo_250-ml/veschestvo_aloe-vera-pantenol-i-glicerin";"2023-05-02T21:45:28+03:00";""
"https://kirkland.in.ua/all-products/filters/kolichestvo_250-ml/veschestvo_omega-3";"2023-05-02T21:45:28+03:00";""
"https://kirkland.in.ua/all-products/filters/kolichestvo_250-mg/forma-vipyska_banka";"2023-05-02T21:45:28+03:00";""
"https://kirkland.in.ua/all-products/filters/kolichestvo_250-ml/veschestvo_kondicioner";"2023-05-02T21:45:28+03:00";""
"https://kirkland.in.ua/all-products/filters/kolichestvo_250-ml/veschestvo_minerali-mertvogo-morya";"2023-05-02T21:45:28+03:00";""
"https://kirkland.in.ua/all-products/filters/kolichestvo_250-ml/veschestvo_ekstrakt-solubilizirovannogo-kamennoygolnogo-degtya-20-mgml";"2023-05-02T21:45:28+03:00";""
"https://kirkland.in.ua/all-products/filters/kolichestvo_250-ml/veschestvo_chesnochniji-shampyn";"2023-05-02T21:45:28+03:00";""
"https://kirkland.in.ua/all-products/filters/kolichestvo_250-ml/dlya-chego_dlya-bolee-gystih-volos";"2023-05-02T21:45:28+03:00";""
"https://kirkland.in.ua/all-products/filters/kolichestvo_250-ml/dlya-chego_dlya-chyvstvitelnih-i-povrejdyonnih-volos";"2023-05-02T21:45:28+03:00";""
"https://kirkland.in.ua/all-products/filters/kolichestvo_250-ml/dlya-chego_psoriaz-koji-golovi";"2023-05-02T21:45:28+03:00";""
"https://kirkland.in.ua/all-products/filters/kolichestvo_250-ml/dlya-chego_perhotvipadenie-volos";"2023-05-02T21:45:28+03:00";""
"https://kirkland.in.ua/all-products/filters/kolichestvo_250-ml/strana-proizvoditel_belgiya";"2023-05-02T21:45:28+03:00";""
"https://kirkland.in.ua/all-products/filters/kolichestvo_250-ml/strana-proizvoditel_niderlandi";"2023-05-02T21:45:28+03:00";""
"https://kirkland.in.ua/all-products/filters/kolichestvo_250-ml/strana-proizvoditel_norvegiya";"2023-05-02T21:45:28+03:00";""
"https://kirkland.in.ua/all-products/filters/kolichestvo_250-ml/strana-proizvoditel_tyrciya";"2023-05-02T21:45:28+03:00";""
"https://kirkland.in.ua/all-products/filters/kolichestvo_250-tabletok/dlya-chego_zdorove-kosteji-i-kostnoji-tkani";"2023-05-02T21:45:28+03:00";""
"https://kirkland.in.ua/all-products/filters/kolichestvo_250-tabletok/dlya-chego_podderjanie-zdorovya-vo-vremya-beremennosti";"2023-05-02T21:45:28+03:00";""
"https://kirkland.in.ua/all-products/filters/kolichestvo_250-tabletok/strana-proizvoditel_velikobritaniya";"2023-05-02T21:45:28+03:00";""
"https://kirkland.in.ua/all-products/filters/kolichestvo_300-ml/dlya-chego_zdorove-volos";"2023-05-02T21:45:28+03:00";""
"https://kirkland.in.ua/all-products/filters/kolichestvo_250-tabletok/forma-vipyska_banka";"2023-05-02T21:45:28+03:00";""
"https://kirkland.in.ua/all-products/filters/kolichestvo_250-tabletok/forma-vipyska_flakon";"2023-05-02T21:45:28+03:00";""
"https://kirkland.in.ua/all-products/filters/kolichestvo_300-ml/strana-proizvoditel_tyrciya";"2023-05-02T21:45:28+03:00";""
"https://kirkland.in.ua/all-products/filters/kolichestvo_300-ml/forma-vipyska_flakon";"2023-05-02T21:45:28+03:00";""
"https://kirkland.in.ua/all-products/filters/kolichestvo_300-kapsyl/dlya-chego_-raboti-serdca-zreniya-immynnoji-sistemi";"2023-05-02T21:45:28+03:00";""
"https://kirkland.in.ua/all-products/filters/kolichestvo_300-ml-60-tabletok-50-ml/dlya-chego_intensivnoe-ykreplenie-i-zdorove-volos";"2023-05-02T21:45:28+03:00";""
"https://kirkland.in.ua/all-products/filters/kolichestvo_300-kapsyl/strana-proizvoditel_niderlandi";"2023-05-02T21:45:28+03:00";""
"https://kirkland.in.ua/all-products/filters/kolichestvo_300-ml-60-tabletok-50-ml/strana-proizvoditel_tyrciya";"2023-05-02T21:45:28+03:00";""
"https://kirkland.in.ua/all-products/filters/kolichestvo_300-ml-60-tabletok-50-ml/forma-vipyska_flakon-banka-flakon";"2023-05-02T21:45:28+03:00";""
"https://kirkland.in.ua/all-products/filters/kolichestvo_320/dlya-chego_dlya-podderjki-zdorovogo-rosta-i-razvitiya-deteji";"2023-05-02T21:45:28+03:00";""
"https://kirkland.in.ua/all-products/filters/kolichestvo_320/strana-proizvoditel_ssha";"2023-05-02T21:45:28+03:00";""
"https://kirkland.in.ua/all-products/filters/kolichestvo_320/forma-vipyska_jevatelnie-konfeti";"2023-05-02T21:45:28+03:00";""
"https://kirkland.in.ua/all-products/filters/kolichestvo_375/dlya-chego_sposobstvyet-vosstanovleniu-povrejdennoji-hryaschevoji-tkani";"2023-05-02T21:45:28+03:00";""
"https://kirkland.in.ua/all-products/filters/kolichestvo_375/strana-proizvoditel_ssha";"2023-05-02T21:45:28+03:00";""
"https://kirkland.in.ua/all-products/filters/kolichestvo_400/dlya-chego_dlya-serdechno-sosydistoji-sistemi";"2023-05-02T21:45:28+03:00";""
"https://kirkland.in.ua/all-products/filters/kolichestvo_375/forma-vipyska_tabletki";"2023-05-02T21:45:28+03:00";""
"https://kirkland.in.ua/all-products/filters/kolichestvo_400/dlya-chego_prednaznachen-dlya-podderjki-zdorovya-ludeji-starshe-50-let";"2023-05-02T21:45:28+03:00";""
"https://kirkland.in.ua/all-products/filters/kolichestvo_400/forma-vipyska_gelevie-kapsyli";"2023-05-02T21:45:28+03:00";""
"https://kirkland.in.ua/all-products/filters/kolichestvo_400/strana-proizvoditel_ssha";"2023-05-02T21:45:28+03:00";""
"https://kirkland.in.ua/all-products/filters/kolichestvo_400/forma-vipyska_tabletki";"2023-05-02T21:45:28+03:00";""
"https://kirkland.in.ua/all-products/filters/kolichestvo_400-mg/dlya-chego_ylychshenie-pischevareniya";"2023-05-02T21:45:28+03:00";""
"https://kirkland.in.ua/all-products/filters/kolichestvo_400-mg/strana-proizvoditel_velikobritaniya";"2023-05-02T21:45:28+03:00";""
"https://kirkland.in.ua/all-products/filters/kolichestvo_400-mg/forma-vipyska_flakon";"2023-05-02T21:45:28+03:00";""
"https://kirkland.in.ua/all-products/filters/kolichestvo_500/dlya-chego_dlya-podderjaniya-energeticheskogo-obmena";"2023-05-02T21:45:28+03:00";""
"https://kirkland.in.ua/all-products/filters/kolichestvo_400-ml/strana-proizvoditel_ispaniya";"2023-05-02T21:45:28+03:00";""
"https://kirkland.in.ua/all-products/filters/kolichestvo_500/dlya-chego_dlya-podderjki-kosteji-mishc-i-immyniteta";"2023-05-02T21:45:28+03:00";""
"https://kirkland.in.ua/all-products/filters/kolichestvo_500/dlya-chego_dlya-sozdaniya-silnogo-i-zdorovogo-tela";"2023-05-02T21:45:28+03:00";""
"https://kirkland.in.ua/all-products/filters/kolichestvo_500/dlya-chego_pomogaet-nejitralizovat-svobodnie-radikali-v-organizme-i-podderjivat-immynnyu-sistemy";"2023-05-02T21:45:28+03:00";""
"https://kirkland.in.ua/all-products/filters/kolichestvo_500/dlya-chego_protivovospalitelnoe-sredstvo";"2023-05-02T21:45:28+03:00";""
"https://kirkland.in.ua/all-products/filters/kolichestvo_500/dlya-chego_dlya-podderjki-krepkih-kosteji";"2023-05-02T21:45:28+03:00";""
"https://kirkland.in.ua/all-products/filters/kolichestvo_500/strana-proizvoditel_ssha";"2023-05-02T21:45:28+03:00";""
"https://kirkland.in.ua/all-products/filters/kolichestvo_500/forma-vipyska_kapsyli";"2023-05-02T21:45:28+03:00";""
"https://kirkland.in.ua/all-products/filters/kolichestvo_500/forma-vipyska_tabletki";"2023-05-02T21:45:28+03:00";""
"https://kirkland.in.ua/all-products/filters/kolichestvo_500-ml/dlya-chego_lechenie-akne";"2023-05-02T21:45:28+03:00";""
"https://kirkland.in.ua/all-products/filters/kolichestvo_500-ml/strana-proizvoditel_tyrciya";"2023-05-02T21:45:28+03:00";""
"https://kirkland.in.ua/all-products/filters/kolichestvo_500-ml/forma-vipyska_flakon-s-dozatorom";"2023-05-02T21:45:28+03:00";""
"https://kirkland.in.ua/all-products/filters/kolichestvo_500-tabletok/dlya-chego_dlya-podderjaniya-immynnoji-fynkcii";"2023-05-02T21:45:28+03:00";""
"https://kirkland.in.ua/all-products/filters/kolichestvo_500-tabletok/forma-vipyska_tabletki";"2023-05-02T21:45:28+03:00";""
"https://kirkland.in.ua/all-products/filters/kolichestvo_500-tabletok/strana-proizvoditel_ssha";"2023-05-02T21:45:28+03:00";""
"https://kirkland.in.ua/all-products/filters/kolichestvo_600/dlya-chego_dlya-podderjaniya-imynnoji-sistemi";"2023-05-02T21:45:28+03:00";""
"https://kirkland.in.ua/all-products/filters/kolichestvo_600/strana-proizvoditel_ssha";"2023-05-02T21:45:28+03:00";""
"https://kirkland.in.ua/all-products/filters/kolichestvo_600/forma-vipyska_jelatinovie-kapsyli";"2023-05-02T21:45:28+03:00";""
"https://kirkland.in.ua/all-products/filters/kolichestvo_kapsyli-10-sht/veschestvo_ekstrakt-gokshyri-poroshki-trav-kokilaksha-vatadha-sunishanaka-crocus-sativus";"2023-05-02T21:45:28+03:00";""
"https://kirkland.in.ua/all-products/filters/kolichestvo_kapsyli-10-sht/strana-proizvoditel_indiya";"2023-05-02T21:45:28+03:00";""
"https://kirkland.in.ua/all-products/filters/kolichestvo_krem-30-g/veschestvo_adapalen-01";"2023-05-02T21:45:28+03:00";""
"https://kirkland.in.ua/all-products/filters/kolichestvo_spreji-50-ml/veschestvo_gialyronovaya-kislota-soli-natriya-i-vitamin-e";"2023-05-02T21:45:28+03:00";""
"https://kirkland.in.ua/all-products/filters/kolichestvo_krem-30-g/strana-proizvoditel_galderma-franciya";"2023-05-02T21:45:28+03:00";""
"https://kirkland.in.ua/all-products/filters/kolichestvo_tyba-100-gramm/veschestvo_gialyronovaya-kislota-sylfadiazin-serebra";"2023-05-02T21:45:28+03:00";""
"https://kirkland.in.ua/all-products/filters/kolichestvo_spreji-50-ml/strana-proizvoditel_italiya";"2023-05-02T21:45:28+03:00";""
"https://kirkland.in.ua/all-products/filters/kolichestvo_tyba-100-gramm/strana-proizvoditel_italiya";"2023-05-02T21:45:28+03:00";""
"https://kirkland.in.ua/all-products/filters/kolichestvo_tyba-20-g/veschestvo_gidrokortizona-acetat";"2023-05-02T21:45:28+03:00";""
"https://kirkland.in.ua/all-products/filters/kolichestvo_tyba-20-g/veschestvo_gidrokortizonacetat-benzokain-eskylin";"2023-05-02T21:45:28+03:00";""
"https://kirkland.in.ua/all-products/filters/kolichestvo_tyba-30-g/veschestvo_ditranol-salicilovaya-k-ta-kamennoygolnaya-smola";"2023-05-02T21:45:28+03:00";""
"https://kirkland.in.ua/all-products/filters/kolichestvo_tyba-20-g/strana-proizvoditel_italiya";"2023-05-02T21:45:28+03:00";""
"https://kirkland.in.ua/all-products/filters/kolichestvo_tyba-30-g/veschestvo_klostebol-neomicin";"2023-05-02T21:45:28+03:00";""
"https://kirkland.in.ua/all-products/filters/kolichestvo_tyba-30-g/veschestvo_tazaroten";"2023-05-02T21:45:28+03:00";""
"https://kirkland.in.ua/all-products/filters/kolichestvo_tyba-30-g/veschestvo_flyokortolon-cinhokain";"2023-05-02T21:45:28+03:00";""
"https://kirkland.in.ua/all-products/filters/kolichestvo_tyba-30-g/veschestvo_ekonazol";"2023-05-02T21:45:28+03:00";""
"https://kirkland.in.ua/all-products/filters/kolichestvo_tyba-30-g/strana-proizvoditel_indiya";"2023-05-02T21:45:28+03:00";""
"https://kirkland.in.ua/all-products/filters/kolichestvo_tyba-30-g/strana-proizvoditel_italiya";"2023-05-02T21:45:28+03:00";""
"https://kirkland.in.ua/all-products/filters/kolichestvo_tyba-30-g/strana-proizvoditel_tyrciya";"2023-05-02T21:45:28+03:00";""
"https://kirkland.in.ua/all-products/filters/kolichestvo_tyba-50-gramm/veschestvo_nimesylid";"2023-05-02T21:45:28+03:00";""
"https://kirkland.in.ua/all-products/filters/kolichestvo_tyba-50-gramm/veschestvo_metilsalicilat";"2023-05-02T21:45:28+03:00";""
"https://kirkland.in.ua/all-products/filters/kolichestvo_tyba-50g/veschestvo_klobetazol";"2023-05-02T21:45:28+03:00";""
"https://kirkland.in.ua/all-products/filters/kolichestvo_tyba-50-gramm/strana-proizvoditel_tyrciya";"2023-05-02T21:45:28+03:00";""
"https://kirkland.in.ua/all-products/filters/kolichestvo_tyba-50g/veschestvo_klobetazol-17-propionat";"2023-05-02T21:45:28+03:00";""
"https://kirkland.in.ua/all-products/filters/kolichestvo_tyba-50g/veschestvo_mochevina-salicilovaya-kislota";"2023-05-02T21:45:28+03:00";""
"https://kirkland.in.ua/all-products/filters/kolichestvo_tyba-50g/veschestvo_ekstrakt-drojjevih-kletok-maslo-akyleji-pecheni";"2023-05-02T21:45:28+03:00";""
"https://kirkland.in.ua/all-products/filters/kolichestvo_tyba-50g/strana-proizvoditel_italiya";"2023-05-02T21:45:28+03:00";""
"https://kirkland.in.ua/all-products/filters/kolichestvo_tyba-78g/veschestvo_mikonazol";"2023-05-02T21:45:28+03:00";""
"https://kirkland.in.ua/all-products/filters/kolichestvo_tyba-50g/strana-proizvoditel_tyrciya";"2023-05-02T21:45:28+03:00";""
"https://kirkland.in.ua/all-products/filters/kolichestvo_tyba-78g/strana-proizvoditel_italiya";"2023-05-02T21:45:28+03:00";""
"https://kirkland.in.ua/all-products/filters/kolichestvo_flakon-20-ml/veschestvo_metilprednizolon-aceponat";"2023-05-02T21:45:28+03:00";""
"https://kirkland.in.ua/all-products/filters/kolichestvo_flakon-20-ml/strana-proizvoditel_irlandiya";"2023-05-02T21:45:28+03:00";""
"https://kirkland.in.ua/all-products/filters/kolichestvo_flakon-25ml/veschestvo_klobetazol";"2023-05-02T21:45:28+03:00";""
"https://kirkland.in.ua/all-products/filters/kolichestvo_flakon-25ml/strana-proizvoditel_tyrciya";"2023-05-02T21:45:28+03:00";""
"https://kirkland.in.ua/all-products/filters/kolichestvo_flakon-5ml/veschestvo_tiokonazol";"2023-05-02T21:45:28+03:00";""
"https://kirkland.in.ua/all-products/filters/kolichestvo_flakon-5ml/strana-proizvoditel_tyrciya";"2023-05-02T21:45:28+03:00";""
"https://kirkland.in.ua/all-products/filters/strana-proizvoditel_abdi-ibrahim-tyrciya/veschestvo_tretinoin";"2023-05-02T21:45:28+03:00";""
"https://kirkland.in.ua/all-products/filters/strana-proizvoditel_abdi-ibrahim-tyrciya/forma-vipyska_tyba-20-g";"2023-05-02T21:45:28+03:00";""
"https://kirkland.in.ua/all-products/filters/strana-proizvoditel_bayer-ag-germaniya-reestraciya-tyrciya/veschestvo_ekstrakt-centelli-aziatskoji-10mg1g";"2023-05-02T21:45:28+03:00";""
"https://kirkland.in.ua/all-products/filters/strana-proizvoditel_bayer-ag-germaniya-reestraciya-tyrciya/forma-vipyska_tyba-40-g";"2023-05-02T21:45:28+03:00";""
"https://kirkland.in.ua/all-products/filters/strana-proizvoditel_bayer-healthcare-manufacturing-srl-italiya/veschestvo_diflykortolona-valerat-gks-dlya-naryjnogo-primeneniya-okazivaet-protivovospalitelnoe-antiekssydativnoe-protivoallergicheskoe-i-protivozydnoe-dejistvie";"2023-05-02T21:45:28+03:00";""
"https://kirkland.in.ua/all-products/filters/strana-proizvoditel_bayer-healthcare-manufacturing-srl-italiya/veschestvo_flyokortolona-21-geksanoat-095-mg-flyokortolona-21-pivalat-092-mg-cinhokaina-gidrohlorid-05-mg";"2023-05-02T21:45:28+03:00";""
"https://kirkland.in.ua/all-products/filters/strana-proizvoditel_bayer-healthcare-manufacturing-srl-italiya/forma-vipyska_tyba-10-g";"2023-05-02T21:45:28+03:00";""
"https://kirkland.in.ua/all-products/filters/strana-proizvoditel_bayer-healthcare-manufacturing-srl-italiya/forma-vipyska_tyba-15-gramm";"2023-05-02T21:45:28+03:00";""
"https://kirkland.in.ua/all-products/filters/strana-proizvoditel_galderma-franciya/veschestvo_adapalen-01";"2023-05-02T21:45:28+03:00";""
"https://kirkland.in.ua/all-products/filters/strana-proizvoditel_galderma-franciya/kolichestvo_30-g";"2023-05-02T21:45:28+03:00";""
"https://kirkland.in.ua/all-products/filters/strana-proizvoditel_galderma-franciya/kolichestvo_krem-30-g";"2023-05-02T21:45:28+03:00";""
"https://kirkland.in.ua/all-products/filters/strana-proizvoditel_galderma-indiya/veschestvo_benzoyl-peroxide";"2023-05-02T21:45:28+03:00";""
"https://kirkland.in.ua/all-products/filters/strana-proizvoditel_galderma-indiya/forma-vipyska_tyba";"2023-05-02T21:45:28+03:00";""
"https://kirkland.in.ua/all-products/filters/strana-proizvoditel_leo-pharma/veschestvo_kalcipotriol";"2023-05-02T21:45:28+03:00";""
"https://kirkland.in.ua/all-products/filters/strana-proizvoditel_leo-pharma/forma-vipyska_tyba-30-g";"2023-05-02T21:45:28+03:00";""
"https://kirkland.in.ua/all-products/filters/strana-proizvoditel_leo-pharma-irlandiya/veschestvo_betametazon-kalcipotriol";"2023-05-02T21:45:28+03:00";""
"https://kirkland.in.ua/all-products/filters/strana-proizvoditel_leo-pharma-irlandiya/veschestvo_gidrokortizon-fyzidovaya-kislota";"2023-05-02T21:45:28+03:00";""
"https://kirkland.in.ua/all-products/filters/strana-proizvoditel_leo-pharma-irlandiya/forma-vipyska_tyba-30-g";"2023-05-02T21:45:28+03:00";""
"https://kirkland.in.ua/all-products/filters/strana-proizvoditel_leo-irlandiya/veschestvo_metilprednizolona-aceponat";"2023-05-02T21:45:28+03:00";""
"https://kirkland.in.ua/all-products/filters/strana-proizvoditel_meda-ab-shveciya/veschestvo_miquimod";"2023-05-02T21:45:28+03:00";""
"https://kirkland.in.ua/all-products/filters/strana-proizvoditel_leo-irlandiya/forma-vipyska_tyba-30-g";"2023-05-02T21:45:28+03:00";""
"https://kirkland.in.ua/all-products/filters/strana-proizvoditel_meda-pharma-germaniya/veschestvo_flyoroyracil";"2023-05-02T21:45:28+03:00";""
"https://kirkland.in.ua/all-products/filters/strana-proizvoditel_meda-ab-shveciya/forma-vipyska_krem-dlya-naryjn-prim-5-pak-250mg-n12";"2023-05-02T21:45:28+03:00";""
"https://kirkland.in.ua/all-products/filters/strana-proizvoditel_meda-pharma-germaniya/forma-vipyska_tyba-20-g";"2023-05-02T21:45:28+03:00";""
"https://kirkland.in.ua/all-products/filters/strana-proizvoditel_oregons-wild-harvest-oregons-vajild-harvest-ssha/veschestvo_rastitelniji-protein";"2023-05-02T21:45:28+03:00";""
"https://kirkland.in.ua/all-products/filters/strana-proizvoditel_oregons-wild-harvest-oregons-vajild-harvest-ssha/forma-vipyska_banka-920g";"2023-05-02T21:45:28+03:00";""
"https://kirkland.in.ua/all-products/filters/strana-proizvoditel_orva-tyrciya/veschestvo_salicilovaya-kislota-fluoroyracil";"2023-05-02T21:45:28+03:00";""
"https://kirkland.in.ua/all-products/filters/strana-proizvoditel_orva-tyrciya/veschestvo_molochnaya-kislota-salicilovaya-kislota";"2023-05-02T21:45:28+03:00";""
"https://kirkland.in.ua/all-products/filters/strana-proizvoditel_orva-tyrciya/veschestvo_gidrohinon";"2023-05-02T21:45:28+03:00";""
"https://kirkland.in.ua/all-products/filters/strana-proizvoditel_orva-tyrciya/forma-vipyska_tyba-30-g";"2023-05-02T21:45:28+03:00";""
"https://kirkland.in.ua/all-products/filters/strana-proizvoditel_pfizer-amerika/veschestvo_klindamicin";"2023-05-02T21:45:28+03:00";""
"https://kirkland.in.ua/all-products/filters/strana-proizvoditel_pfizer-amerika/kolichestvo_30-ml";"2023-05-02T21:45:28+03:00";""
"https://kirkland.in.ua/all-products/filters/strana-proizvoditel_orva-tyrciya/forma-vipyska_flakon-15-ml";"2023-05-02T21:45:28+03:00";""
"https://kirkland.in.ua/all-products/filters/strana-proizvoditel_pfizer-tyrciya/veschestvo_tiokonazol";"2023-05-02T21:45:28+03:00";""
"https://kirkland.in.ua/all-products/filters/strana-proizvoditel_pfizer-amerika/forma-vipyska_rozchin";"2023-05-02T21:45:28+03:00";""
"https://kirkland.in.ua/all-products/filters/strana-proizvoditel_pfizer-tyrciya/forma-vipyska_tyba-20-g";"2023-05-02T21:45:28+03:00";""
"https://kirkland.in.ua/all-products/filters/strana-proizvoditel_saba-ilac-tyrciya/forma-vipyska_tyba-10-g";"2023-05-02T21:45:28+03:00";""
"https://kirkland.in.ua/all-products/filters/strana-proizvoditel_saba-ilac-tyrciya/veschestvo_oksikonazol-oxiconazole";"2023-05-02T21:45:28+03:00";""
"https://kirkland.in.ua/all-products/filters/strana-proizvoditel_vem-tyrciya/veschestvo_izotretinoin-eritromicin";"2023-05-02T21:45:28+03:00";""
"https://kirkland.in.ua/all-products/filters/strana-proizvoditel_vem-tyrciya/dlya-chego_dlya-lecheniya-ygrevoji-sipi";"2023-05-02T21:45:28+03:00";""
"https://kirkland.in.ua/all-products/filters/strana-proizvoditel_vem-tyrciya/forma-vipyska_tyba-30-g";"2023-05-02T21:45:28+03:00";""
"https://kirkland.in.ua/all-products/filters/strana-proizvoditel_avstraliya/kolichestvo_75-gramm";"2023-05-02T21:45:28+03:00";""
"https://kirkland.in.ua/all-products/filters/strana-proizvoditel_avstraliya/forma-vipyska_krem";"2023-05-02T21:45:28+03:00";""
"https://kirkland.in.ua/all-products/filters/strana-proizvoditel_angliya/veschestvo_maslo-jojoba-klybniki-semyan-arbyza-i-aloe-vera";"2023-05-02T21:45:28+03:00";""
"https://kirkland.in.ua/all-products/filters/strana-proizvoditel_angliya/dlya-chego_omolojenie";"2023-05-02T21:45:28+03:00";""
"https://kirkland.in.ua/all-products/filters/strana-proizvoditel_angliya/veschestvo_maslo-jojoba-persika-i-aloe-vera";"2023-05-02T21:45:28+03:00";""
"https://kirkland.in.ua/all-products/filters/strana-proizvoditel_angliya/veschestvo_sambyk-cherniji";"2023-05-02T21:45:28+03:00";""
"https://kirkland.in.ua/all-products/filters/strana-proizvoditel_angliya/kolichestvo_30-ml";"2023-05-02T21:45:28+03:00";""
"https://kirkland.in.ua/all-products/filters/strana-proizvoditel_angliya/kolichestvo_100-ml";"2023-05-02T21:45:28+03:00";""
"https://kirkland.in.ua/all-products/filters/strana-proizvoditel_angliya/dlya-chego_yvlajnenie";"2023-05-02T21:45:28+03:00";""
"https://kirkland.in.ua/all-products/filters/strana-proizvoditel_angliya/kolichestvo_180-tabletok";"2023-05-02T21:45:28+03:00";""
"https://kirkland.in.ua/all-products/filters/strana-proizvoditel_belgiya/dlya-chego_psoriaz-koji-golovi";"2023-05-02T21:45:28+03:00";""
"https://kirkland.in.ua/all-products/filters/strana-proizvoditel_belgiya/veschestvo_latanoprost";"2023-05-02T21:45:28+03:00";""
"https://kirkland.in.ua/all-products/filters/strana-proizvoditel_angliya/forma-vipyska_kapsyli";"2023-05-02T21:45:28+03:00";""
"https://kirkland.in.ua/all-products/filters/strana-proizvoditel_belgiya/veschestvo_ekstrakt-solubilizirovannogo-kamennoygolnogo-degtya-20-mgml";"2023-05-02T21:45:28+03:00";""
"https://kirkland.in.ua/all-products/filters/strana-proizvoditel_belgiya/kolichestvo_25-ml";"2023-05-02T21:45:28+03:00";""
"https://kirkland.in.ua/all-products/filters/strana-proizvoditel_belgiya/kolichestvo_125-ml";"2023-05-02T21:45:28+03:00";""
"https://kirkland.in.ua/all-products/filters/strana-proizvoditel_belgiya/forma-vipyska_flakon-rastvor-0005-";"2023-05-02T21:45:28+03:00";""
"https://kirkland.in.ua/all-products/filters/strana-proizvoditel_belgiya/kolichestvo_250-ml";"2023-05-02T21:45:28+03:00";""
"https://kirkland.in.ua/all-products/filters/strana-proizvoditel_beringer-ingelhajim-farma-gmbh-i-ko-kg-germaniya/forma-vipyska_kapsyli-s-poroshkom-dlya-ingalyaciji-18-mkg-v-komplekte-s-ingalyatorom-handihaler";"2023-05-02T21:45:28+03:00";""
"https://kirkland.in.ua/all-products/filters/strana-proizvoditel_beringer-ingelhajim-farma-gmbh-i-ko-kg-germaniya/veschestvo_tiotropiya-bromid";"2023-05-02T21:45:28+03:00";""
"https://kirkland.in.ua/all-products/filters/strana-proizvoditel_britaniya/kolichestvo_75-ml";"2023-05-02T21:45:28+03:00";""
"https://kirkland.in.ua/all-products/filters/strana-proizvoditel_britaniya/dlya-chego_otbelivanie";"2023-05-02T21:45:28+03:00";""
"https://kirkland.in.ua/all-products/filters/strana-proizvoditel_velikobritaniya/dlya-chego_dlya-bezopasnogo-pohydeniya";"2023-05-02T21:45:28+03:00";""
"https://kirkland.in.ua/all-products/filters/strana-proizvoditel_velikobritaniya/dlya-chego_balans-vitaminov-v-organizme";"2023-05-02T21:45:28+03:00";""
"https://kirkland.in.ua/all-products/filters/strana-proizvoditel_velikobritaniya/dlya-chego_zdorove-koji-i-volos";"2023-05-02T21:45:28+03:00";""
"https://kirkland.in.ua/all-products/filters/strana-proizvoditel_velikobritaniya/dlya-chego_zdorove-koji-i-kosteji";"2023-05-02T21:45:28+03:00";""
"https://kirkland.in.ua/all-products/filters/strana-proizvoditel_velikobritaniya/dlya-chego_zdorove-koji-volos-i-nogteji";"2023-05-02T21:45:28+03:00";""
"https://kirkland.in.ua/all-products/filters/strana-proizvoditel_velikobritaniya/dlya-chego_zdorove-kosteji-i-kostnoji-tkani";"2023-05-02T21:45:28+03:00";""
"https://kirkland.in.ua/all-products/filters/strana-proizvoditel_velikobritaniya/dlya-chego_zdorove-rastyschego-organizma";"2023-05-02T21:45:28+03:00";""
"https://kirkland.in.ua/all-products/filters/strana-proizvoditel_velikobritaniya/dlya-chego_zdorove-serdca-i-systavov";"2023-05-02T21:45:28+03:00";""
"https://kirkland.in.ua/all-products/filters/strana-proizvoditel_velikobritaniya/dlya-chego_lechenie-dermatita";"2023-05-02T21:45:28+03:00";""
"https://kirkland.in.ua/all-products/filters/strana-proizvoditel_velikobritaniya/dlya-chego_podvijnost-kosteji-i-systavov";"2023-05-02T21:45:28+03:00";""
"https://kirkland.in.ua/all-products/filters/strana-proizvoditel_velikobritaniya/dlya-chego_lechenie-psoriaza-ekzemi-ili-trydnoizlechimih-kojnih-zabolevaniji";"2023-05-02T21:45:28+03:00";""
"https://kirkland.in.ua/all-products/filters/strana-proizvoditel_velikobritaniya/dlya-chego_podderjanie-zdorovya-vo-vremya-beremennosti";"2023-05-02T21:45:28+03:00";""
"https://kirkland.in.ua/all-products/filters/strana-proizvoditel_velikobritaniya/dlya-chego_lechenie-kojnih-zabolevaniji";"2023-05-02T21:45:28+03:00";""
"https://kirkland.in.ua/all-products/filters/strana-proizvoditel_velikobritaniya/dlya-chego_podderjivaet-zdorove-dihatelnih-pyteji";"2023-05-02T21:45:28+03:00";""
"https://kirkland.in.ua/all-products/filters/strana-proizvoditel_velikobritaniya/dlya-chego_podderjanie-zdorovya-i-normalnoji-raboti-organizma";"2023-05-02T21:45:28+03:00";""
"https://kirkland.in.ua/all-products/filters/strana-proizvoditel_velikobritaniya/dlya-chego_ylychshenie-pischevareniya";"2023-05-02T21:45:28+03:00";""
"https://kirkland.in.ua/all-products/filters/strana-proizvoditel_velikobritaniya/dlya-chego_ykreplenie-kosteji-zdorove-zybov";"2023-05-02T21:45:28+03:00";""
"https://kirkland.in.ua/all-products/filters/strana-proizvoditel_velikobritaniya/dlya-chego_ymenshenie-posledstviji-zabolevaniji-koji";"2023-05-02T21:45:28+03:00";""
"https://kirkland.in.ua/all-products/filters/strana-proizvoditel_velikobritaniya/kolichestvo_30-g";"2023-05-02T21:45:28+03:00";""
"https://kirkland.in.ua/all-products/filters/strana-proizvoditel_velikobritaniya/kolichestvo_30-tabletok";"2023-05-02T21:45:28+03:00";""
"https://kirkland.in.ua/all-products/filters/strana-proizvoditel_velikobritaniya/kolichestvo_50-g";"2023-05-02T21:45:28+03:00";""
"https://kirkland.in.ua/all-products/filters/strana-proizvoditel_velikobritaniya/kolichestvo_90-tabletok";"2023-05-02T21:45:28+03:00";""
"https://kirkland.in.ua/all-products/filters/strana-proizvoditel_velikobritaniya/kolichestvo_100-kapsyl";"2023-05-02T21:45:28+03:00";""
"https://kirkland.in.ua/all-products/filters/strana-proizvoditel_velikobritaniya/kolichestvo_100-tabletok";"2023-05-02T21:45:28+03:00";""
"https://kirkland.in.ua/all-products/filters/strana-proizvoditel_velikobritaniya/kolichestvo_60-tabletok";"2023-05-02T21:45:28+03:00";""
"https://kirkland.in.ua/all-products/filters/strana-proizvoditel_velikobritaniya/kolichestvo_120-tabletok";"2023-05-02T21:45:28+03:00";""
"https://kirkland.in.ua/all-products/filters/strana-proizvoditel_velikobritaniya/kolichestvo_250-mg";"2023-05-02T21:45:28+03:00";""
"https://kirkland.in.ua/all-products/filters/strana-proizvoditel_velikobritaniya/kolichestvo_250-tabletok";"2023-05-02T21:45:28+03:00";""
"https://kirkland.in.ua/all-products/filters/strana-proizvoditel_velikobritaniya/kolichestvo_400-mg";"2023-05-02T21:45:28+03:00";""
"https://kirkland.in.ua/all-products/filters/strana-proizvoditel_velikobritaniya/forma-vipyska_tyba";"2023-05-02T21:45:28+03:00";""
"https://kirkland.in.ua/all-products/filters/strana-proizvoditel_velikobritaniya/forma-vipyska_flakon";"2023-05-02T21:45:28+03:00";""
"https://kirkland.in.ua/all-products/filters/strana-proizvoditel_germaniya/dlya-chego_zdorove-koji-lica";"2023-05-02T21:45:28+03:00";""
"https://kirkland.in.ua/all-products/filters/strana-proizvoditel_germaniya/dlya-chego_zdorove-koji";"2023-05-02T21:45:28+03:00";""
"https://kirkland.in.ua/all-products/filters/strana-proizvoditel_velikobritaniya/forma-vipyska_banka";"2023-05-02T21:45:28+03:00";""
"https://kirkland.in.ua/all-products/filters/strana-proizvoditel_germaniya/dlya-chego_melanodermiyaaknevesnyshki";"2023-05-02T21:45:28+03:00";""
"https://kirkland.in.ua/all-products/filters/strana-proizvoditel_germaniya/dlya-chego_profilaktika-i-lechenie-prischeji-i-ygreji";"2023-05-02T21:45:28+03:00";""
"https://kirkland.in.ua/all-products/filters/strana-proizvoditel_germaniya/dlya-chego_yvlajnenie-koji";"2023-05-02T21:45:28+03:00";""
"https://kirkland.in.ua/all-products/filters/strana-proizvoditel_germaniya/dlya-chego_ylychshenie-pamyati-i-kognitivnih-fynkciji";"2023-05-02T21:45:28+03:00";""
"https://kirkland.in.ua/all-products/filters/strana-proizvoditel_germaniya/kolichestvo_10-ml";"2023-05-02T21:45:28+03:00";""
"https://kirkland.in.ua/all-products/filters/strana-proizvoditel_germaniya/kolichestvo_15-g";"2023-05-02T21:45:28+03:00";""
"https://kirkland.in.ua/all-products/filters/strana-proizvoditel_germaniya/kolichestvo_40-g";"2023-05-02T21:45:28+03:00";""
"https://kirkland.in.ua/all-products/filters/strana-proizvoditel_germaniya/kolichestvo_30-g";"2023-05-02T21:45:28+03:00";""
"https://kirkland.in.ua/all-products/filters/strana-proizvoditel_germaniya/kolichestvo_50-g";"2023-05-02T21:45:28+03:00";""
"https://kirkland.in.ua/all-products/filters/strana-proizvoditel_germaniya/kolichestvo_50-ml";"2023-05-02T21:45:28+03:00";""
"https://kirkland.in.ua/all-products/filters/strana-proizvoditel_germaniya/kolichestvo_120-ml";"2023-05-02T21:45:28+03:00";""
"https://kirkland.in.ua/all-products/filters/strana-proizvoditel_germaniya/kolichestvo_60-g";"2023-05-02T21:45:28+03:00";""
"https://kirkland.in.ua/all-products/filters/strana-proizvoditel_germaniya/forma-vipyska_krem";"2023-05-02T21:45:28+03:00";""
"https://kirkland.in.ua/all-products/filters/strana-proizvoditel_germaniya/forma-vipyska_flakon";"2023-05-02T21:45:28+03:00";""
"https://kirkland.in.ua/all-products/filters/strana-proizvoditel_germaniya/forma-vipyska_tyba";"2023-05-02T21:45:28+03:00";""
"https://kirkland.in.ua/all-products/filters/strana-proizvoditel_egipet/veschestvo_molochnaya-salicilovaya-kislota-polidokanol";"2023-05-02T21:45:28+03:00";""
"https://kirkland.in.ua/all-products/filters/strana-proizvoditel_indiya/veschestvo_djimnema-silvestra";"2023-05-02T21:45:28+03:00";""
"https://kirkland.in.ua/all-products/filters/strana-proizvoditel_egipet/forma-vipyska_rastvor-dlya-naryjnogo-primeneniya";"2023-05-02T21:45:28+03:00";""
"https://kirkland.in.ua/all-products/filters/strana-proizvoditel_indiya/veschestvo_bazilik-svyaschenniji";"2023-05-02T21:45:28+03:00";""
"https://kirkland.in.ua/all-products/filters/strana-proizvoditel_indiya/veschestvo_vitaniya-snotvornaya";"2023-05-02T21:45:28+03:00";""
"https://kirkland.in.ua/all-products/filters/strana-proizvoditel_indiya/veschestvo_bosveliya-serrata";"2023-05-02T21:45:28+03:00";""
"https://kirkland.in.ua/all-products/filters/strana-proizvoditel_indiya/veschestvo_gidrohinon";"2023-05-02T21:45:28+03:00";""
"https://kirkland.in.ua/all-products/filters/strana-proizvoditel_indiya/veschestvo_gidrohinon-2-tretinoin-0025-mometazona-fyroat-01";"2023-05-02T21:45:28+03:00";""
"https://kirkland.in.ua/all-products/filters/strana-proizvoditel_indiya/veschestvo_klobetazol-005";"2023-05-02T21:45:28+03:00";""
"https://kirkland.in.ua/all-products/filters/strana-proizvoditel_indiya/veschestvo_ditranol-salicilovaya-k-ta-kamennoygolnaya-smola";"2023-05-02T21:45:28+03:00";""
"https://kirkland.in.ua/all-products/filters/strana-proizvoditel_indiya/veschestvo_klostridiopeptidaza-kollagenaza-hloramfenikol";"2023-05-02T21:45:28+03:00";""
"https://kirkland.in.ua/all-products/filters/strana-proizvoditel_indiya/veschestvo_kojievaya-kislota-2";"2023-05-02T21:45:28+03:00";""
"https://kirkland.in.ua/all-products/filters/strana-proizvoditel_indiya/veschestvo_kyrkyma-dlinnaya";"2023-05-02T21:45:28+03:00";""
"https://kirkland.in.ua/all-products/filters/strana-proizvoditel_indiya/veschestvo_momordika-haranciya";"2023-05-02T21:45:28+03:00";""
"https://kirkland.in.ua/all-products/filters/strana-proizvoditel_indiya/veschestvo_smola-gygyl";"2023-05-02T21:45:28+03:00";""
"https://kirkland.in.ua/all-products/filters/strana-proizvoditel_indiya/veschestvo_sparja-kistevidnaya";"2023-05-02T21:45:28+03:00";""
"https://kirkland.in.ua/all-products/filters/strana-proizvoditel_indiya/veschestvo_takrolimys";"2023-05-02T21:45:28+03:00";""
"https://kirkland.in.ua/all-products/filters/strana-proizvoditel_indiya/veschestvo_terminaliya-chebyla";"2023-05-02T21:45:28+03:00";""
"https://kirkland.in.ua/all-products/filters/strana-proizvoditel_indiya/veschestvo_tribylys-terrestris-yakorci-steluschiesya";"2023-05-02T21:45:28+03:00";""
"https://kirkland.in.ua/all-products/filters/strana-proizvoditel_indiya/veschestvo_ekstrakt-gokshyri-poroshki-trav-kokilaksha-vatadha-sunishanaka-crocus-sativus";"2023-05-02T21:45:28+03:00";""
"https://kirkland.in.ua/all-products/filters/strana-proizvoditel_indiya/dlya-chego_aytoimynnie-zabolevaniya-koji-psoriaz-ekzema-ploskiji-lishaji";"2023-05-02T21:45:28+03:00";""
"https://kirkland.in.ua/all-products/filters/strana-proizvoditel_indiya/dlya-chego_dlya-rosta-volos";"2023-05-02T21:45:28+03:00";""
"https://kirkland.in.ua/all-products/filters/strana-proizvoditel_indiya/dlya-chego_dlya-ydaleniya-pyaten";"2023-05-02T21:45:28+03:00";""
"https://kirkland.in.ua/all-products/filters/strana-proizvoditel_indiya/dlya-chego_zdorove-desen";"2023-05-02T21:45:28+03:00";""
"https://kirkland.in.ua/all-products/filters/strana-proizvoditel_indiya/dlya-chego_dlya-chyvstvitelnih-zybov";"2023-05-02T21:45:28+03:00";""
"https://kirkland.in.ua/all-products/filters/strana-proizvoditel_indiya/dlya-chego_zdorove-zybov-i-desen";"2023-05-02T21:45:28+03:00";""
"https://kirkland.in.ua/all-products/filters/strana-proizvoditel_indiya/dlya-chego_zdorove-koji-golovi";"2023-05-02T21:45:28+03:00";""
"https://kirkland.in.ua/all-products/filters/strana-proizvoditel_indiya/dlya-chego_zdorove-koji-lica";"2023-05-02T21:45:28+03:00";""
"https://kirkland.in.ua/all-products/filters/strana-proizvoditel_indiya/dlya-chego_zdorove-koji-volos-nogteji";"2023-05-02T21:45:28+03:00";""
"https://kirkland.in.ua/all-products/filters/strana-proizvoditel_indiya/dlya-chego_lechenie-gribkovih-infekciji";"2023-05-02T21:45:28+03:00";""
"https://kirkland.in.ua/all-products/filters/strana-proizvoditel_indiya/dlya-chego_lechenie-grippa-i-prostydi";"2023-05-02T21:45:28+03:00";""
"https://kirkland.in.ua/all-products/filters/strana-proizvoditel_indiya/dlya-chego_lechenie-i-yvlajnenie-koji";"2023-05-02T21:45:28+03:00";""
"https://kirkland.in.ua/all-products/filters/strana-proizvoditel_indiya/dlya-chego_lechenie-oporno-dvigatelnoji-sistemi";"2023-05-02T21:45:28+03:00";""
"https://kirkland.in.ua/all-products/filters/strana-proizvoditel_indiya/dlya-chego_lechenie-prostydi-ykreplenie-immyniteta";"2023-05-02T21:45:28+03:00";""
"https://kirkland.in.ua/all-products/filters/strana-proizvoditel_indiya/dlya-chego_lechenie-prischeji";"2023-05-02T21:45:28+03:00";""
"https://kirkland.in.ua/all-products/filters/strana-proizvoditel_indiya/dlya-chego_otbelivanie-zybov";"2023-05-02T21:45:28+03:00";""
"https://kirkland.in.ua/all-products/filters/strana-proizvoditel_indiya/dlya-chego_pigmentaciya-koji";"2023-05-02T21:45:28+03:00";""
"https://kirkland.in.ua/all-products/filters/strana-proizvoditel_indiya/dlya-chego_regyliryet-menopayzy";"2023-05-02T21:45:28+03:00";""
"https://kirkland.in.ua/all-products/filters/strana-proizvoditel_indiya/dlya-chego_podderjivaet-zdorove-koji-i-okryjauschego-analnoe-otverstie-prostranstva";"2023-05-02T21:45:28+03:00";""
"https://kirkland.in.ua/all-products/filters/strana-proizvoditel_indiya/dlya-chego_ykreplenie-zdorovya-serdca-i-serdechno-sosydistih-fynkciji";"2023-05-02T21:45:28+03:00";""
"https://kirkland.in.ua/all-products/filters/strana-proizvoditel_indiya/dlya-chego_yvlajnenie-pyatok";"2023-05-02T21:45:28+03:00";""
"https://kirkland.in.ua/all-products/filters/strana-proizvoditel_indiya/dlya-chego_ykreplenie-zdorovya-desen-i-zybov";"2023-05-02T21:45:28+03:00";""
"https://kirkland.in.ua/all-products/filters/strana-proizvoditel_indiya/dlya-chego_ykreplenie-korneji-volos";"2023-05-02T21:45:28+03:00";""
"https://kirkland.in.ua/all-products/filters/strana-proizvoditel_indiya/dlya-chego_ykreplenie-zdorove-volos";"2023-05-02T21:45:28+03:00";""
"https://kirkland.in.ua/all-products/filters/strana-proizvoditel_indiya/dlya-chego_ylychshenie-spermatogeneza";"2023-05-02T21:45:28+03:00";""
"https://kirkland.in.ua/all-products/filters/strana-proizvoditel_indiya/dlya-chego_yspokoitelnoe";"2023-05-02T21:45:28+03:00";""
"https://kirkland.in.ua/all-products/filters/strana-proizvoditel_indiya/kolichestvo_15-g";"2023-05-02T21:45:28+03:00";""
"https://kirkland.in.ua/all-products/filters/strana-proizvoditel_indiya/kolichestvo_10-gramm";"2023-05-02T21:45:28+03:00";""
"https://kirkland.in.ua/all-products/filters/strana-proizvoditel_indiya/kolichestvo_15-gramm";"2023-05-02T21:45:28+03:00";""
"https://kirkland.in.ua/all-products/filters/strana-proizvoditel_indiya/kolichestvo_20-g";"2023-05-02T21:45:28+03:00";""
"https://kirkland.in.ua/all-products/filters/strana-proizvoditel_indiya/kolichestvo_30-g";"2023-05-02T21:45:28+03:00";""
"https://kirkland.in.ua/all-products/filters/strana-proizvoditel_indiya/kolichestvo_30-ml";"2023-05-02T21:45:28+03:00";""
"https://kirkland.in.ua/all-products/filters/strana-proizvoditel_indiya/kolichestvo_50-g";"2023-05-02T21:45:28+03:00";""
"https://kirkland.in.ua/all-products/filters/strana-proizvoditel_indiya/kolichestvo_50-ml";"2023-05-02T21:45:28+03:00";""
"https://kirkland.in.ua/all-products/filters/strana-proizvoditel_indiya/kolichestvo_60-ml";"2023-05-02T21:45:28+03:00";""
"https://kirkland.in.ua/all-products/filters/strana-proizvoditel_indiya/kolichestvo_60-sht";"2023-05-02T21:45:28+03:00";""
"https://kirkland.in.ua/all-products/filters/strana-proizvoditel_indiya/kolichestvo_60-kapsyl";"2023-05-02T21:45:28+03:00";""
"https://kirkland.in.ua/all-products/filters/strana-proizvoditel_indiya/kolichestvo_75-g";"2023-05-02T21:45:28+03:00";""
"https://kirkland.in.ua/all-products/filters/strana-proizvoditel_indiya/kolichestvo_60-tabletok";"2023-05-02T21:45:28+03:00";""
"https://kirkland.in.ua/all-products/filters/strana-proizvoditel_indiya/kolichestvo_100-ml";"2023-05-02T21:45:28+03:00";""
"https://kirkland.in.ua/all-products/filters/strana-proizvoditel_indiya/kolichestvo_80-g";"2023-05-02T21:45:28+03:00";""
"https://kirkland.in.ua/all-products/filters/strana-proizvoditel_indiya/kolichestvo_100-g";"2023-05-02T21:45:28+03:00";""
"https://kirkland.in.ua/all-products/filters/strana-proizvoditel_indiya/kolichestvo_100-sht";"2023-05-02T21:45:28+03:00";""
"https://kirkland.in.ua/all-products/filters/strana-proizvoditel_indiya/kolichestvo_100-kapsyl";"2023-05-02T21:45:28+03:00";""
"https://kirkland.in.ua/all-products/filters/strana-proizvoditel_indiya/kolichestvo_100-tabletok";"2023-05-02T21:45:28+03:00";""
"https://kirkland.in.ua/all-products/filters/strana-proizvoditel_indiya/kolichestvo_125-g";"2023-05-02T21:45:28+03:00";""
"https://kirkland.in.ua/all-products/filters/strana-proizvoditel_indiya/kolichestvo_kapsyli-10-sht";"2023-05-02T21:45:28+03:00";""
"https://kirkland.in.ua/all-products/filters/strana-proizvoditel_indiya/kolichestvo_tyba-30-g";"2023-05-02T21:45:28+03:00";""
"https://kirkland.in.ua/all-products/filters/strana-proizvoditel_indiya/forma-vipyska_banka";"2023-05-02T21:45:28+03:00";""
"https://kirkland.in.ua/all-products/filters/strana-proizvoditel_indiya/forma-vipyska_korobka";"2023-05-02T21:45:28+03:00";""
"https://kirkland.in.ua/all-products/filters/strana-proizvoditel_indiya/forma-vipyska_kapsyli";"2023-05-02T21:45:28+03:00";""
"https://kirkland.in.ua/all-products/filters/strana-proizvoditel_indiya/forma-vipyska_flakon";"2023-05-02T21:45:28+03:00";""
"https://kirkland.in.ua/all-products/filters/strana-proizvoditel_indiya/forma-vipyska_tyba";"2023-05-02T21:45:28+03:00";""
"https://kirkland.in.ua/all-products/filters/strana-proizvoditel_irlandiya/veschestvo_metilprednizolon-emylsiya-dnaryjn-prim-01";"2023-05-02T21:45:28+03:00";""
"https://kirkland.in.ua/all-products/filters/strana-proizvoditel_irlandiya/veschestvo_metilprednizolon-aceponat";"2023-05-02T21:45:28+03:00";""
"https://kirkland.in.ua/all-products/filters/strana-proizvoditel_irlandiya/kolichestvo_100-g";"2023-05-02T21:45:28+03:00";""
"https://kirkland.in.ua/all-products/filters/strana-proizvoditel_irlandiya/dlya-chego_yvlajnenie-koji-lica";"2023-05-02T21:45:28+03:00";""
"https://kirkland.in.ua/all-products/filters/strana-proizvoditel_irlandiya/kolichestvo_flakon-20-ml";"2023-05-02T21:45:28+03:00";""
"https://kirkland.in.ua/all-products/filters/strana-proizvoditel_irlandiya/forma-vipyska_tyba-50g";"2023-05-02T21:45:28+03:00";""
"https://kirkland.in.ua/all-products/filters/strana-proizvoditel_ispaniya/dlya-chego_lechenie-i-zdorove-koji";"2023-05-02T21:45:28+03:00";""
"https://kirkland.in.ua/all-products/filters/strana-proizvoditel_irlandiya/forma-vipyska_flakon";"2023-05-02T21:45:28+03:00";""
"https://kirkland.in.ua/all-products/filters/strana-proizvoditel_ispaniya/dlya-chego_zdorove-koji-lica-shei-i-zoni-dekolte";"2023-05-02T21:45:28+03:00";""
"https://kirkland.in.ua/all-products/filters/strana-proizvoditel_ispaniya/kolichestvo_40-ml";"2023-05-02T21:45:28+03:00";""
"https://kirkland.in.ua/all-products/filters/strana-proizvoditel_ispaniya/kolichestvo_50-g";"2023-05-02T21:45:28+03:00";""
"https://kirkland.in.ua/all-products/filters/strana-proizvoditel_ispaniya/kolichestvo_400-ml";"2023-05-02T21:45:28+03:00";""
"https://kirkland.in.ua/all-products/filters/strana-proizvoditel_ispaniya/forma-vipyska_tyba";"2023-05-02T21:45:28+03:00";""
"https://kirkland.in.ua/all-products/filters/strana-proizvoditel_italiya/veschestvo_amorilfin-gidrohlorid";"2023-05-02T21:45:28+03:00";""
"https://kirkland.in.ua/all-products/filters/strana-proizvoditel_italiya/veschestvo_benzokain-gidrokortizon-acetat-erarin-natriya";"2023-05-02T21:45:28+03:00";""
"https://kirkland.in.ua/all-products/filters/strana-proizvoditel_italiya/veschestvo_aziatskaya-centella";"2023-05-02T21:45:28+03:00";""
"https://kirkland.in.ua/all-products/filters/strana-proizvoditel_italiya/veschestvo_vodniji-ekstrakt-triticum-vulgare-15-g";"2023-05-02T21:45:28+03:00";""
"https://kirkland.in.ua/all-products/filters/strana-proizvoditel_italiya/veschestvo_gialyronova-kislota-natrieva-sol-sylfadiazin-serebra";"2023-05-02T21:45:28+03:00";""
"https://kirkland.in.ua/all-products/filters/strana-proizvoditel_italiya/veschestvo_gialyronovaya-kislota-natrievaya-sol-pav-deciloviji-efir-oleinovoji-kisloti";"2023-05-02T21:45:28+03:00";""
"https://kirkland.in.ua/all-products/filters/strana-proizvoditel_italiya/veschestvo_gialyronovaya-kislota-natrijinaya-sol-sylfadiazin-serebra";"2023-05-02T21:45:28+03:00";""
"https://kirkland.in.ua/all-products/filters/strana-proizvoditel_italiya/veschestvo_gialyronovaya-kislota-soli-natriya-i-vitamin-e";"2023-05-02T21:45:28+03:00";""
"https://kirkland.in.ua/all-products/filters/strana-proizvoditel_italiya/veschestvo_gialyronovaya-kislota-sylfadiazin-serebra";"2023-05-02T21:45:28+03:00";""
"https://kirkland.in.ua/all-products/filters/strana-proizvoditel_italiya/veschestvo_gialyronovaya-kislota-hondroitin-sylfata";"2023-05-02T21:45:28+03:00";""
"https://kirkland.in.ua/all-products/filters/strana-proizvoditel_italiya/veschestvo_gidrokortizonacetat-benzokain-eskylin";"2023-05-02T21:45:28+03:00";""
"https://kirkland.in.ua/all-products/filters/strana-proizvoditel_italiya/veschestvo_gidrokortizona-acetat";"2023-05-02T21:45:28+03:00";""
"https://kirkland.in.ua/all-products/filters/strana-proizvoditel_italiya/veschestvo_ketokain-gidrohlorid-flyocinolon-acetonid";"2023-05-02T21:45:28+03:00";""
"https://kirkland.in.ua/all-products/filters/strana-proizvoditel_italiya/veschestvo_klostebol-neomicin";"2023-05-02T21:45:28+03:00";""
"https://kirkland.in.ua/all-products/filters/strana-proizvoditel_italiya/veschestvo_klostridiopeptidaza";"2023-05-02T21:45:28+03:00";""
"https://kirkland.in.ua/all-products/filters/strana-proizvoditel_italiya/veschestvo_krotamiton";"2023-05-02T21:45:28+03:00";""
"https://kirkland.in.ua/all-products/filters/strana-proizvoditel_italiya/veschestvo_mikonazol";"2023-05-02T21:45:28+03:00";""
"https://kirkland.in.ua/all-products/filters/strana-proizvoditel_italiya/veschestvo_mikronizirovanniji-sylfadiazin-serebra";"2023-05-02T21:45:28+03:00";""
"https://kirkland.in.ua/all-products/filters/strana-proizvoditel_italiya/veschestvo_na-silikatnoji-osnove-s-vpitivauschimi-svojistvami-soderjaschaya-3-ionnogo-serebra";"2023-05-02T21:45:28+03:00";""
"https://kirkland.in.ua/all-products/filters/strana-proizvoditel_italiya/veschestvo_rastvor-na-osnove-gialyronovoji-kisloti-02";"2023-05-02T21:45:28+03:00";""
"https://kirkland.in.ua/all-products/filters/strana-proizvoditel_italiya/veschestvo_flyokortolon-pivalata-flyokortolon-kaproat-cinhokain-gidrohlorida";"2023-05-02T21:45:28+03:00";""
"https://kirkland.in.ua/all-products/filters/strana-proizvoditel_italiya/veschestvo_flyokortolon-cinhokain";"2023-05-02T21:45:28+03:00";""
"https://kirkland.in.ua/all-products/filters/strana-proizvoditel_italiya/veschestvo_flyocinolona-acetonid-ketokaina-gidrohlorid";"2023-05-02T21:45:28+03:00";""
"https://kirkland.in.ua/all-products/filters/strana-proizvoditel_italiya/veschestvo_ekonazol";"2023-05-02T21:45:28+03:00";""
"https://kirkland.in.ua/all-products/filters/strana-proizvoditel_italiya/veschestvo_ekstrakt-drojjevih-kletok-maslo-akyleji-pecheni";"2023-05-02T21:45:28+03:00";""
"https://kirkland.in.ua/all-products/filters/strana-proizvoditel_italiya/veschestvo_ekstrakt-pshenici-karbomer-fenoksietanol-gidroksid-natriya-ochischennaya-voda";"2023-05-02T21:45:28+03:00";""
"https://kirkland.in.ua/all-products/filters/strana-proizvoditel_italiya/veschestvo_ekstrakt-pshenici-fenoksetol";"2023-05-02T21:45:28+03:00";""
"https://kirkland.in.ua/all-products/filters/strana-proizvoditel_italiya/veschestvo_escin-fosfatidikolin";"2023-05-02T21:45:28+03:00";""
"https://kirkland.in.ua/all-products/filters/strana-proizvoditel_italiya/veschestvo_01-g-mikronizirovanniji-sylfadiazin-serebra";"2023-05-02T21:45:28+03:00";""
"https://kirkland.in.ua/all-products/filters/strana-proizvoditel_italiya/dlya-chego_ojogi";"2023-05-02T21:45:28+03:00";""
"https://kirkland.in.ua/all-products/filters/strana-proizvoditel_italiya/dlya-chego_ylychshenie-psihicheskogo-sostoyaniya";"2023-05-02T21:45:28+03:00";""
"https://kirkland.in.ua/all-products/filters/strana-proizvoditel_italiya/dlya-chego_erozii";"2023-05-02T21:45:28+03:00";""
"https://kirkland.in.ua/all-products/filters/strana-proizvoditel_italiya/kolichestvo_10-sht";"2023-05-02T21:45:28+03:00";""
"https://kirkland.in.ua/all-products/filters/strana-proizvoditel_italiya/kolichestvo_10-syppozitoriji";"2023-05-02T21:45:28+03:00";""
"https://kirkland.in.ua/all-products/filters/strana-proizvoditel_italiya/kolichestvo_12-syppozitoriji";"2023-05-02T21:45:28+03:00";""
"https://kirkland.in.ua/all-products/filters/strana-proizvoditel_italiya/kolichestvo_20g";"2023-05-02T21:45:28+03:00";""
"https://kirkland.in.ua/all-products/filters/strana-proizvoditel_italiya/kolichestvo_20-gramm";"2023-05-02T21:45:28+03:00";""
"https://kirkland.in.ua/all-products/filters/strana-proizvoditel_italiya/kolichestvo_20-kapsyl";"2023-05-02T21:45:28+03:00";""
"https://kirkland.in.ua/all-products/filters/strana-proizvoditel_italiya/kolichestvo_25-gramm";"2023-05-02T21:45:28+03:00";""
"https://kirkland.in.ua/all-products/filters/strana-proizvoditel_italiya/kolichestvo_30-g";"2023-05-02T21:45:28+03:00";""
"https://kirkland.in.ua/all-products/filters/strana-proizvoditel_italiya/kolichestvo_30-ml";"2023-05-02T21:45:28+03:00";""
"https://kirkland.in.ua/all-products/filters/strana-proizvoditel_italiya/kolichestvo_30-gramm";"2023-05-02T21:45:28+03:00";""
"https://kirkland.in.ua/all-products/filters/strana-proizvoditel_italiya/kolichestvo_32-gramm";"2023-05-02T21:45:28+03:00";""
"https://kirkland.in.ua/all-products/filters/strana-proizvoditel_italiya/kolichestvo_75-ml";"2023-05-02T21:45:28+03:00";""
"https://kirkland.in.ua/all-products/filters/strana-proizvoditel_italiya/kolichestvo_75-ml-spreya";"2023-05-02T21:45:28+03:00";""
"https://kirkland.in.ua/all-products/filters/strana-proizvoditel_italiya/kolichestvo_80-gramm";"2023-05-02T21:45:28+03:00";""
"https://kirkland.in.ua/all-products/filters/strana-proizvoditel_italiya/kolichestvo_100-ml";"2023-05-02T21:45:28+03:00";""
"https://kirkland.in.ua/all-products/filters/strana-proizvoditel_italiya/kolichestvo_125-g";"2023-05-02T21:45:28+03:00";""
"https://kirkland.in.ua/all-products/filters/strana-proizvoditel_italiya/kolichestvo_120-g";"2023-05-02T21:45:28+03:00";""
"https://kirkland.in.ua/all-products/filters/strana-proizvoditel_italiya/kolichestvo_spreji-50-ml";"2023-05-02T21:45:28+03:00";""
"https://kirkland.in.ua/all-products/filters/strana-proizvoditel_italiya/kolichestvo_tyba-100-gramm";"2023-05-02T21:45:28+03:00";""
"https://kirkland.in.ua/all-products/filters/strana-proizvoditel_italiya/kolichestvo_tyba-20-g";"2023-05-02T21:45:28+03:00";""
"https://kirkland.in.ua/all-products/filters/strana-proizvoditel_italiya/kolichestvo_tyba-30-g";"2023-05-02T21:45:28+03:00";""
"https://kirkland.in.ua/all-products/filters/strana-proizvoditel_italiya/kolichestvo_tyba-50g";"2023-05-02T21:45:28+03:00";""
"https://kirkland.in.ua/all-products/filters/strana-proizvoditel_italiya/kolichestvo_tyba-78g";"2023-05-02T21:45:28+03:00";""
"https://kirkland.in.ua/all-products/filters/strana-proizvoditel_italiya/forma-vipyska_blister";"2023-05-02T21:45:28+03:00";""
"https://kirkland.in.ua/all-products/filters/strana-proizvoditel_italiya/forma-vipyska_kompressi";"2023-05-02T21:45:28+03:00";""
"https://kirkland.in.ua/all-products/filters/strana-proizvoditel_italiya/forma-vipyska_sashe";"2023-05-02T21:45:28+03:00";""
"https://kirkland.in.ua/all-products/filters/strana-proizvoditel_italiya/forma-vipyska_spreji";"2023-05-02T21:45:28+03:00";""
"https://kirkland.in.ua/all-products/filters/strana-proizvoditel_italiya/forma-vipyska_tyba";"2023-05-02T21:45:28+03:00";""
"https://kirkland.in.ua/all-products/filters/strana-proizvoditel_italiya/forma-vipyska_tyba-30-gramm";"2023-05-02T21:45:28+03:00";""
"https://kirkland.in.ua/all-products/filters/strana-proizvoditel_italiya/forma-vipyska_flakon";"2023-05-02T21:45:28+03:00";""
"https://kirkland.in.ua/all-products/filters/strana-proizvoditel_niderlandi/veschestvo_mds17";"2023-05-02T21:45:28+03:00";""
"https://kirkland.in.ua/all-products/filters/strana-proizvoditel_niderlandi/veschestvo_vitamin-d3";"2023-05-02T21:45:28+03:00";""
"https://kirkland.in.ua/all-products/filters/strana-proizvoditel_niderlandi/veschestvo_zeleniji-chaji";"2023-05-02T21:45:28+03:00";""
"https://kirkland.in.ua/all-products/filters/strana-proizvoditel_niderlandi/veschestvo_mindalnoe-maslo";"2023-05-02T21:45:28+03:00";""
"https://kirkland.in.ua/all-products/filters/strana-proizvoditel_niderlandi/veschestvo_maslo-makadamii";"2023-05-02T21:45:28+03:00";""
"https://kirkland.in.ua/all-products/filters/strana-proizvoditel_niderlandi/veschestvo_minerali-mertvogo-morya";"2023-05-02T21:45:28+03:00";""
"https://kirkland.in.ua/all-products/filters/strana-proizvoditel_niderlandi/veschestvo_chesnochniji-shampyn";"2023-05-02T21:45:28+03:00";""
"https://kirkland.in.ua/all-products/filters/strana-proizvoditel_niderlandi/veschestvo_selen";"2023-05-02T21:45:28+03:00";""
"https://kirkland.in.ua/all-products/filters/strana-proizvoditel_niderlandi/dlya-chego_-raboti-serdca-zreniya-immynnoji-sistemi";"2023-05-02T21:45:28+03:00";""
"https://kirkland.in.ua/all-products/filters/strana-proizvoditel_niderlandi/dlya-chego_dlya-lica";"2023-05-02T21:45:28+03:00";""
"https://kirkland.in.ua/all-products/filters/strana-proizvoditel_niderlandi/dlya-chego_dlya-bolee-gystih-volos";"2023-05-02T21:45:28+03:00";""
"https://kirkland.in.ua/all-products/filters/strana-proizvoditel_niderlandi/dlya-chego_dlya-myjskogo-zdorovya";"2023-05-02T21:45:28+03:00";""
"https://kirkland.in.ua/all-products/filters/strana-proizvoditel_niderlandi/dlya-chego_dlya-oblasti-vokryg-glaz";"2023-05-02T21:45:28+03:00";""
"https://kirkland.in.ua/all-products/filters/strana-proizvoditel_niderlandi/dlya-chego_dlya-pecheni";"2023-05-02T21:45:28+03:00";""
"https://kirkland.in.ua/all-products/filters/strana-proizvoditel_niderlandi/dlya-chego_zdorove-pecheni";"2023-05-02T21:45:28+03:00";""
"https://kirkland.in.ua/all-products/filters/strana-proizvoditel_niderlandi/dlya-chego_zdorove-i-ykreplenie-imynnoji-sistemi";"2023-05-02T21:45:28+03:00";""
"https://kirkland.in.ua/all-products/filters/strana-proizvoditel_niderlandi/dlya-chego_ochischenie";"2023-05-02T21:45:28+03:00";""
"https://kirkland.in.ua/all-products/filters/strana-proizvoditel_niderlandi/dlya-chego_zdorove-balans-veschestv-v-organizme";"2023-05-02T21:45:28+03:00";""
"https://kirkland.in.ua/all-products/filters/strana-proizvoditel_niderlandi/dlya-chego_perhotvipadenie-volos";"2023-05-02T21:45:28+03:00";""
"https://kirkland.in.ua/all-products/filters/strana-proizvoditel_niderlandi/dlya-chego_ekzema-psoriaz";"2023-05-02T21:45:28+03:00";""
"https://kirkland.in.ua/all-products/filters/strana-proizvoditel_niderlandi/kolichestvo_15-ml";"2023-05-02T21:45:28+03:00";""
"https://kirkland.in.ua/all-products/filters/strana-proizvoditel_niderlandi/kolichestvo_25-ml";"2023-05-02T21:45:28+03:00";""
"https://kirkland.in.ua/all-products/filters/strana-proizvoditel_niderlandi/kolichestvo_30-sht";"2023-05-02T21:45:28+03:00";""
"https://kirkland.in.ua/all-products/filters/strana-proizvoditel_niderlandi/kolichestvo_30-kapsyl";"2023-05-02T21:45:28+03:00";""
"https://kirkland.in.ua/all-products/filters/strana-proizvoditel_niderlandi/kolichestvo_50-ml";"2023-05-02T21:45:28+03:00";""
"https://kirkland.in.ua/all-products/filters/strana-proizvoditel_niderlandi/kolichestvo_60-kapsyl";"2023-05-02T21:45:28+03:00";""
"https://kirkland.in.ua/all-products/filters/strana-proizvoditel_niderlandi/kolichestvo_90-tabletok";"2023-05-02T21:45:28+03:00";""
"https://kirkland.in.ua/all-products/filters/strana-proizvoditel_niderlandi/kolichestvo_90-kapsyl";"2023-05-02T21:45:28+03:00";""
"https://kirkland.in.ua/all-products/filters/strana-proizvoditel_niderlandi/kolichestvo_100-kapsyl";"2023-05-02T21:45:28+03:00";""
"https://kirkland.in.ua/all-products/filters/strana-proizvoditel_niderlandi/kolichestvo_100-tabletok";"2023-05-02T21:45:28+03:00";""
"https://kirkland.in.ua/all-products/filters/strana-proizvoditel_niderlandi/kolichestvo_100-sht";"2023-05-02T21:45:28+03:00";""
"https://kirkland.in.ua/all-products/filters/strana-proizvoditel_niderlandi/kolichestvo_120sht";"2023-05-02T21:45:28+03:00";""
"https://kirkland.in.ua/all-products/filters/strana-proizvoditel_niderlandi/kolichestvo_120-kapsyl";"2023-05-02T21:45:28+03:00";""
"https://kirkland.in.ua/all-products/filters/strana-proizvoditel_niderlandi/kolichestvo_150-ml";"2023-05-02T21:45:28+03:00";""
"https://kirkland.in.ua/all-products/filters/strana-proizvoditel_niderlandi/kolichestvo_200-ml";"2023-05-02T21:45:28+03:00";""
"https://kirkland.in.ua/all-products/filters/strana-proizvoditel_niderlandi/kolichestvo_150-kapsyl";"2023-05-02T21:45:28+03:00";""
"https://kirkland.in.ua/all-products/filters/strana-proizvoditel_niderlandi/kolichestvo_250-ml";"2023-05-02T21:45:28+03:00";""
"https://kirkland.in.ua/all-products/filters/strana-proizvoditel_niderlandi/kolichestvo_300-kapsyl";"2023-05-02T21:45:28+03:00";""
"https://kirkland.in.ua/all-products/filters/strana-proizvoditel_niderlandi/forma-vipyska_150-ml";"2023-05-02T21:45:28+03:00";""
"https://kirkland.in.ua/all-products/filters/strana-proizvoditel_niderlandi/forma-vipyska_jelejinie-konfeti";"2023-05-02T21:45:28+03:00";""
"https://kirkland.in.ua/all-products/filters/strana-proizvoditel_niderlandi/forma-vipyska_kapsyli";"2023-05-02T21:45:28+03:00";""
"https://kirkland.in.ua/all-products/filters/strana-proizvoditel_niderlandi/forma-vipyska_krem-balzam";"2023-05-02T21:45:28+03:00";""
"https://kirkland.in.ua/all-products/filters/strana-proizvoditel_niderlandi/forma-vipyska_tyba";"2023-05-02T21:45:28+03:00";""
"https://kirkland.in.ua/all-products/filters/strana-proizvoditel_niderlandi/forma-vipyska_flakon";"2023-05-02T21:45:28+03:00";""
"https://kirkland.in.ua/all-products/filters/strana-proizvoditel_niderlandi/forma-vipyska_sharikoviji-dezodorant";"2023-05-02T21:45:28+03:00";""
"https://kirkland.in.ua/all-products/filters/strana-proizvoditel_norvegiya/veschestvo_omega-3";"2023-05-02T21:45:28+03:00";""
"https://kirkland.in.ua/all-products/filters/strana-proizvoditel_norvegiya/veschestvo_omega-3-lutein-vitamin-d3";"2023-05-02T21:45:28+03:00";""
"https://kirkland.in.ua/all-products/filters/strana-proizvoditel_norvegiya/kolichestvo_60-kapsyl";"2023-05-02T21:45:28+03:00";""
"https://kirkland.in.ua/all-products/filters/strana-proizvoditel_norvegiya/kolichestvo_36-jelejinih-konfet";"2023-05-02T21:45:28+03:00";""
"https://kirkland.in.ua/all-products/filters/strana-proizvoditel_norvegiya/kolichestvo_112-kapsyl";"2023-05-02T21:45:28+03:00";""
"https://kirkland.in.ua/all-products/filters/strana-proizvoditel_norvegiya/kolichestvo_250-ml";"2023-05-02T21:45:28+03:00";""
"https://kirkland.in.ua/all-products/filters/strana-proizvoditel_polsha/dlya-chego_yvlajnenie";"2023-05-02T21:45:28+03:00";""
"https://kirkland.in.ua/all-products/filters/strana-proizvoditel_polsha/kolichestvo_100-ml";"2023-05-02T21:45:28+03:00";""
"https://kirkland.in.ua/all-products/filters/strana-proizvoditel_polsha/kolichestvo_50-ml";"2023-05-02T21:45:28+03:00";""
"https://kirkland.in.ua/all-products/filters/strana-proizvoditel_ssha/dlya-chego_antivozrastnaya";"2023-05-02T21:45:28+03:00";""
"https://kirkland.in.ua/all-products/filters/strana-proizvoditel_ssha/dlya-chego_vosstanovlenie";"2023-05-02T21:45:28+03:00";""
"https://kirkland.in.ua/all-products/filters/strana-proizvoditel_ssha/dlya-chego_antivozrastnoe";"2023-05-02T21:45:28+03:00";""
"https://kirkland.in.ua/all-products/filters/strana-proizvoditel_ssha/dlya-chego_dlya-imynnoji-sistemi-i-zdorovih-kosteji";"2023-05-02T21:45:28+03:00";""
"https://kirkland.in.ua/all-products/filters/strana-proizvoditel_ssha/dlya-chego_dlya-podderjaniya-immynnoji-fynkcii";"2023-05-02T21:45:28+03:00";""
"https://kirkland.in.ua/all-products/filters/strana-proizvoditel_ssha/dlya-chego_dlya-podderjaniya-imynnoji-sistemi";"2023-05-02T21:45:28+03:00";""
"https://kirkland.in.ua/all-products/filters/strana-proizvoditel_ssha/dlya-chego_dlya-podderjaniya-energeticheskogo-obmena";"2023-05-02T21:45:28+03:00";""
"https://kirkland.in.ua/all-products/filters/strana-proizvoditel_ssha/dlya-chego_dlya-podderjki-zdorovya-systavov-hryaschevoji-i-soedinitelnoji-tkani";"2023-05-02T21:45:28+03:00";""
"https://kirkland.in.ua/all-products/filters/strana-proizvoditel_ssha/dlya-chego_dlya-podderjki-kosteji-mishc-i-immyniteta";"2023-05-02T21:45:28+03:00";""
"https://kirkland.in.ua/all-products/filters/strana-proizvoditel_ssha/dlya-chego_dlya-podderjki-krepkih-kosteji";"2023-05-02T21:45:28+03:00";""
"https://kirkland.in.ua/all-products/filters/strana-proizvoditel_ssha/dlya-chego_dlya-podderjki-organizma-vo-vremya-stareniya";"2023-05-02T21:45:28+03:00";""
"https://kirkland.in.ua/all-products/filters/strana-proizvoditel_ssha/dlya-chego_dlya-profilaktiki-serdechno-sosydistih-zabolevaniji";"2023-05-02T21:45:28+03:00";""
"https://kirkland.in.ua/all-products/filters/strana-proizvoditel_ssha/dlya-chego_dlya-serdechno-sosydistoji-sistemi";"2023-05-02T21:45:28+03:00";""
"https://kirkland.in.ua/all-products/filters/strana-proizvoditel_ssha/dlya-chego_zdorove-detskogo-organizma";"2023-05-02T21:45:28+03:00";""
"https://kirkland.in.ua/all-products/filters/strana-proizvoditel_ssha/dlya-chego_dlya-sozdaniya-silnogo-i-zdorovogo-tela";"2023-05-02T21:45:28+03:00";""
"https://kirkland.in.ua/all-products/filters/strana-proizvoditel_ssha/dlya-chego_lechenie-psoriaza";"2023-05-02T21:45:28+03:00";""
"https://kirkland.in.ua/all-products/filters/strana-proizvoditel_ssha/dlya-chego_lechenie-psoriaza-perhoti-seborei";"2023-05-02T21:45:28+03:00";""
"https://kirkland.in.ua/all-products/filters/strana-proizvoditel_ssha/dlya-chego_pitanie";"2023-05-02T21:45:28+03:00";""
"https://kirkland.in.ua/all-products/filters/strana-proizvoditel_ssha/dlya-chego_pitanie-vosstanovlenie";"2023-05-02T21:45:28+03:00";""
"https://kirkland.in.ua/all-products/filters/strana-proizvoditel_ssha/dlya-chego_pomogaet-nejitralizovat-svobodnie-radikali-v-organizme-i-podderjivat-immynnyu-sistemy";"2023-05-02T21:45:28+03:00";""
"https://kirkland.in.ua/all-products/filters/strana-proizvoditel_ssha/dlya-chego_prednaznachen-dlya-podderjki-zdorovya-ludeji-starshe-50-let";"2023-05-02T21:45:28+03:00";""
"https://kirkland.in.ua/all-products/filters/strana-proizvoditel_ssha/dlya-chego_protivovospalitelnoe-sredstvo";"2023-05-02T21:45:28+03:00";""
"https://kirkland.in.ua/all-products/filters/strana-proizvoditel_ssha/dlya-chego_yvlajnenie";"2023-05-02T21:45:28+03:00";""
"https://kirkland.in.ua/all-products/filters/strana-proizvoditel_ssha/dlya-chego_sposobstvyet-vosstanovleniu-povrejdennoji-hryaschevoji-tkani";"2023-05-02T21:45:28+03:00";""
"https://kirkland.in.ua/all-products/filters/strana-proizvoditel_ssha/kolichestvo_30-ml";"2023-05-02T21:45:28+03:00";""
"https://kirkland.in.ua/all-products/filters/strana-proizvoditel_ssha/dlya-chego_yvlajnenie-pitanie";"2023-05-02T21:45:28+03:00";""
"https://kirkland.in.ua/all-products/filters/strana-proizvoditel_ssha/kolichestvo_60-ml";"2023-05-02T21:45:28+03:00";""
"https://kirkland.in.ua/all-products/filters/strana-proizvoditel_ssha/kolichestvo_60-shtyk";"2023-05-02T21:45:28+03:00";""
"https://kirkland.in.ua/all-products/filters/strana-proizvoditel_ssha/kolichestvo_100";"2023-05-02T21:45:28+03:00";""
"https://kirkland.in.ua/all-products/filters/strana-proizvoditel_ssha/kolichestvo_120sht";"2023-05-02T21:45:28+03:00";""
"https://kirkland.in.ua/all-products/filters/strana-proizvoditel_ssha/kolichestvo_160";"2023-05-02T21:45:28+03:00";""
"https://kirkland.in.ua/all-products/filters/strana-proizvoditel_ssha/kolichestvo_220";"2023-05-02T21:45:28+03:00";""
"https://kirkland.in.ua/all-products/filters/strana-proizvoditel_ssha/kolichestvo_230";"2023-05-02T21:45:28+03:00";""
"https://kirkland.in.ua/all-products/filters/strana-proizvoditel_ssha/kolichestvo_240-ml";"2023-05-02T21:45:28+03:00";""
"https://kirkland.in.ua/all-products/filters/strana-proizvoditel_ssha/kolichestvo_236-ml";"2023-05-02T21:45:28+03:00";""
"https://kirkland.in.ua/all-products/filters/strana-proizvoditel_ssha/kolichestvo_320";"2023-05-02T21:45:28+03:00";""
"https://kirkland.in.ua/all-products/filters/strana-proizvoditel_ssha/kolichestvo_375";"2023-05-02T21:45:28+03:00";""
"https://kirkland.in.ua/all-products/filters/strana-proizvoditel_ssha/kolichestvo_400";"2023-05-02T21:45:28+03:00";""
"https://kirkland.in.ua/all-products/filters/strana-proizvoditel_ssha/kolichestvo_500";"2023-05-02T21:45:28+03:00";""
"https://kirkland.in.ua/all-products/filters/strana-proizvoditel_ssha/kolichestvo_500-tabletok";"2023-05-02T21:45:28+03:00";""
"https://kirkland.in.ua/all-products/filters/strana-proizvoditel_ssha/kolichestvo_600";"2023-05-02T21:45:28+03:00";""
"https://kirkland.in.ua/all-products/filters/strana-proizvoditel_ssha/forma-vipyska_banka";"2023-05-02T21:45:28+03:00";""
"https://kirkland.in.ua/all-products/filters/strana-proizvoditel_ssha/forma-vipyska_gelevie-kapsyli";"2023-05-02T21:45:28+03:00";""
"https://kirkland.in.ua/all-products/filters/strana-proizvoditel_ssha/forma-vipyska_jevatelnie-konfeti";"2023-05-02T21:45:28+03:00";""
"https://kirkland.in.ua/all-products/filters/strana-proizvoditel_ssha/forma-vipyska_jelatinovie-kapsyli";"2023-05-02T21:45:28+03:00";""
"https://kirkland.in.ua/all-products/filters/strana-proizvoditel_ssha/forma-vipyska_kapsyli";"2023-05-02T21:45:28+03:00";""
"https://kirkland.in.ua/all-products/filters/strana-proizvoditel_ssha/forma-vipyska_tabletki";"2023-05-02T21:45:28+03:00";""
"https://kirkland.in.ua/all-products/filters/strana-proizvoditel_tyrciya/veschestvo_isotretinoin";"2023-05-02T21:45:28+03:00";""
"https://kirkland.in.ua/all-products/filters/strana-proizvoditel_ssha/forma-vipyska_flakon";"2023-05-02T21:45:28+03:00";""
"https://kirkland.in.ua/all-products/filters/strana-proizvoditel_tyrciya/veschestvo_tacrolimus";"2023-05-02T21:45:28+03:00";""
"https://kirkland.in.ua/all-products/filters/strana-proizvoditel_tyrciya/veschestvo_adapalen";"2023-05-02T21:45:28+03:00";""
"https://kirkland.in.ua/all-products/filters/strana-proizvoditel_tyrciya/veschestvo_azelainovaya-koslota";"2023-05-02T21:45:28+03:00";""
"https://kirkland.in.ua/all-products/filters/strana-proizvoditel_tyrciya/veschestvo_aloe-vera-pantenol-i-glicerin";"2023-05-02T21:45:28+03:00";""
"https://kirkland.in.ua/all-products/filters/strana-proizvoditel_tyrciya/veschestvo_izikonazol-nitrat";"2023-05-02T21:45:28+03:00";""
"https://kirkland.in.ua/all-products/filters/strana-proizvoditel_tyrciya/veschestvo_glukozamin-hondroitin";"2023-05-02T21:45:28+03:00";""
"https://kirkland.in.ua/all-products/filters/strana-proizvoditel_tyrciya/veschestvo_izotreksin-eritromicin";"2023-05-02T21:45:28+03:00";""
"https://kirkland.in.ua/all-products/filters/strana-proizvoditel_tyrciya/veschestvo_kapsaicin";"2023-05-02T21:45:28+03:00";""
"https://kirkland.in.ua/all-products/filters/strana-proizvoditel_tyrciya/veschestvo_izotretinoin";"2023-05-02T21:45:28+03:00";""
"https://kirkland.in.ua/all-products/filters/strana-proizvoditel_tyrciya/veschestvo_klobetazol";"2023-05-02T21:45:28+03:00";""
"https://kirkland.in.ua/all-products/filters/strana-proizvoditel_tyrciya/veschestvo_metilprednizolona-aceponat";"2023-05-02T21:45:28+03:00";""
"https://kirkland.in.ua/all-products/filters/strana-proizvoditel_tyrciya/veschestvo_kondicioner";"2023-05-02T21:45:28+03:00";""
"https://kirkland.in.ua/all-products/filters/strana-proizvoditel_tyrciya/veschestvo_klobetazol-17-propionat";"2023-05-02T21:45:28+03:00";""
"https://kirkland.in.ua/all-products/filters/strana-proizvoditel_tyrciya/veschestvo_metil-salizilat-mentol";"2023-05-02T21:45:28+03:00";""
"https://kirkland.in.ua/all-products/filters/strana-proizvoditel_tyrciya/veschestvo_metilsalicilat";"2023-05-02T21:45:28+03:00";""
"https://kirkland.in.ua/all-products/filters/strana-proizvoditel_tyrciya/veschestvo_mometazon-fyroat";"2023-05-02T21:45:28+03:00";""
"https://kirkland.in.ua/all-products/filters/strana-proizvoditel_tyrciya/veschestvo_mochevina-salicilovaya-kislota";"2023-05-02T21:45:28+03:00";""
"https://kirkland.in.ua/all-products/filters/strana-proizvoditel_tyrciya/veschestvo_nimesylid";"2023-05-02T21:45:28+03:00";""
"https://kirkland.in.ua/all-products/filters/strana-proizvoditel_tyrciya/veschestvo_ryskogenin-trimebytin";"2023-05-02T21:45:28+03:00";""
"https://kirkland.in.ua/all-products/filters/strana-proizvoditel_tyrciya/veschestvo_ryskogenin-trimybytin";"2023-05-02T21:45:28+03:00";""
"https://kirkland.in.ua/all-products/filters/strana-proizvoditel_tyrciya/veschestvo_ciklosporin";"2023-05-02T21:45:28+03:00";""
"https://kirkland.in.ua/all-products/filters/strana-proizvoditel_tyrciya/veschestvo_tiokonazol";"2023-05-02T21:45:28+03:00";""
"https://kirkland.in.ua/all-products/filters/strana-proizvoditel_tyrciya/veschestvo_fyzidovaya-kislota-fusidic-acid";"2023-05-02T21:45:28+03:00";""
"https://kirkland.in.ua/all-products/filters/strana-proizvoditel_tyrciya/veschestvo_tazaroten";"2023-05-02T21:45:28+03:00";""
"https://kirkland.in.ua/all-products/filters/strana-proizvoditel_tyrciya/veschestvo_ciklicheskie-i-polimernie-siloksani-efir-vitamina-c";"2023-05-02T21:45:28+03:00";""
"https://kirkland.in.ua/all-products/filters/strana-proizvoditel_tyrciya/veschestvo_shampyn";"2023-05-02T21:45:28+03:00";""
"https://kirkland.in.ua/all-products/filters/strana-proizvoditel_tyrciya/veschestvo_eritromicin-tretinoin";"2023-05-02T21:45:28+03:00";""
"https://kirkland.in.ua/all-products/filters/strana-proizvoditel_tyrciya/dlya-chego_bakterialnie-infekcii-glaz";"2023-05-02T21:45:28+03:00";""
"https://kirkland.in.ua/all-products/filters/strana-proizvoditel_tyrciya/dlya-chego_akne-prischi";"2023-05-02T21:45:28+03:00";""
"https://kirkland.in.ua/all-products/filters/strana-proizvoditel_tyrciya/dlya-chego_bioaktivnaya-vosstanavlivauschaya-sivorotka-dlya-koji-golovi";"2023-05-02T21:45:28+03:00";""
"https://kirkland.in.ua/all-products/filters/strana-proizvoditel_tyrciya/dlya-chego_dlya-pitaniya-volos-i-vosstanovleniya-rosta";"2023-05-02T21:45:28+03:00";""
"https://kirkland.in.ua/all-products/filters/strana-proizvoditel_tyrciya/dlya-chego_dlya-vseh-tipov-volos";"2023-05-02T21:45:28+03:00";""
"https://kirkland.in.ua/all-products/filters/strana-proizvoditel_tyrciya/dlya-chego_dlya-yhoda-za-jirnoji-i-sklonnoji-k-akne-kojeji";"2023-05-02T21:45:28+03:00";""
"https://kirkland.in.ua/all-products/filters/strana-proizvoditel_tyrciya/dlya-chego_dlya-chyvstvitelnih-i-povrejdyonnih-volos";"2023-05-02T21:45:28+03:00";""
"https://kirkland.in.ua/all-products/filters/strana-proizvoditel_tyrciya/dlya-chego_zdorove-volos";"2023-05-02T21:45:28+03:00";""
"https://kirkland.in.ua/all-products/filters/strana-proizvoditel_tyrciya/dlya-chego_zdorove-volos-i-koji-golovi";"2023-05-02T21:45:28+03:00";""
"https://kirkland.in.ua/all-products/filters/strana-proizvoditel_tyrciya/dlya-chego_zdorove-koji";"2023-05-02T21:45:28+03:00";""
"https://kirkland.in.ua/all-products/filters/strana-proizvoditel_tyrciya/dlya-chego_intensivnoe-ykreplenie-i-zdorove-volos";"2023-05-02T21:45:28+03:00";""
"https://kirkland.in.ua/all-products/filters/strana-proizvoditel_tyrciya/dlya-chego_izbavlenie-ot-perhoti";"2023-05-02T21:45:28+03:00";""
"https://kirkland.in.ua/all-products/filters/strana-proizvoditel_tyrciya/dlya-chego_lechenie-akne";"2023-05-02T21:45:28+03:00";""
"https://kirkland.in.ua/all-products/filters/strana-proizvoditel_tyrciya/dlya-chego_lechenie-kojnih-zabolevaniji";"2023-05-02T21:45:28+03:00";""
"https://kirkland.in.ua/all-products/filters/strana-proizvoditel_tyrciya/dlya-chego_psoriaz";"2023-05-02T21:45:28+03:00";""
"https://kirkland.in.ua/all-products/filters/strana-proizvoditel_tyrciya/dlya-chego_rost-volos";"2023-05-02T21:45:28+03:00";""
"https://kirkland.in.ua/all-products/filters/strana-proizvoditel_tyrciya/dlya-chego_podvijnost-kosteji-i-systavov";"2023-05-02T21:45:28+03:00";""
"https://kirkland.in.ua/all-products/filters/strana-proizvoditel_tyrciya/dlya-chego_zvolojennya-ta-likyvannya-poshkodjen-na-shkiri";"2023-05-02T21:45:28+03:00";""
"https://kirkland.in.ua/all-products/filters/strana-proizvoditel_tyrciya/dlya-chego_shampyn-dlya-jirnih-volos";"2023-05-02T21:45:28+03:00";""
"https://kirkland.in.ua/all-products/filters/strana-proizvoditel_tyrciya/kolichestvo_5-shtyk";"2023-05-02T21:45:28+03:00";""
"https://kirkland.in.ua/all-products/filters/strana-proizvoditel_tyrciya/dlya-chego_ykreplenie-korneji-volos";"2023-05-02T21:45:28+03:00";""
"https://kirkland.in.ua/all-products/filters/strana-proizvoditel_tyrciya/kolichestvo_5-g";"2023-05-02T21:45:28+03:00";""
"https://kirkland.in.ua/all-products/filters/strana-proizvoditel_tyrciya/kolichestvo_15-g";"2023-05-02T21:45:28+03:00";""
"https://kirkland.in.ua/all-products/filters/strana-proizvoditel_tyrciya/kolichestvo_15h6-ml";"2023-05-02T21:45:28+03:00";""
"https://kirkland.in.ua/all-products/filters/strana-proizvoditel_tyrciya/kolichestvo_30-sht";"2023-05-02T21:45:28+03:00";""
"https://kirkland.in.ua/all-products/filters/strana-proizvoditel_tyrciya/kolichestvo_30-g";"2023-05-02T21:45:28+03:00";""
"https://kirkland.in.ua/all-products/filters/strana-proizvoditel_tyrciya/kolichestvo_30-gramm";"2023-05-02T21:45:28+03:00";""
"https://kirkland.in.ua/all-products/filters/strana-proizvoditel_tyrciya/kolichestvo_45-gramm";"2023-05-02T21:45:28+03:00";""
"https://kirkland.in.ua/all-products/filters/strana-proizvoditel_tyrciya/kolichestvo_50-gramm";"2023-05-02T21:45:28+03:00";""
"https://kirkland.in.ua/all-products/filters/strana-proizvoditel_tyrciya/kolichestvo_50-g";"2023-05-02T21:45:28+03:00";""
"https://kirkland.in.ua/all-products/filters/strana-proizvoditel_tyrciya/kolichestvo_50-ml";"2023-05-02T21:45:28+03:00";""
"https://kirkland.in.ua/all-products/filters/strana-proizvoditel_tyrciya/kolichestvo_60-ml";"2023-05-02T21:45:28+03:00";""
"https://kirkland.in.ua/all-products/filters/strana-proizvoditel_tyrciya/kolichestvo_60-tab";"2023-05-02T21:45:28+03:00";""
"https://kirkland.in.ua/all-products/filters/strana-proizvoditel_tyrciya/kolichestvo_60-tabletok";"2023-05-02T21:45:28+03:00";""
"https://kirkland.in.ua/all-products/filters/strana-proizvoditel_tyrciya/kolichestvo_100-ml";"2023-05-02T21:45:28+03:00";""
"https://kirkland.in.ua/all-products/filters/strana-proizvoditel_tyrciya/kolichestvo_60-tabletok-300-ml";"2023-05-02T21:45:28+03:00";""
"https://kirkland.in.ua/all-products/filters/strana-proizvoditel_tyrciya/kolichestvo_200-ml";"2023-05-02T21:45:28+03:00";""
"https://kirkland.in.ua/all-products/filters/strana-proizvoditel_tyrciya/kolichestvo_150-ml";"2023-05-02T21:45:28+03:00";""
"https://kirkland.in.ua/all-products/filters/strana-proizvoditel_tyrciya/kolichestvo_250-ml";"2023-05-02T21:45:28+03:00";""
"https://kirkland.in.ua/all-products/filters/strana-proizvoditel_tyrciya/kolichestvo_300-ml";"2023-05-02T21:45:28+03:00";""
"https://kirkland.in.ua/all-products/filters/strana-proizvoditel_tyrciya/kolichestvo_300-ml-60-tabletok-50-ml";"2023-05-02T21:45:28+03:00";""
"https://kirkland.in.ua/all-products/filters/strana-proizvoditel_tyrciya/kolichestvo_tyba-50-gramm";"2023-05-02T21:45:28+03:00";""
"https://kirkland.in.ua/all-products/filters/strana-proizvoditel_tyrciya/kolichestvo_500-ml";"2023-05-02T21:45:28+03:00";""
"https://kirkland.in.ua/all-products/filters/strana-proizvoditel_tyrciya/kolichestvo_tyba-30-g";"2023-05-02T21:45:28+03:00";""
"https://kirkland.in.ua/all-products/filters/strana-proizvoditel_tyrciya/kolichestvo_tyba-50g";"2023-05-02T21:45:28+03:00";""
"https://kirkland.in.ua/all-products/filters/strana-proizvoditel_tyrciya/kolichestvo_flakon-5ml";"2023-05-02T21:45:28+03:00";""
"https://kirkland.in.ua/all-products/filters/strana-proizvoditel_tyrciya/kolichestvo_flakon-25ml";"2023-05-02T21:45:28+03:00";""
"https://kirkland.in.ua/all-products/filters/strana-proizvoditel_tyrciya/forma-vipyska_10-syppozitoriji";"2023-05-02T21:45:28+03:00";""
"https://kirkland.in.ua/all-products/filters/strana-proizvoditel_tyrciya/forma-vipyska_banka";"2023-05-02T21:45:28+03:00";""
"https://kirkland.in.ua/all-products/filters/strana-proizvoditel_tyrciya/forma-vipyska_gel";"2023-05-02T21:45:28+03:00";""
"https://kirkland.in.ua/all-products/filters/strana-proizvoditel_tyrciya/forma-vipyska_kapsyli";"2023-05-02T21:45:28+03:00";""
"https://kirkland.in.ua/all-products/filters/strana-proizvoditel_tyrciya/forma-vipyska_metalleva-tyba";"2023-05-02T21:45:28+03:00";""
"https://kirkland.in.ua/all-products/filters/strana-proizvoditel_tyrciya/forma-vipyska_korobka";"2023-05-02T21:45:28+03:00";""
"https://kirkland.in.ua/all-products/filters/strana-proizvoditel_tyrciya/forma-vipyska_spreji";"2023-05-02T21:45:28+03:00";""
"https://kirkland.in.ua/all-products/filters/strana-proizvoditel_tyrciya/forma-vipyska_tyba-60-g";"2023-05-02T21:45:28+03:00";""
"https://kirkland.in.ua/all-products/filters/strana-proizvoditel_tyrciya/forma-vipyska_tyba-30-gramm";"2023-05-02T21:45:28+03:00";""
"https://kirkland.in.ua/all-products/filters/strana-proizvoditel_tyrciya/forma-vipyska_tyba";"2023-05-02T21:45:28+03:00";""
"https://kirkland.in.ua/all-products/filters/strana-proizvoditel_tyrciya/forma-vipyska_tyba-30-g";"2023-05-02T21:45:28+03:00";""
"https://kirkland.in.ua/all-products/filters/strana-proizvoditel_tyrciya/forma-vipyska_flakon";"2023-05-02T21:45:28+03:00";""
"https://kirkland.in.ua/all-products/filters/strana-proizvoditel_tyrciya/forma-vipyska_flakon-banka";"2023-05-02T21:45:28+03:00";""
"https://kirkland.in.ua/all-products/filters/strana-proizvoditel_tyrciya/forma-vipyska_flakon-banka-flakon";"2023-05-02T21:45:28+03:00";""
"https://kirkland.in.ua/all-products/filters/strana-proizvoditel_tyrciya/forma-vipyska_shampyn";"2023-05-02T21:45:28+03:00";""
"https://kirkland.in.ua/all-products/filters/strana-proizvoditel_tyrciya/forma-vipyska_emylsiya-glaznaya-05-mgml-flakon-04-ml-30-flakonov";"2023-05-02T21:45:28+03:00";""
"https://kirkland.in.ua/all-products/filters/strana-proizvoditel_tyrciya/forma-vipyska_flakon-s-dozatorom";"2023-05-02T21:45:28+03:00";""
"https://kirkland.in.ua/all-products/filters/strana-proizvoditel_franciya/veschestvo_amorolfin";"2023-05-02T21:45:28+03:00";""
"https://kirkland.in.ua/all-products/filters/strana-proizvoditel_franciya/veschestvo_gialyronovaya-kislota-sylfadiazin-serebra";"2023-05-02T21:45:28+03:00";""
"https://kirkland.in.ua/all-products/filters/strana-proizvoditel_tyrciya/shampyn_shampyn";"2023-05-02T21:45:28+03:00";""
"https://kirkland.in.ua/all-products/filters/strana-proizvoditel_franciya/veschestvo_retinol";"2023-05-02T21:45:28+03:00";""
"https://kirkland.in.ua/all-products/filters/strana-proizvoditel_franciya/dlya-chego_zdorove-koji-lica";"2023-05-02T21:45:28+03:00";""
"https://kirkland.in.ua/all-products/filters/strana-proizvoditel_franciya/dlya-chego_otbelivanie";"2023-05-02T21:45:28+03:00";""
"https://kirkland.in.ua/all-products/filters/strana-proizvoditel_franciya/dlya-chego_pitanie";"2023-05-02T21:45:28+03:00";""
"https://kirkland.in.ua/all-products/filters/strana-proizvoditel_franciya/dlya-chego_yvlajnenie-i-pitanie";"2023-05-02T21:45:28+03:00";""
"https://kirkland.in.ua/all-products/filters/strana-proizvoditel_franciya/dlya-chego_yvlajnenie-pyatok";"2023-05-02T21:45:28+03:00";""
"https://kirkland.in.ua/all-products/filters/strana-proizvoditel_franciya/kolichestvo_25-ml";"2023-05-02T21:45:28+03:00";""
"https://kirkland.in.ua/all-products/filters/strana-proizvoditel_franciya/dlya-chego_yvlajnyaschiji";"2023-05-02T21:45:28+03:00";""
"https://kirkland.in.ua/all-products/filters/strana-proizvoditel_franciya/dlya-chego_yvlajnyauschiji";"2023-05-02T21:45:28+03:00";""
"https://kirkland.in.ua/all-products/filters/strana-proizvoditel_franciya/kolichestvo_30-ml";"2023-05-02T21:45:28+03:00";""
"https://kirkland.in.ua/all-products/filters/strana-proizvoditel_franciya/kolichestvo_50-ml";"2023-05-02T21:45:28+03:00";""
"https://kirkland.in.ua/all-products/filters/strana-proizvoditel_franciya/kolichestvo_200-ml";"2023-05-02T21:45:28+03:00";""
"https://kirkland.in.ua/all-products/filters/strana-proizvoditel_franciya/kolichestvo_100-ml";"2023-05-02T21:45:28+03:00";""
"https://kirkland.in.ua/all-products/filters/strana-proizvoditel_franciya/forma-vipyska_banka";"2023-05-02T21:45:28+03:00";""
"https://kirkland.in.ua/all-products/filters/strana-proizvoditel_franciya/forma-vipyska_flakon";"2023-05-02T21:45:28+03:00";""
"https://kirkland.in.ua/all-products/filters/strana-proizvoditel_chehiya/kolichestvo_80-sht";"2023-05-02T21:45:28+03:00";""
"https://kirkland.in.ua/all-products/filters/strana-proizvoditel_franciya/forma-vipyska_flakon-25-ml";"2023-05-02T21:45:28+03:00";""
"https://kirkland.in.ua/all-products/filters/strana-proizvoditel_shvejicariya/dlya-chego_dlya-lecheniya-dermatomikozov";"2023-05-02T21:45:28+03:00";""
"https://kirkland.in.ua/all-products/filters/strana-proizvoditel_shvejicariya/kolichestvo_20-g";"2023-05-02T21:45:28+03:00";""
"https://kirkland.in.ua/all-products/filters/strana-proizvoditel_shvejicariya/forma-vipyska_tyba";"2023-05-02T21:45:28+03:00";""
"https://kirkland.in.ua/all-products/filters/strana-proizvoditel_ujnaya-koreya/veschestvo_botylinicheskiji-toksin-tipa-a-sivorotochniji-albymin-cheloveka-05-mg-hlorid-natriya-09-mg";"2023-05-02T21:45:28+03:00";""
"https://kirkland.in.ua/all-products/filters/strana-proizvoditel_ujnaya-koreya/dlya-chego_vosstanovlenie-ytrachennih-obemov-zoni-schek-podborodkatonkie-gybi";"2023-05-02T21:45:28+03:00";""
"https://kirkland.in.ua/all-products/filters/strana-proizvoditel_ujnaya-koreya/veschestvo_stabilizirovannaya-gialyronovaya-kislota-lidokain";"2023-05-02T21:45:28+03:00";""
"https://kirkland.in.ua/all-products/filters/strana-proizvoditel_ujnaya-koreya/dlya-chego_dlya-gyb";"2023-05-02T21:45:28+03:00";""
"https://kirkland.in.ua/all-products/filters/strana-proizvoditel_ujnaya-koreya/dlya-chego_dlya-gyb-dlya-skyl-dlya-formirovaniya-ovala-lica";"2023-05-02T21:45:28+03:00";""
"https://kirkland.in.ua/all-products/filters/strana-proizvoditel_ujnaya-koreya/dlya-chego_dlya-gyb-dlya-formirovaniya-ovala-lica";"2023-05-02T21:45:28+03:00";""
"https://kirkland.in.ua/all-products/filters/strana-proizvoditel_ujnaya-koreya/kolichestvo_11-ml";"2023-05-02T21:45:28+03:00";""
"https://kirkland.in.ua/all-products/filters/strana-proizvoditel_ujnaya-koreya/kolichestvo_1-flakon-100-ed";"2023-05-02T21:45:28+03:00";""
"https://kirkland.in.ua/all-products/filters/forma-vipyska_10-syppozitoriji/veschestvo_ryskogenin-trimybytin";"2023-05-02T21:45:28+03:00";""
"https://kirkland.in.ua/all-products/filters/forma-vipyska_10-syppozitoriji/strana-proizvoditel_tyrciya";"2023-05-02T21:45:28+03:00";""
"https://kirkland.in.ua/all-products/filters/forma-vipyska_150-ml/strana-proizvoditel_niderlandi";"2023-05-02T21:45:28+03:00";""
"https://kirkland.in.ua/all-products/filters/forma-vipyska_150-ml/veschestvo_zeleniji-chaji";"2023-05-02T21:45:28+03:00";""
"https://kirkland.in.ua/all-products/filters/forma-vipyska_150-ml/dlya-chego_ochischenie";"2023-05-02T21:45:28+03:00";""
"https://kirkland.in.ua/all-products/filters/forma-vipyska_banka/veschestvo_gialyronovaya-kislota-sylfadiazin-serebra";"2023-05-02T21:45:28+03:00";""
"https://kirkland.in.ua/all-products/filters/forma-vipyska_banka/dlya-chego_balans-vitaminov-v-organizme";"2023-05-02T21:45:28+03:00";""
"https://kirkland.in.ua/all-products/filters/forma-vipyska_banka/dlya-chego_dlya-bezopasnogo-pohydeniya";"2023-05-02T21:45:28+03:00";""
"https://kirkland.in.ua/all-products/filters/forma-vipyska_banka/dlya-chego_zdorove-detskogo-organizma";"2023-05-02T21:45:28+03:00";""
"https://kirkland.in.ua/all-products/filters/forma-vipyska_banka/dlya-chego_zdorove-koji-golovi";"2023-05-02T21:45:28+03:00";""
"https://kirkland.in.ua/all-products/filters/forma-vipyska_banka/dlya-chego_zdorove-volos";"2023-05-02T21:45:28+03:00";""
"https://kirkland.in.ua/all-products/filters/forma-vipyska_banka/dlya-chego_zdorove-koji-i-volos";"2023-05-02T21:45:28+03:00";""
"https://kirkland.in.ua/all-products/filters/forma-vipyska_banka/dlya-chego_zdorove-koji-i-kosteji";"2023-05-02T21:45:28+03:00";""
"https://kirkland.in.ua/all-products/filters/forma-vipyska_banka/dlya-chego_zdorove-koji-volos-i-nogteji";"2023-05-02T21:45:28+03:00";""
"https://kirkland.in.ua/all-products/filters/forma-vipyska_banka/dlya-chego_zdorove-rastyschego-organizma";"2023-05-02T21:45:28+03:00";""
"https://kirkland.in.ua/all-products/filters/forma-vipyska_banka/dlya-chego_zdorove-serdca-i-systavov";"2023-05-02T21:45:28+03:00";""
"https://kirkland.in.ua/all-products/filters/forma-vipyska_banka/dlya-chego_podderjanie-zdorovya-vo-vremya-beremennosti";"2023-05-02T21:45:28+03:00";""
"https://kirkland.in.ua/all-products/filters/forma-vipyska_banka/dlya-chego_podderjivaet-zdorove-dihatelnih-pyteji";"2023-05-02T21:45:28+03:00";""
"https://kirkland.in.ua/all-products/filters/forma-vipyska_banka/dlya-chego_podderjanie-zdorovya-i-normalnoji-raboti-organizma";"2023-05-02T21:45:28+03:00";""
"https://kirkland.in.ua/all-products/filters/forma-vipyska_banka/dlya-chego_yvlajnenie-pyatok";"2023-05-02T21:45:28+03:00";""
"https://kirkland.in.ua/all-products/filters/forma-vipyska_banka/dlya-chego_ykreplenie-zdorovya-serdca-i-serdechno-sosydistih-fynkciji";"2023-05-02T21:45:28+03:00";""
"https://kirkland.in.ua/all-products/filters/forma-vipyska_banka/dlya-chego_ykreplenie-korneji-volos";"2023-05-02T21:45:28+03:00";""
"https://kirkland.in.ua/all-products/filters/forma-vipyska_banka/dlya-chego_ylychshenie-spermatogeneza";"2023-05-02T21:45:28+03:00";""
"https://kirkland.in.ua/all-products/filters/forma-vipyska_banka/kolichestvo_30-tabletok";"2023-05-02T21:45:28+03:00";""
"https://kirkland.in.ua/all-products/filters/forma-vipyska_banka/dlya-chego_yspokoitelnoe";"2023-05-02T21:45:28+03:00";""
"https://kirkland.in.ua/all-products/filters/forma-vipyska_banka/kolichestvo_60-shtyk";"2023-05-02T21:45:28+03:00";""
"https://kirkland.in.ua/all-products/filters/forma-vipyska_banka/kolichestvo_60-tabletok";"2023-05-02T21:45:28+03:00";""
"https://kirkland.in.ua/all-products/filters/forma-vipyska_banka/kolichestvo_90-tabletok";"2023-05-02T21:45:28+03:00";""
"https://kirkland.in.ua/all-products/filters/forma-vipyska_banka/kolichestvo_100-g";"2023-05-02T21:45:28+03:00";""
"https://kirkland.in.ua/all-products/filters/forma-vipyska_banka/kolichestvo_100-kapsyl";"2023-05-02T21:45:28+03:00";""
"https://kirkland.in.ua/all-products/filters/forma-vipyska_banka/kolichestvo_100-ml";"2023-05-02T21:45:28+03:00";""
"https://kirkland.in.ua/all-products/filters/forma-vipyska_banka/kolichestvo_100-tabletok";"2023-05-02T21:45:28+03:00";""
"https://kirkland.in.ua/all-products/filters/forma-vipyska_banka/kolichestvo_120-tabletok";"2023-05-02T21:45:28+03:00";""
"https://kirkland.in.ua/all-products/filters/forma-vipyska_banka/kolichestvo_250-mg";"2023-05-02T21:45:28+03:00";""
"https://kirkland.in.ua/all-products/filters/forma-vipyska_banka/kolichestvo_250-tabletok";"2023-05-02T21:45:28+03:00";""
"https://kirkland.in.ua/all-products/filters/forma-vipyska_banka/strana-proizvoditel_ssha";"2023-05-02T21:45:28+03:00";""
"https://kirkland.in.ua/all-products/filters/forma-vipyska_banka/strana-proizvoditel_velikobritaniya";"2023-05-02T21:45:28+03:00";""
"https://kirkland.in.ua/all-products/filters/forma-vipyska_banka/strana-proizvoditel_indiya";"2023-05-02T21:45:28+03:00";""
"https://kirkland.in.ua/all-products/filters/forma-vipyska_banka/strana-proizvoditel_franciya";"2023-05-02T21:45:28+03:00";""
"https://kirkland.in.ua/all-products/filters/forma-vipyska_banka/strana-proizvoditel_tyrciya";"2023-05-02T21:45:28+03:00";""
"https://kirkland.in.ua/all-products/filters/forma-vipyska_banka-920g/veschestvo_rastitelniji-protein";"2023-05-02T21:45:28+03:00";""
"https://kirkland.in.ua/all-products/filters/forma-vipyska_banka-920g/strana-proizvoditel_oregons-wild-harvest-oregons-vajild-harvest-ssha";"2023-05-02T21:45:28+03:00";""
"https://kirkland.in.ua/all-products/filters/forma-vipyska_blister/dlya-chego_ylychshenie-psihicheskogo-sostoyaniya";"2023-05-02T21:45:28+03:00";""
"https://kirkland.in.ua/all-products/filters/forma-vipyska_blister/kolichestvo_20-kapsyl";"2023-05-02T21:45:28+03:00";""
"https://kirkland.in.ua/all-products/filters/forma-vipyska_blister/strana-proizvoditel_italiya";"2023-05-02T21:45:28+03:00";""
"https://kirkland.in.ua/all-products/filters/forma-vipyska_gelevie-kapsyli/dlya-chego_dlya-profilaktiki-serdechno-sosydistih-zabolevaniji";"2023-05-02T21:45:28+03:00";""
"https://kirkland.in.ua/all-products/filters/forma-vipyska_gelevie-kapsyli/dlya-chego_dlya-serdechno-sosydistoji-sistemi";"2023-05-02T21:45:28+03:00";""
"https://kirkland.in.ua/all-products/filters/forma-vipyska_gelevie-kapsyli/kolichestvo_230";"2023-05-02T21:45:28+03:00";""
"https://kirkland.in.ua/all-products/filters/forma-vipyska_gelevie-kapsyli/kolichestvo_400";"2023-05-02T21:45:28+03:00";""
"https://kirkland.in.ua/all-products/filters/forma-vipyska_gelevie-kapsyli/strana-proizvoditel_ssha";"2023-05-02T21:45:28+03:00";""
"https://kirkland.in.ua/all-products/filters/forma-vipyska_gel/kolichestvo_50-ml";"2023-05-02T21:45:28+03:00";""
"https://kirkland.in.ua/all-products/filters/forma-vipyska_gel/strana-proizvoditel_tyrciya";"2023-05-02T21:45:28+03:00";""
"https://kirkland.in.ua/all-products/filters/forma-vipyska_jevatelnie-konfeti/dlya-chego_dlya-imynnoji-sistemi-i-zdorovih-kosteji";"2023-05-02T21:45:28+03:00";""
"https://kirkland.in.ua/all-products/filters/forma-vipyska_jevatelnie-konfeti/kolichestvo_160";"2023-05-02T21:45:28+03:00";""
"https://kirkland.in.ua/all-products/filters/forma-vipyska_jevatelnie-konfeti/dlya-chego_dlya-podderjki-zdorovogo-rosta-i-razvitiya-deteji";"2023-05-02T21:45:28+03:00";""
"https://kirkland.in.ua/all-products/filters/forma-vipyska_jevatelnie-konfeti/kolichestvo_320";"2023-05-02T21:45:28+03:00";""
"https://kirkland.in.ua/all-products/filters/forma-vipyska_jevatelnie-konfeti/strana-proizvoditel_ssha";"2023-05-02T21:45:28+03:00";""
"https://kirkland.in.ua/all-products/filters/forma-vipyska_jelatinovie-kapsyli/dlya-chego_dlya-podderjaniya-imynnoji-sistemi";"2023-05-02T21:45:28+03:00";""
"https://kirkland.in.ua/all-products/filters/forma-vipyska_jelatinovie-kapsyli/kolichestvo_600";"2023-05-02T21:45:28+03:00";""
"https://kirkland.in.ua/all-products/filters/forma-vipyska_jelatinovie-kapsyli/strana-proizvoditel_ssha";"2023-05-02T21:45:28+03:00";""
"https://kirkland.in.ua/all-products/filters/forma-vipyska_jelejinie-konfeti/kolichestvo_30-sht";"2023-05-02T21:45:28+03:00";""
"https://kirkland.in.ua/all-products/filters/forma-vipyska_jelejinie-konfeti/strana-proizvoditel_niderlandi";"2023-05-02T21:45:28+03:00";""
"https://kirkland.in.ua/all-products/filters/forma-vipyska_kapsyli/veschestvo_bazilik-svyaschenniji";"2023-05-02T21:45:28+03:00";""
"https://kirkland.in.ua/all-products/filters/forma-vipyska_kapsyli/veschestvo_isotretinoin";"2023-05-02T21:45:28+03:00";""
"https://kirkland.in.ua/all-products/filters/forma-vipyska_kapsyli/veschestvo_bosveliya-serrata";"2023-05-02T21:45:28+03:00";""
"https://kirkland.in.ua/all-products/filters/forma-vipyska_kapsyli/veschestvo_djimnema-silvestra";"2023-05-02T21:45:28+03:00";""
"https://kirkland.in.ua/all-products/filters/forma-vipyska_kapsyli/veschestvo_vitaniya-snotvornaya";"2023-05-02T21:45:28+03:00";""
"https://kirkland.in.ua/all-products/filters/forma-vipyska_kapsyli/veschestvo_kyrkyma-dlinnaya";"2023-05-02T21:45:28+03:00";""
"https://kirkland.in.ua/all-products/filters/forma-vipyska_kapsyli/veschestvo_sambyk-cherniji";"2023-05-02T21:45:28+03:00";""
"https://kirkland.in.ua/all-products/filters/forma-vipyska_kapsyli/veschestvo_terminaliya-chebyla";"2023-05-02T21:45:28+03:00";""
"https://kirkland.in.ua/all-products/filters/forma-vipyska_kapsyli/veschestvo_sparja-kistevidnaya";"2023-05-02T21:45:28+03:00";""
"https://kirkland.in.ua/all-products/filters/forma-vipyska_kapsyli/veschestvo_tribylys-terrestris-yakorci-steluschiesya";"2023-05-02T21:45:28+03:00";""
"https://kirkland.in.ua/all-products/filters/forma-vipyska_kapsyli/dlya-chego_pomogaet-nejitralizovat-svobodnie-radikali-v-organizme-i-podderjivat-immynnyu-sistemy";"2023-05-02T21:45:28+03:00";""
"https://kirkland.in.ua/all-products/filters/forma-vipyska_kapsyli/kolichestvo_60-kapsyl";"2023-05-02T21:45:28+03:00";""
"https://kirkland.in.ua/all-products/filters/forma-vipyska_kapsyli/kolichestvo_120sht";"2023-05-02T21:45:28+03:00";""
"https://kirkland.in.ua/all-products/filters/forma-vipyska_kapsyli/kolichestvo_60-tabletok";"2023-05-02T21:45:28+03:00";""
"https://kirkland.in.ua/all-products/filters/forma-vipyska_kapsyli/kolichestvo_120-kapsyl";"2023-05-02T21:45:28+03:00";""
"https://kirkland.in.ua/all-products/filters/forma-vipyska_kapsyli/kolichestvo_180-tabletok";"2023-05-02T21:45:28+03:00";""
"https://kirkland.in.ua/all-products/filters/forma-vipyska_kapsyli/kolichestvo_500";"2023-05-02T21:45:28+03:00";""
"https://kirkland.in.ua/all-products/filters/forma-vipyska_kapsyli/strana-proizvoditel_angliya";"2023-05-02T21:45:28+03:00";""
"https://kirkland.in.ua/all-products/filters/forma-vipyska_kapsyli/strana-proizvoditel_niderlandi";"2023-05-02T21:45:28+03:00";""
"https://kirkland.in.ua/all-products/filters/forma-vipyska_kapsyli/strana-proizvoditel_ssha";"2023-05-02T21:45:28+03:00";""
"https://kirkland.in.ua/all-products/filters/forma-vipyska_kapsyli/strana-proizvoditel_tyrciya";"2023-05-02T21:45:28+03:00";""
"https://kirkland.in.ua/all-products/filters/forma-vipyska_kapsyli/strana-proizvoditel_indiya";"2023-05-02T21:45:28+03:00";""
"https://kirkland.in.ua/all-products/filters/forma-vipyska_kapsyli-s-poroshkom-dlya-ingalyaciji-18-mkg-v-komplekte-s-ingalyatorom-handihaler/veschestvo_tiotropiya-bromid";"2023-05-02T21:45:28+03:00";""
"https://kirkland.in.ua/all-products/filters/forma-vipyska_kapsyli-s-poroshkom-dlya-ingalyaciji-18-mkg-v-komplekte-s-ingalyatorom-handihaler/strana-proizvoditel_beringer-ingelhajim-farma-gmbh-i-ko-kg-germaniya";"2023-05-02T21:45:28+03:00";""
"https://kirkland.in.ua/all-products/filters/forma-vipyska_kompressi/strana-proizvoditel_italiya";"2023-05-02T21:45:28+03:00";""
"https://kirkland.in.ua/all-products/filters/forma-vipyska_kompressi/veschestvo_aziatskaya-centella";"2023-05-02T21:45:28+03:00";""
"https://kirkland.in.ua/all-products/filters/forma-vipyska_korobka/dlya-chego_lechenie-gribkovih-infekciji";"2023-05-02T21:45:28+03:00";""
"https://kirkland.in.ua/all-products/filters/forma-vipyska_korobka/dlya-chego_zdorove-koji-lica";"2023-05-02T21:45:28+03:00";""
"https://kirkland.in.ua/all-products/filters/forma-vipyska_korobka/dlya-chego_zdorove-koji";"2023-05-02T21:45:28+03:00";""
"https://kirkland.in.ua/all-products/filters/forma-vipyska_korobka/kolichestvo_5-shtyk";"2023-05-02T21:45:28+03:00";""
"https://kirkland.in.ua/all-products/filters/forma-vipyska_korobka/kolichestvo_75-g";"2023-05-02T21:45:28+03:00";""
"https://kirkland.in.ua/all-products/filters/forma-vipyska_korobka/kolichestvo_125-g";"2023-05-02T21:45:28+03:00";""
"https://kirkland.in.ua/all-products/filters/forma-vipyska_korobka/strana-proizvoditel_indiya";"2023-05-02T21:45:28+03:00";""
"https://kirkland.in.ua/all-products/filters/forma-vipyska_korobka/strana-proizvoditel_tyrciya";"2023-05-02T21:45:28+03:00";""
"https://kirkland.in.ua/all-products/filters/forma-vipyska_krem/dlya-chego_lechenie-psoriaza";"2023-05-02T21:45:28+03:00";""
"https://kirkland.in.ua/all-products/filters/forma-vipyska_krem/veschestvo_ibyprofen";"2023-05-02T21:45:28+03:00";""
"https://kirkland.in.ua/all-products/filters/forma-vipyska_krem/dlya-chego_melanodermiyaaknevesnyshki";"2023-05-02T21:45:28+03:00";""
"https://kirkland.in.ua/all-products/filters/forma-vipyska_krem/kolichestvo_15-g";"2023-05-02T21:45:28+03:00";""
"https://kirkland.in.ua/all-products/filters/forma-vipyska_krem/kolichestvo_75-gramm";"2023-05-02T21:45:28+03:00";""
"https://kirkland.in.ua/all-products/filters/forma-vipyska_krem/kolichestvo_50-g";"2023-05-02T21:45:28+03:00";""
"https://kirkland.in.ua/all-products/filters/forma-vipyska_krem/strana-proizvoditel_avstraliya";"2023-05-02T21:45:28+03:00";""
"https://kirkland.in.ua/all-products/filters/forma-vipyska_krem/strana-proizvoditel_germaniya";"2023-05-02T21:45:28+03:00";""
"https://kirkland.in.ua/all-products/filters/forma-vipyska_krem-dlya-naryjn-prim-5-pak-250mg-n12/veschestvo_miquimod";"2023-05-02T21:45:28+03:00";""
"https://kirkland.in.ua/all-products/filters/forma-vipyska_krem-dlya-naryjn-prim-5-pak-250mg-n12/strana-proizvoditel_meda-ab-shveciya";"2023-05-02T21:45:28+03:00";""
"https://kirkland.in.ua/all-products/filters/forma-vipyska_krem-balzam/dlya-chego_dlya-oblasti-vokryg-glaz";"2023-05-02T21:45:28+03:00";""
"https://kirkland.in.ua/all-products/filters/forma-vipyska_krem-balzam/kolichestvo_15-ml";"2023-05-02T21:45:28+03:00";""
"https://kirkland.in.ua/all-products/filters/forma-vipyska_krem-balzam/strana-proizvoditel_niderlandi";"2023-05-02T21:45:28+03:00";""
"https://kirkland.in.ua/all-products/filters/forma-vipyska_loson/veschestvo_dezonid-005";"2023-05-02T21:45:28+03:00";""
"https://kirkland.in.ua/all-products/filters/forma-vipyska_loson/dlya-chego_lecheniya-psoriaza-ekzemi-dermatita-allergicheskih-reakciji";"2023-05-02T21:45:28+03:00";""
"https://kirkland.in.ua/all-products/filters/forma-vipyska_loson/kolichestvo_30-ml";"2023-05-02T21:45:28+03:00";""
"https://kirkland.in.ua/all-products/filters/forma-vipyska_metalleva-tyba/dlya-chego_psoriaz";"2023-05-02T21:45:28+03:00";""
"https://kirkland.in.ua/all-products/filters/forma-vipyska_metalleva-tyba/veschestvo_klobetazol";"2023-05-02T21:45:28+03:00";""
"https://kirkland.in.ua/all-products/filters/forma-vipyska_metalleva-tyba/kolichestvo_50-g";"2023-05-02T21:45:28+03:00";""
"https://kirkland.in.ua/all-products/filters/forma-vipyska_metalleva-tyba/strana-proizvoditel_tyrciya";"2023-05-02T21:45:28+03:00";""
"https://kirkland.in.ua/all-products/filters/forma-vipyska_rozchin/veschestvo_klindamicin";"2023-05-02T21:45:28+03:00";""
"https://kirkland.in.ua/all-products/filters/forma-vipyska_rozchin/kolichestvo_30-ml";"2023-05-02T21:45:28+03:00";""
"https://kirkland.in.ua/all-products/filters/forma-vipyska_rozchin/strana-proizvoditel_pfizer-amerika";"2023-05-02T21:45:28+03:00";""
"https://kirkland.in.ua/all-products/filters/forma-vipyska_rastvor-dlya-naryjnogo-primeneniya/veschestvo_molochnaya-salicilovaya-kislota-polidokanol";"2023-05-02T21:45:28+03:00";""
"https://kirkland.in.ua/all-products/filters/forma-vipyska_rastvor-dlya-naryjnogo-primeneniya/strana-proizvoditel_egipet";"2023-05-02T21:45:28+03:00";""
"https://kirkland.in.ua/all-products/filters/forma-vipyska_sashe/veschestvo_gialyronovaya-kislota-hondroitin-sylfata";"2023-05-02T21:45:28+03:00";""
"https://kirkland.in.ua/all-products/filters/forma-vipyska_sashe/strana-proizvoditel_italiya";"2023-05-02T21:45:28+03:00";""
"https://kirkland.in.ua/all-products/filters/forma-vipyska_spreji/veschestvo_na-silikatnoji-osnove-s-vpitivauschimi-svojistvami-soderjaschaya-3-ionnogo-serebra";"2023-05-02T21:45:28+03:00";""
"https://kirkland.in.ua/all-products/filters/forma-vipyska_spreji/kolichestvo_50-ml";"2023-05-02T21:45:28+03:00";""
"https://kirkland.in.ua/all-products/filters/forma-vipyska_spreji/strana-proizvoditel_italiya";"2023-05-02T21:45:28+03:00";""
"https://kirkland.in.ua/all-products/filters/forma-vipyska_spreji/strana-proizvoditel_tyrciya";"2023-05-02T21:45:28+03:00";""
"https://kirkland.in.ua/all-products/filters/forma-vipyska_tabletki/dlya-chego_dlya-podderjaniya-immynnoji-fynkcii";"2023-05-02T21:45:28+03:00";""
"https://kirkland.in.ua/all-products/filters/forma-vipyska_tabletki/dlya-chego_dlya-podderjaniya-energeticheskogo-obmena";"2023-05-02T21:45:28+03:00";""
"https://kirkland.in.ua/all-products/filters/forma-vipyska_tabletki/dlya-chego_dlya-podderjki-zdorovya-systavov-hryaschevoji-i-soedinitelnoji-tkani";"2023-05-02T21:45:28+03:00";""
"https://kirkland.in.ua/all-products/filters/forma-vipyska_tabletki/dlya-chego_dlya-podderjki-krepkih-kosteji";"2023-05-02T21:45:28+03:00";""
"https://kirkland.in.ua/all-products/filters/forma-vipyska_tabletki/dlya-chego_dlya-podderjki-kosteji-mishc-i-immyniteta";"2023-05-02T21:45:28+03:00";""
"https://kirkland.in.ua/all-products/filters/forma-vipyska_tabletki/dlya-chego_dlya-podderjki-organizma-vo-vremya-stareniya";"2023-05-02T21:45:28+03:00";""
"https://kirkland.in.ua/all-products/filters/forma-vipyska_tabletki/dlya-chego_dlya-sozdaniya-silnogo-i-zdorovogo-tela";"2023-05-02T21:45:28+03:00";""
"https://kirkland.in.ua/all-products/filters/forma-vipyska_tabletki/dlya-chego_sposobstvyet-vosstanovleniu-povrejdennoji-hryaschevoji-tkani";"2023-05-02T21:45:28+03:00";""
"https://kirkland.in.ua/all-products/filters/forma-vipyska_tabletki/dlya-chego_prednaznachen-dlya-podderjki-zdorovya-ludeji-starshe-50-let";"2023-05-02T21:45:28+03:00";""
"https://kirkland.in.ua/all-products/filters/forma-vipyska_tabletki/kolichestvo_100";"2023-05-02T21:45:28+03:00";""
"https://kirkland.in.ua/all-products/filters/forma-vipyska_tabletki/kolichestvo_220";"2023-05-02T21:45:28+03:00";""
"https://kirkland.in.ua/all-products/filters/forma-vipyska_tabletki/kolichestvo_375";"2023-05-02T21:45:28+03:00";""
"https://kirkland.in.ua/all-products/filters/forma-vipyska_tabletki/kolichestvo_400";"2023-05-02T21:45:28+03:00";""
"https://kirkland.in.ua/all-products/filters/forma-vipyska_tabletki/kolichestvo_500";"2023-05-02T21:45:28+03:00";""
"https://kirkland.in.ua/all-products/filters/forma-vipyska_tabletki/kolichestvo_500-tabletok";"2023-05-02T21:45:28+03:00";""
"https://kirkland.in.ua/all-products/filters/forma-vipyska_tabletki/strana-proizvoditel_ssha";"2023-05-02T21:45:28+03:00";""
"https://kirkland.in.ua/all-products/filters/forma-vipyska_tyba/veschestvo_benzoyl-peroxide";"2023-05-02T21:45:28+03:00";""
"https://kirkland.in.ua/all-products/filters/forma-vipyska_tyba/veschestvo_mds17";"2023-05-02T21:45:28+03:00";""
"https://kirkland.in.ua/all-products/filters/forma-vipyska_tyba/veschestvo_benzokain-gidrokortizon-acetat-erarin-natriya";"2023-05-02T21:45:28+03:00";""
"https://kirkland.in.ua/all-products/filters/forma-vipyska_tyba/veschestvo_gialyronova-kislota-natrieva-sol-sylfadiazin-serebra";"2023-05-02T21:45:28+03:00";""
"https://kirkland.in.ua/all-products/filters/forma-vipyska_tyba/veschestvo_gialyronovaya-kislota-natrievaya-sol-pav-deciloviji-efir-oleinovoji-kisloti";"2023-05-02T21:45:28+03:00";""
"https://kirkland.in.ua/all-products/filters/forma-vipyska_tyba/veschestvo_gidrohinon";"2023-05-02T21:45:28+03:00";""
"https://kirkland.in.ua/all-products/filters/forma-vipyska_tyba/veschestvo_izikonazol-nitrat";"2023-05-02T21:45:28+03:00";""
"https://kirkland.in.ua/all-products/filters/forma-vipyska_tyba/veschestvo_kapsaicin";"2023-05-02T21:45:28+03:00";""
"https://kirkland.in.ua/all-products/filters/forma-vipyska_tyba/veschestvo_kojievaya-kislota-2";"2023-05-02T21:45:28+03:00";""
"https://kirkland.in.ua/all-products/filters/forma-vipyska_tyba/veschestvo_krotamiton";"2023-05-02T21:45:28+03:00";""
"https://kirkland.in.ua/all-products/filters/forma-vipyska_tyba/veschestvo_metil-salizilat-mentol";"2023-05-02T21:45:28+03:00";""
"https://kirkland.in.ua/all-products/filters/forma-vipyska_tyba/veschestvo_mometazon-fyroat";"2023-05-02T21:45:28+03:00";""
"https://kirkland.in.ua/all-products/filters/forma-vipyska_tyba/veschestvo_metilprednizolona-aceponat";"2023-05-02T21:45:28+03:00";""
"https://kirkland.in.ua/all-products/filters/forma-vipyska_tyba/veschestvo_centella-aziatskaya";"2023-05-02T21:45:28+03:00";""
"https://kirkland.in.ua/all-products/filters/forma-vipyska_tyba/veschestvo_flyocinolona-acetonid-ketokaina-gidrohlorid";"2023-05-02T21:45:28+03:00";""
"https://kirkland.in.ua/all-products/filters/forma-vipyska_tyba/veschestvo_ekstrakt-pshenici-fenoksetol";"2023-05-02T21:45:28+03:00";""
"https://kirkland.in.ua/all-products/filters/forma-vipyska_tyba/veschestvo_eritromicin-tretinoin";"2023-05-02T21:45:28+03:00";""
"https://kirkland.in.ua/all-products/filters/forma-vipyska_tyba/veschestvo_escin-fosfatidikolin";"2023-05-02T21:45:28+03:00";""
"https://kirkland.in.ua/all-products/filters/forma-vipyska_tyba/dlya-chego_akne-prischi";"2023-05-02T21:45:28+03:00";""
"https://kirkland.in.ua/all-products/filters/forma-vipyska_tyba/dlya-chego_dlya-jirnih-volos-i-koji-golovi";"2023-05-02T21:45:28+03:00";""
"https://kirkland.in.ua/all-products/filters/forma-vipyska_tyba/dlya-chego_dlya-lecheniya-dermatomikozov";"2023-05-02T21:45:28+03:00";""
"https://kirkland.in.ua/all-products/filters/forma-vipyska_tyba/dlya-chego_dlya-ydaleniya-pyaten";"2023-05-02T21:45:28+03:00";""
"https://kirkland.in.ua/all-products/filters/forma-vipyska_tyba/dlya-chego_zdorove-desen";"2023-05-02T21:45:28+03:00";""
"https://kirkland.in.ua/all-products/filters/forma-vipyska_tyba/dlya-chego_dlya-chyvstvitelnih-zybov";"2023-05-02T21:45:28+03:00";""
"https://kirkland.in.ua/all-products/filters/forma-vipyska_tyba/dlya-chego_zdorove-zybov-i-desen";"2023-05-02T21:45:28+03:00";""
"https://kirkland.in.ua/all-products/filters/forma-vipyska_tyba/dlya-chego_zdorove-koji";"2023-05-02T21:45:28+03:00";""
"https://kirkland.in.ua/all-products/filters/forma-vipyska_tyba/dlya-chego_zdorove-koji-lica";"2023-05-02T21:45:28+03:00";""
"https://kirkland.in.ua/all-products/filters/forma-vipyska_tyba/dlya-chego_zdorove-koji-lica-shei-i-zoni-dekolte";"2023-05-02T21:45:28+03:00";""
"https://kirkland.in.ua/all-products/filters/forma-vipyska_tyba/dlya-chego_zdorove-koji-volos-nogteji";"2023-05-02T21:45:28+03:00";""
"https://kirkland.in.ua/all-products/filters/forma-vipyska_tyba/dlya-chego_lechenie-dermatita";"2023-05-02T21:45:28+03:00";""
"https://kirkland.in.ua/all-products/filters/forma-vipyska_tyba/dlya-chego_lechenie-kojnih-zabolevaniji";"2023-05-02T21:45:28+03:00";""
"https://kirkland.in.ua/all-products/filters/forma-vipyska_tyba/dlya-chego_lechenie-i-zdorove-koji";"2023-05-02T21:45:28+03:00";""
"https://kirkland.in.ua/all-products/filters/forma-vipyska_tyba/dlya-chego_lechenie-prischeji";"2023-05-02T21:45:28+03:00";""
"https://kirkland.in.ua/all-products/filters/forma-vipyska_tyba/dlya-chego_lechenie-psoriaza-ekzemi-ili-trydnoizlechimih-kojnih-zabolevaniji";"2023-05-02T21:45:28+03:00";""
"https://kirkland.in.ua/all-products/filters/forma-vipyska_tyba/dlya-chego_otbelivanie-zybov";"2023-05-02T21:45:28+03:00";""
"https://kirkland.in.ua/all-products/filters/forma-vipyska_tyba/dlya-chego_pigmentaciya-koji";"2023-05-02T21:45:28+03:00";""
"https://kirkland.in.ua/all-products/filters/forma-vipyska_tyba/dlya-chego_podderjivaet-zdorove-koji-i-okryjauschego-analnoe-otverstie-prostranstva";"2023-05-02T21:45:28+03:00";""
"https://kirkland.in.ua/all-products/filters/forma-vipyska_tyba/dlya-chego_zvolojennya-ta-likyvannya-poshkodjen-na-shkiri";"2023-05-02T21:45:28+03:00";""
"https://kirkland.in.ua/all-products/filters/forma-vipyska_tyba/dlya-chego_yvlajnenie-pyatok";"2023-05-02T21:45:28+03:00";""
"https://kirkland.in.ua/all-products/filters/forma-vipyska_tyba/dlya-chego_ykreplenie-zdorovya-desen-i-zybov";"2023-05-02T21:45:28+03:00";""
"https://kirkland.in.ua/all-products/filters/forma-vipyska_tyba/dlya-chego_ykreplenie-korneji-volos";"2023-05-02T21:45:28+03:00";""
"https://kirkland.in.ua/all-products/filters/forma-vipyska_tyba/dlya-chego_ymenshenie-posledstviji-zabolevaniji-koji";"2023-05-02T21:45:28+03:00";""
"https://kirkland.in.ua/all-products/filters/forma-vipyska_tyba/dlya-chego_ekzema-psoriaz";"2023-05-02T21:45:28+03:00";""
"https://kirkland.in.ua/all-products/filters/forma-vipyska_tyba/kolichestvo_15-g";"2023-05-02T21:45:28+03:00";""
"https://kirkland.in.ua/all-products/filters/forma-vipyska_tyba/kolichestvo_15-ml";"2023-05-02T21:45:28+03:00";""
"https://kirkland.in.ua/all-products/filters/forma-vipyska_tyba/kolichestvo_20-g";"2023-05-02T21:45:28+03:00";""
"https://kirkland.in.ua/all-products/filters/forma-vipyska_tyba/kolichestvo_20-gramm";"2023-05-02T21:45:28+03:00";""
"https://kirkland.in.ua/all-products/filters/forma-vipyska_tyba/kolichestvo_25-gramm";"2023-05-02T21:45:28+03:00";""
"https://kirkland.in.ua/all-products/filters/forma-vipyska_tyba/kolichestvo_30-g";"2023-05-02T21:45:28+03:00";""
"https://kirkland.in.ua/all-products/filters/forma-vipyska_tyba/kolichestvo_30-ml";"2023-05-02T21:45:28+03:00";""
"https://kirkland.in.ua/all-products/filters/forma-vipyska_tyba/kolichestvo_30-gramm";"2023-05-02T21:45:28+03:00";""
"https://kirkland.in.ua/all-products/filters/forma-vipyska_tyba/kolichestvo_32-gramm";"2023-05-02T21:45:28+03:00";""
"https://kirkland.in.ua/all-products/filters/forma-vipyska_tyba/kolichestvo_40-g";"2023-05-02T21:45:28+03:00";""
"https://kirkland.in.ua/all-products/filters/forma-vipyska_tyba/kolichestvo_40-ml";"2023-05-02T21:45:28+03:00";""
"https://kirkland.in.ua/all-products/filters/forma-vipyska_tyba/kolichestvo_45-gramm";"2023-05-02T21:45:28+03:00";""
"https://kirkland.in.ua/all-products/filters/forma-vipyska_tyba/kolichestvo_50-ml";"2023-05-02T21:45:28+03:00";""
"https://kirkland.in.ua/all-products/filters/forma-vipyska_tyba/kolichestvo_50-g";"2023-05-02T21:45:28+03:00";""
"https://kirkland.in.ua/all-products/filters/forma-vipyska_tyba/kolichestvo_50-gramm";"2023-05-02T21:45:28+03:00";""
"https://kirkland.in.ua/all-products/filters/forma-vipyska_tyba/kolichestvo_60-g";"2023-05-02T21:45:28+03:00";""
"https://kirkland.in.ua/all-products/filters/forma-vipyska_tyba/kolichestvo_60-ml";"2023-05-02T21:45:28+03:00";""
"https://kirkland.in.ua/all-products/filters/forma-vipyska_tyba/kolichestvo_75-ml";"2023-05-02T21:45:28+03:00";""
"https://kirkland.in.ua/all-products/filters/forma-vipyska_tyba/kolichestvo_80-gramm";"2023-05-02T21:45:28+03:00";""
"https://kirkland.in.ua/all-products/filters/forma-vipyska_tyba/kolichestvo_80-g";"2023-05-02T21:45:28+03:00";""
"https://kirkland.in.ua/all-products/filters/forma-vipyska_tyba/kolichestvo_100-g";"2023-05-02T21:45:28+03:00";""
"https://kirkland.in.ua/all-products/filters/forma-vipyska_tyba/kolichestvo_200-ml";"2023-05-02T21:45:28+03:00";""
"https://kirkland.in.ua/all-products/filters/forma-vipyska_tyba/strana-proizvoditel_galderma-indiya";"2023-05-02T21:45:28+03:00";""
"https://kirkland.in.ua/all-products/filters/forma-vipyska_tyba/kolichestvo_100-ml";"2023-05-02T21:45:28+03:00";""
"https://kirkland.in.ua/all-products/filters/forma-vipyska_tyba/strana-proizvoditel_velikobritaniya";"2023-05-02T21:45:28+03:00";""
"https://kirkland.in.ua/all-products/filters/forma-vipyska_tyba/strana-proizvoditel_germaniya";"2023-05-02T21:45:28+03:00";""
"https://kirkland.in.ua/all-products/filters/forma-vipyska_tyba/strana-proizvoditel_ispaniya";"2023-05-02T21:45:28+03:00";""
"https://kirkland.in.ua/all-products/filters/forma-vipyska_tyba/strana-proizvoditel_indiya";"2023-05-02T21:45:28+03:00";""
"https://kirkland.in.ua/all-products/filters/forma-vipyska_tyba/strana-proizvoditel_niderlandi";"2023-05-02T21:45:28+03:00";""
"https://kirkland.in.ua/all-products/filters/forma-vipyska_tyba/strana-proizvoditel_italiya";"2023-05-02T21:45:28+03:00";""
"https://kirkland.in.ua/all-products/filters/forma-vipyska_tyba/strana-proizvoditel_tyrciya";"2023-05-02T21:45:28+03:00";""
"https://kirkland.in.ua/all-products/filters/forma-vipyska_tyba/strana-proizvoditel_shvejicariya";"2023-05-02T21:45:28+03:00";""
"https://kirkland.in.ua/all-products/filters/forma-vipyska_tyba-10-g/veschestvo_oksikonazol-oxiconazole";"2023-05-02T21:45:28+03:00";""
"https://kirkland.in.ua/all-products/filters/forma-vipyska_tyba-10-g/veschestvo_flyokortolona-21-geksanoat-095-mg-flyokortolona-21-pivalat-092-mg-cinhokaina-gidrohlorid-05-mg";"2023-05-02T21:45:28+03:00";""
"https://kirkland.in.ua/all-products/filters/forma-vipyska_tyba-10-g/strana-proizvoditel_bayer-healthcare-manufacturing-srl-italiya";"2023-05-02T21:45:28+03:00";""
"https://kirkland.in.ua/all-products/filters/forma-vipyska_tyba-10-g/strana-proizvoditel_saba-ilac-tyrciya";"2023-05-02T21:45:28+03:00";""
"https://kirkland.in.ua/all-products/filters/forma-vipyska_tyba-15-gramm/veschestvo_diflykortolona-valerat-gks-dlya-naryjnogo-primeneniya-okazivaet-protivovospalitelnoe-antiekssydativnoe-protivoallergicheskoe-i-protivozydnoe-dejistvie";"2023-05-02T21:45:28+03:00";""
"https://kirkland.in.ua/all-products/filters/forma-vipyska_tyba-15-gramm/strana-proizvoditel_bayer-healthcare-manufacturing-srl-italiya";"2023-05-02T21:45:28+03:00";""
"https://kirkland.in.ua/all-products/filters/forma-vipyska_tyba-20-g/veschestvo_tiokonazol";"2023-05-02T21:45:28+03:00";""
"https://kirkland.in.ua/all-products/filters/forma-vipyska_tyba-20-g/veschestvo_tretinoin";"2023-05-02T21:45:28+03:00";""
"https://kirkland.in.ua/all-products/filters/forma-vipyska_tyba-20-g/strana-proizvoditel_abdi-ibrahim-tyrciya";"2023-05-02T21:45:28+03:00";""
"https://kirkland.in.ua/all-products/filters/forma-vipyska_tyba-20-g/veschestvo_flyoroyracil";"2023-05-02T21:45:28+03:00";""
"https://kirkland.in.ua/all-products/filters/forma-vipyska_tyba-20-g/strana-proizvoditel_meda-pharma-germaniya";"2023-05-02T21:45:28+03:00";""
"https://kirkland.in.ua/all-products/filters/forma-vipyska_tyba-20-g/strana-proizvoditel_pfizer-tyrciya";"2023-05-02T21:45:28+03:00";""
"https://kirkland.in.ua/all-products/filters/forma-vipyska_tyba-30-g/veschestvo_azelainovaya-kislota";"2023-05-02T21:45:28+03:00";""
"https://kirkland.in.ua/all-products/filters/forma-vipyska_tyba-30-g/veschestvo_tacrolimus";"2023-05-02T21:45:28+03:00";""
"https://kirkland.in.ua/all-products/filters/forma-vipyska_tyba-30-g/veschestvo_betametazon-kalcipotriol";"2023-05-02T21:45:28+03:00";""
"https://kirkland.in.ua/all-products/filters/forma-vipyska_tyba-30-g/veschestvo_gidrokortizon-fyzidovaya-kislota";"2023-05-02T21:45:28+03:00";""
"https://kirkland.in.ua/all-products/filters/forma-vipyska_tyba-30-g/veschestvo_gidrohinon";"2023-05-02T21:45:28+03:00";""
"https://kirkland.in.ua/all-products/filters/forma-vipyska_tyba-30-g/veschestvo_izotretinoin-eritromicin";"2023-05-02T21:45:28+03:00";""
"https://kirkland.in.ua/all-products/filters/forma-vipyska_tyba-30-g/veschestvo_kalcipotriol";"2023-05-02T21:45:28+03:00";""
"https://kirkland.in.ua/all-products/filters/forma-vipyska_tyba-30-g/veschestvo_tazaroten";"2023-05-02T21:45:28+03:00";""
"https://kirkland.in.ua/all-products/filters/forma-vipyska_tyba-30-g/veschestvo_metilprednizolona-aceponat";"2023-05-02T21:45:28+03:00";""
"https://kirkland.in.ua/all-products/filters/forma-vipyska_tyba-30-g/dlya-chego_dlya-lecheniya-ygrevoji-sipi";"2023-05-02T21:45:28+03:00";""
"https://kirkland.in.ua/all-products/filters/forma-vipyska_tyba-30-g/strana-proizvoditel_leo-pharma-irlandiya";"2023-05-02T21:45:28+03:00";""
"https://kirkland.in.ua/all-products/filters/forma-vipyska_tyba-30-g/strana-proizvoditel_leo-pharma";"2023-05-02T21:45:28+03:00";""
"https://kirkland.in.ua/all-products/filters/forma-vipyska_tyba-30-g/strana-proizvoditel_leo-irlandiya";"2023-05-02T21:45:28+03:00";""
"https://kirkland.in.ua/all-products/filters/forma-vipyska_tyba-30-g/strana-proizvoditel_orva-tyrciya";"2023-05-02T21:45:28+03:00";""
"https://kirkland.in.ua/all-products/filters/forma-vipyska_tyba-30-g/strana-proizvoditel_vem-tyrciya";"2023-05-02T21:45:28+03:00";""
"https://kirkland.in.ua/all-products/filters/forma-vipyska_tyba-30-g/strana-proizvoditel_tyrciya";"2023-05-02T21:45:28+03:00";""
"https://kirkland.in.ua/all-products/filters/forma-vipyska_tyba-30-gramm/veschestvo_adapalen";"2023-05-02T21:45:28+03:00";""
"https://kirkland.in.ua/all-products/filters/forma-vipyska_tyba-30-gramm/veschestvo_klostridiopeptidaza";"2023-05-02T21:45:28+03:00";""
"https://kirkland.in.ua/all-products/filters/forma-vipyska_tyba-30-gramm/strana-proizvoditel_italiya";"2023-05-02T21:45:28+03:00";""
"https://kirkland.in.ua/all-products/filters/forma-vipyska_tyba-30-gramm/veschestvo_ryskogenin-trimebytin";"2023-05-02T21:45:28+03:00";""
"https://kirkland.in.ua/all-products/filters/forma-vipyska_tyba-40-g/strana-proizvoditel_bayer-ag-germaniya-reestraciya-tyrciya";"2023-05-02T21:45:28+03:00";""
"https://kirkland.in.ua/all-products/filters/forma-vipyska_tyba-40-g/veschestvo_ekstrakt-centelli-aziatskoji-10mg1g";"2023-05-02T21:45:28+03:00";""
"https://kirkland.in.ua/all-products/filters/forma-vipyska_tyba-30-gramm/strana-proizvoditel_tyrciya";"2023-05-02T21:45:28+03:00";""
"https://kirkland.in.ua/all-products/filters/forma-vipyska_tyba-50g/veschestvo_metilprednizolon-emylsiya-dnaryjn-prim-01";"2023-05-02T21:45:28+03:00";""
"https://kirkland.in.ua/all-products/filters/forma-vipyska_tyba-50g/strana-proizvoditel_irlandiya";"2023-05-02T21:45:28+03:00";""
"https://kirkland.in.ua/all-products/filters/forma-vipyska_tyba-60-g/veschestvo_tazaroten";"2023-05-02T21:45:28+03:00";""
"https://kirkland.in.ua/all-products/filters/forma-vipyska_tyba-60-g/strana-proizvoditel_tyrciya";"2023-05-02T21:45:28+03:00";""
"https://kirkland.in.ua/all-products/filters/forma-vipyska_flakon/veschestvo_rastvor-na-osnove-gialyronovoji-kisloti-02";"2023-05-02T21:45:28+03:00";""
"https://kirkland.in.ua/all-products/filters/forma-vipyska_flakon/dlya-chego_dlya-rosta-volos";"2023-05-02T21:45:28+03:00";""
"https://kirkland.in.ua/all-products/filters/forma-vipyska_flakon/dlya-chego_dlya-vseh-tipov-volos";"2023-05-02T21:45:28+03:00";""
"https://kirkland.in.ua/all-products/filters/forma-vipyska_flakon/dlya-chego_zdorove-i-ykreplenie-imynnoji-sistemi";"2023-05-02T21:45:28+03:00";""
"https://kirkland.in.ua/all-products/filters/forma-vipyska_flakon/dlya-chego_zdorove-volos";"2023-05-02T21:45:28+03:00";""
"https://kirkland.in.ua/all-products/filters/forma-vipyska_flakon/dlya-chego_zdorove-koji-lica";"2023-05-02T21:45:28+03:00";""
"https://kirkland.in.ua/all-products/filters/forma-vipyska_flakon/dlya-chego_zdorove-kosteji-i-kostnoji-tkani";"2023-05-02T21:45:28+03:00";""
"https://kirkland.in.ua/all-products/filters/forma-vipyska_flakon/dlya-chego_zdorove-pecheni";"2023-05-02T21:45:28+03:00";""
"https://kirkland.in.ua/all-products/filters/forma-vipyska_flakon/dlya-chego_zdorove-balans-veschestv-v-organizme";"2023-05-02T21:45:28+03:00";""
"https://kirkland.in.ua/all-products/filters/forma-vipyska_flakon/dlya-chego_lechenie-i-yvlajnenie-koji";"2023-05-02T21:45:28+03:00";""
"https://kirkland.in.ua/all-products/filters/forma-vipyska_flakon/dlya-chego_izbavlenie-ot-perhoti";"2023-05-02T21:45:28+03:00";""
"https://kirkland.in.ua/all-products/filters/forma-vipyska_flakon/dlya-chego_lechenie-psoriaza";"2023-05-02T21:45:28+03:00";""
"https://kirkland.in.ua/all-products/filters/forma-vipyska_flakon/dlya-chego_lechenie-oporno-dvigatelnoji-sistemi";"2023-05-02T21:45:28+03:00";""
"https://kirkland.in.ua/all-products/filters/forma-vipyska_flakon/dlya-chego_lechenie-psoriaza-perhoti-seborei";"2023-05-02T21:45:28+03:00";""
"https://kirkland.in.ua/all-products/filters/forma-vipyska_flakon/dlya-chego_podvijnost-kosteji-i-systavov";"2023-05-02T21:45:28+03:00";""
"https://kirkland.in.ua/all-products/filters/forma-vipyska_flakon/dlya-chego_profilaktika-i-lechenie-prischeji-i-ygreji";"2023-05-02T21:45:28+03:00";""
"https://kirkland.in.ua/all-products/filters/forma-vipyska_flakon/dlya-chego_yvlajnenie-koji";"2023-05-02T21:45:28+03:00";""
"https://kirkland.in.ua/all-products/filters/forma-vipyska_flakon/dlya-chego_rost-volos";"2023-05-02T21:45:28+03:00";""
"https://kirkland.in.ua/all-products/filters/forma-vipyska_flakon/dlya-chego_yvlajnenie-koji-lica";"2023-05-02T21:45:28+03:00";""
"https://kirkland.in.ua/all-products/filters/forma-vipyska_flakon/dlya-chego_ykreplenie-kosteji-zdorove-zybov";"2023-05-02T21:45:28+03:00";""
"https://kirkland.in.ua/all-products/filters/forma-vipyska_flakon/dlya-chego_ykreplenie-korneji-volos";"2023-05-02T21:45:28+03:00";""
"https://kirkland.in.ua/all-products/filters/forma-vipyska_flakon/dlya-chego_ykreplenie-zdorove-volos";"2023-05-02T21:45:28+03:00";""
"https://kirkland.in.ua/all-products/filters/forma-vipyska_flakon/dlya-chego_ylychshenie-pamyati-i-kognitivnih-fynkciji";"2023-05-02T21:45:28+03:00";""
"https://kirkland.in.ua/all-products/filters/forma-vipyska_flakon/dlya-chego_ylychshenie-pischevareniya";"2023-05-02T21:45:28+03:00";""
"https://kirkland.in.ua/all-products/filters/forma-vipyska_flakon/kolichestvo_10-ml";"2023-05-02T21:45:28+03:00";""
"https://kirkland.in.ua/all-products/filters/forma-vipyska_flakon/kolichestvo_30-ml";"2023-05-02T21:45:28+03:00";""
"https://kirkland.in.ua/all-products/filters/forma-vipyska_flakon/kolichestvo_60-kapsyl";"2023-05-02T21:45:28+03:00";""
"https://kirkland.in.ua/all-products/filters/forma-vipyska_flakon/kolichestvo_60-ml";"2023-05-02T21:45:28+03:00";""
"https://kirkland.in.ua/all-products/filters/forma-vipyska_flakon/kolichestvo_50-ml";"2023-05-02T21:45:28+03:00";""
"https://kirkland.in.ua/all-products/filters/forma-vipyska_flakon/kolichestvo_90-tabletok";"2023-05-02T21:45:28+03:00";""
"https://kirkland.in.ua/all-products/filters/forma-vipyska_flakon/kolichestvo_100-ml";"2023-05-02T21:45:28+03:00";""
"https://kirkland.in.ua/all-products/filters/forma-vipyska_flakon/kolichestvo_100-g";"2023-05-02T21:45:28+03:00";""
"https://kirkland.in.ua/all-products/filters/forma-vipyska_flakon/kolichestvo_120-ml";"2023-05-02T21:45:28+03:00";""
"https://kirkland.in.ua/all-products/filters/forma-vipyska_flakon/kolichestvo_100-tabletok";"2023-05-02T21:45:28+03:00";""
"https://kirkland.in.ua/all-products/filters/forma-vipyska_flakon/kolichestvo_150-kapsyl";"2023-05-02T21:45:28+03:00";""
"https://kirkland.in.ua/all-products/filters/forma-vipyska_flakon/kolichestvo_240-ml";"2023-05-02T21:45:28+03:00";""
"https://kirkland.in.ua/all-products/filters/forma-vipyska_flakon/kolichestvo_236-ml";"2023-05-02T21:45:28+03:00";""
"https://kirkland.in.ua/all-products/filters/forma-vipyska_flakon/kolichestvo_200-ml";"2023-05-02T21:45:28+03:00";""
"https://kirkland.in.ua/all-products/filters/forma-vipyska_flakon/kolichestvo_250-tabletok";"2023-05-02T21:45:28+03:00";""
"https://kirkland.in.ua/all-products/filters/forma-vipyska_flakon/kolichestvo_400-mg";"2023-05-02T21:45:28+03:00";""
"https://kirkland.in.ua/all-products/filters/forma-vipyska_flakon/kolichestvo_300-ml";"2023-05-02T21:45:28+03:00";""
"https://kirkland.in.ua/all-products/filters/forma-vipyska_flakon/strana-proizvoditel_germaniya";"2023-05-02T21:45:28+03:00";""
"https://kirkland.in.ua/all-products/filters/forma-vipyska_flakon/strana-proizvoditel_velikobritaniya";"2023-05-02T21:45:28+03:00";""
"https://kirkland.in.ua/all-products/filters/forma-vipyska_flakon/strana-proizvoditel_irlandiya";"2023-05-02T21:45:28+03:00";""
"https://kirkland.in.ua/all-products/filters/forma-vipyska_flakon/strana-proizvoditel_indiya";"2023-05-02T21:45:28+03:00";""
"https://kirkland.in.ua/all-products/filters/forma-vipyska_flakon/strana-proizvoditel_italiya";"2023-05-02T21:45:28+03:00";""
"https://kirkland.in.ua/all-products/filters/forma-vipyska_flakon/strana-proizvoditel_niderlandi";"2023-05-02T21:45:28+03:00";""
"https://kirkland.in.ua/all-products/filters/forma-vipyska_flakon/strana-proizvoditel_ssha";"2023-05-02T21:45:28+03:00";""
"https://kirkland.in.ua/all-products/filters/forma-vipyska_flakon/strana-proizvoditel_franciya";"2023-05-02T21:45:28+03:00";""
"https://kirkland.in.ua/all-products/filters/forma-vipyska_flakon/strana-proizvoditel_tyrciya";"2023-05-02T21:45:28+03:00";""
"https://kirkland.in.ua/all-products/filters/forma-vipyska_flakon/shampyn_shampyn";"2023-05-02T21:45:28+03:00";""
"https://kirkland.in.ua/all-products/filters/forma-vipyska_flakon-banka/dlya-chego_zdorove-volos-i-koji-golovi";"2023-05-02T21:45:28+03:00";""
"https://kirkland.in.ua/all-products/filters/forma-vipyska_flakon-banka/kolichestvo_60-tabletok-300-ml";"2023-05-02T21:45:28+03:00";""
"https://kirkland.in.ua/all-products/filters/forma-vipyska_flakon-banka/strana-proizvoditel_tyrciya";"2023-05-02T21:45:28+03:00";""
"https://kirkland.in.ua/all-products/filters/forma-vipyska_flakon-banka-flakon/dlya-chego_intensivnoe-ykreplenie-i-zdorove-volos";"2023-05-02T21:45:28+03:00";""
"https://kirkland.in.ua/all-products/filters/forma-vipyska_flakon-banka-flakon/kolichestvo_300-ml-60-tabletok-50-ml";"2023-05-02T21:45:28+03:00";""
"https://kirkland.in.ua/all-products/filters/forma-vipyska_flakon-banka-flakon/strana-proizvoditel_tyrciya";"2023-05-02T21:45:28+03:00";""
"https://kirkland.in.ua/all-products/filters/forma-vipyska_flakon-15-ml/veschestvo_molochnaya-kislota-salicilovaya-kislota";"2023-05-02T21:45:28+03:00";""
"https://kirkland.in.ua/all-products/filters/forma-vipyska_flakon-15-ml/veschestvo_salicilovaya-kislota-fluoroyracil";"2023-05-02T21:45:28+03:00";""
"https://kirkland.in.ua/all-products/filters/forma-vipyska_flakon-15-ml/strana-proizvoditel_orva-tyrciya";"2023-05-02T21:45:28+03:00";""
"https://kirkland.in.ua/all-products/filters/forma-vipyska_flakon-25-ml/veschestvo_amorolfin";"2023-05-02T21:45:28+03:00";""
"https://kirkland.in.ua/all-products/filters/forma-vipyska_flakon-25-ml/strana-proizvoditel_franciya";"2023-05-02T21:45:28+03:00";""
"https://kirkland.in.ua/all-products/filters/forma-vipyska_flakon-30-ml/strana-proizvoditel_leo-pharma-irlandiya";"2023-05-02T21:45:28+03:00";""
"https://kirkland.in.ua/all-products/filters/forma-vipyska_flakon-30-ml/veschestvo_kalcipotriol";"2023-05-02T21:45:28+03:00";""
"https://kirkland.in.ua/all-products/filters/forma-vipyska_flakon-s-dozatorom/dlya-chego_lechenie-akne";"2023-05-02T21:45:28+03:00";""
"https://kirkland.in.ua/all-products/filters/forma-vipyska_flakon-s-dozatorom/kolichestvo_500-ml";"2023-05-02T21:45:28+03:00";""
"https://kirkland.in.ua/all-products/filters/forma-vipyska_flakon-s-dozatorom/strana-proizvoditel_tyrciya";"2023-05-02T21:45:28+03:00";""
"https://kirkland.in.ua/all-products/filters/forma-vipyska_flakon-rastvor-0005-/veschestvo_latanoprost";"2023-05-02T21:45:28+03:00";""
"https://kirkland.in.ua/all-products/filters/forma-vipyska_flakon-rastvor-0005-/kolichestvo_25-ml";"2023-05-02T21:45:28+03:00";""
"https://kirkland.in.ua/all-products/filters/forma-vipyska_shampyn/kolichestvo_300-ml";"2023-05-02T21:45:28+03:00";""
"https://kirkland.in.ua/all-products/filters/forma-vipyska_flakon-rastvor-0005-/strana-proizvoditel_belgiya";"2023-05-02T21:45:28+03:00";""
"https://kirkland.in.ua/all-products/filters/forma-vipyska_shampyn/strana-proizvoditel_tyrciya";"2023-05-02T21:45:28+03:00";""
"https://kirkland.in.ua/all-products/filters/forma-vipyska_sharikoviji-dezodorant/kolichestvo_50-ml";"2023-05-02T21:45:28+03:00";""
"https://kirkland.in.ua/all-products/filters/forma-vipyska_sharikoviji-dezodorant/strana-proizvoditel_niderlandi";"2023-05-02T21:45:28+03:00";""
"https://kirkland.in.ua/all-products/filters/forma-vipyska_emylsiya-glaznaya-05-mgml-flakon-04-ml-30-flakonov/veschestvo_ciklosporin";"2023-05-02T21:45:28+03:00";""
"https://kirkland.in.ua/all-products/filters/forma-vipyska_emylsiya-glaznaya-05-mgml-flakon-04-ml-30-flakonov/strana-proizvoditel_tyrciya";"2023-05-02T21:45:28+03:00";""
"https://kirkland.in.ua/all-products/filters/shampyn_shampyn/dlya-chego_ykreplenie-korneji-volos";"2023-05-02T21:45:28+03:00";""
"https://kirkland.in.ua/all-products/filters/shampyn_shampyn/kolichestvo_300-ml";"2023-05-02T21:45:28+03:00";""
"https://kirkland.in.ua/all-products/filters/shampyn_shampyn/forma-vipyska_flakon";"2023-05-02T21:45:28+03:00";""
"https://kirkland.in.ua/akcii/filters/veschestvo_diflykortolona-valerat-gks-dlya-naryjnogo-primeneniya-okazivaet-protivovospalitelnoe-antiekssydativnoe-protivoallergicheskoe-i-protivozydnoe-dejistvie/strana-proizvoditel_bayer-healthcare-manufacturing-srl-italiya";"2023-05-02T21:45:28+03:00";""
"https://kirkland.in.ua/akcii/filters/veschestvo_diflykortolona-valerat-gks-dlya-naryjnogo-primeneniya-okazivaet-protivovospalitelnoe-antiekssydativnoe-protivoallergicheskoe-i-protivozydnoe-dejistvie/forma-vipyska_tyba-15-gramm";"2023-05-02T21:45:28+03:00";""
"https://kirkland.in.ua/akcii/filters/strana-proizvoditel_bayer-healthcare-manufacturing-srl-italiya/veschestvo_diflykortolona-valerat-gks-dlya-naryjnogo-primeneniya-okazivaet-protivovospalitelnoe-antiekssydativnoe-protivoallergicheskoe-i-protivozydnoe-dejistvie";"2023-05-02T21:45:28+03:00";""
"https://kirkland.in.ua/akcii/filters/forma-vipyska_tyba-15-gramm/veschestvo_diflykortolona-valerat-gks-dlya-naryjnogo-primeneniya-okazivaet-protivovospalitelnoe-antiekssydativnoe-protivoallergicheskoe-i-protivozydnoe-dejistvie";"2023-05-02T21:45:28+03:00";""
"https://kirkland.in.ua/akcii/filters/strana-proizvoditel_bayer-healthcare-manufacturing-srl-italiya/forma-vipyska_tyba-15-gramm";"2023-05-02T21:45:28+03:00";""
"https://kirkland.in.ua/akcii/filters/forma-vipyska_tyba-15-gramm/strana-proizvoditel_bayer-healthcare-manufacturing-srl-italiya";"2023-05-02T21:45:28+03:00";""
"https://kirkland.in.ua/index.php?route=product/product&product_id=521";"2023-04-04T14:12:36Z";""
"https://kirkland.in.ua/all-products/biologicheski-aktivnye-dobavki/bad";"2023-04-06T13:36:47Z";""
"https://kirkland.in.ua/all-products/dermatologist/borodavki_i_mozoli";"2023-04-03T15:43:51Z";""
"https://kirkland.in.ua/all-products/Koreancosmetics/Butulinotherapy";"2023-05-05T11:26:43Z";""
"https://kirkland.in.ua/all-products/dermatologist/vazoprotectory";"2021-08-23T15:22:21Z";""
"https://kirkland.in.ua/all-products/vitaminy/vitamin-dru";"2023-03-21T16:28:20Z";""
"https://kirkland.in.ua/all-products/vitaminy/vitamin-aru";"2023-03-21T16:34:33Z";""
"https://kirkland.in.ua/all-products/vitaminy/vitamin-bru";"2023-03-21T16:45:37Z";""
"https://kirkland.in.ua/all-products/vitaminy/vitamin-eru";"2023-03-21T16:36:08Z";""
"https://kirkland.in.ua/all-products/vitaminy/vitamin-kru";"2023-03-21T16:37:34Z";""
"https://kirkland.in.ua/all-products/vitaminy/vitamin-cru";"2023-03-21T16:44:20Z";""
"https://kirkland.in.ua/all-products/vitaminy/vitamini-dlya-detei";"2023-04-06T18:18:32Z";""
"https://kirkland.in.ua/all-products/vitaminy/vitamini-dlya-krasoti";"2023-04-06T18:21:52Z";""
"https://kirkland.in.ua/all-products/vitaminy/vitamini-dlya-normalizatsii-sna";"2023-04-06T18:23:35Z";""
"https://kirkland.in.ua/all-products/vitaminy/vitamini-dlya-pokhudeniya";"2023-04-07T10:05:37Z";""
"https://kirkland.in.ua/all-products/vitaminy/vitamini-dlya-sustavov";"2023-04-07T10:07:19Z";""
"https://kirkland.in.ua/all-products/vitaminy/vitamini-ot-stressa";"2023-04-07T10:08:28Z";""
"https://kirkland.in.ua/all-products";"2023-03-23T11:37:59Z";""
"https://kirkland.in.ua/all-products/dermatologist";"2023-04-03T21:34:32Z";""
"https://kirkland.in.ua/all-products/biologicheski-aktivnye-dobavki/zdorove-i-krasota";"2023-04-06T13:39:56Z";""
"https://kirkland.in.ua/all-products/Koreancosmetics";"2023-05-05T11:22:35Z";""
"https://kirkland.in.ua/all-products/dermatologist/lechenie-acne";"2022-04-12T14:49:26Z";""
"https://kirkland.in.ua/all-products/Koreancosmetics/Lipolitics";"2023-05-05T11:33:29Z";""
"https://kirkland.in.ua/all-products/biologicheski-aktivnye-dobavki/lichnaya-gigiena";"2023-04-06T13:42:13Z";""
"https://kirkland.in.ua/all-products/Koreancosmetics/Mesotherapy";"2023-05-05T11:32:24Z";""
"https://kirkland.in.ua/all-products/vitaminy/minerali";"2023-04-07T10:14:08Z";""
"https://kirkland.in.ua/all-products/vitaminy/multivitaminiru";"2023-04-03T21:11:25Z";""
"https://kirkland.in.ua/all-products/vitaminy/omega-ta-ribyachij-zhirru";"2023-04-01T12:49:56Z";""
"https://kirkland.in.ua/all-products/dermatologist/pigmentacia";"2022-07-29T19:19:15Z";""
"https://kirkland.in.ua/all-products/Koreancosmetics/PlacentalTherapy";"2023-05-05T11:31:33Z";""
"https://kirkland.in.ua/all-products/dermatologist/it-gribka";"2022-07-29T19:19:57Z";""
"https://kirkland.in.ua/all-products/Koreancosmetics/professionalcosmetics";"2023-05-05T11:39:29Z";""
"https://kirkland.in.ua/all-products/dermatologist/akne_lechenie_i_profilaktika";"2023-03-24T17:10:06Z";""
"https://kirkland.in.ua/all-products/dermatologist/lechenie-psoriaza";"2023-03-24T17:09:33Z";""
"https://kirkland.in.ua/all-products/Koreancosmetics/fillers";"2023-05-05T11:27:27Z";""
"https://kirkland.in.ua/all-products/bioxcinru";"2023-04-03T21:35:03Z";""
"https://kirkland.in.ua/all-products/biologicheski-aktivnye-dobavki";"2023-04-06T13:32:27Z";""
"https://kirkland.in.ua/all-products/vitaminy";"2023-04-03T21:35:35Z";""
"https://kirkland.in.ua/all-products/dieata-i-pitanie";"2023-04-03T21:36:55Z";""
"https://kirkland.in.ua/all-products/kosmetikaru";"2022-11-17T11:02:07Z";""
"https://kirkland.in.ua/all-products/oporno-dvigatelnyi-aparat";"2023-04-03T21:36:09Z";""
"https://kirkland.in.ua/all-products/oftalmologia";"2023-04-03T21:37:34Z";""
"https://kirkland.in.ua/all-products/proctologia";"2023-04-03T21:37:46Z";""
"https://kirkland.in.ua/all-products/intimnie-tovari";"2023-04-07T10:22:08Z";""
"https://kirkland.in.ua/akcii";"2023-04-03T21:29:52Z";""
"https://kirkland.in.ua/abbott-laboratories-ru";"";""
"https://kirkland.in.ua/abdi-ibrahim-ru";"";""
"https://kirkland.in.ua/bayer-ag-ru";"";""
"https://kirkland.in.ua/bayer-healthcare";"";""
"https://kirkland.in.ua/bioxicin-ru";"";""
"https://kirkland.in.ua/eczac%C4%B1bas%C4%B1-holding-ru";"";""
"https://kirkland.in.ua/farmatek-ru";"";""
"https://kirkland.in.ua/index.php?route=product/manufacturer/info&manufacturer_id=41";"";""
"https://kirkland.in.ua/index.php?route=product/manufacturer/info&manufacturer_id=44";"";""
"https://kirkland.in.ua/himalaya-ru";"";""
"https://kirkland.in.ua/index.php?route=product/manufacturer/info&manufacturer_id=40";"";""
"https://kirkland.in.ua/kirkland-signature";"";""
"https://kirkland.in.ua/leo-pharma";"";""
"https://kirkland.in.ua/leo-pharmaceutical-prodacts-ru";"";""
"https://kirkland.in.ua/index.php?route=product/manufacturer/info&manufacturer_id=39";"";""
"https://kirkland.in.ua/meda-ab";"";""
"https://kirkland.in.ua/meda-pharma";"";""
"https://kirkland.in.ua/medfin-ru";"";""
"https://kirkland.in.ua/mivolis";"";""
"https://kirkland.in.ua/index.php?route=product/manufacturer/info&manufacturer_id=38";"";""
"https://kirkland.in.ua/index.php?route=product/manufacturer/info&manufacturer_id=43";"";""
"https://kirkland.in.ua/oregons-wild-harvest-ru";"";""
"https://kirkland.in.ua/orva";"";""
"https://kirkland.in.ua/pfizer";"";""
"https://kirkland.in.ua/index.php?route=product/manufacturer/info&manufacturer_id=42";"";""
"https://kirkland.in.ua/vem";"";""
"https://kirkland.in.ua/beringer";"";""
"https://kirkland.in.ua/advantan-detjam";"";""
"https://kirkland.in.ua/advantan-otzyvy";"";""
"https://kirkland.in.ua/vozvrat-ru";"";""
"https://kirkland.in.ua/gribok-na-kozhe-kak-lechit";"";""
"https://kirkland.in.ua/dermatit-na-litso-i-yego-proyavleniya";"";""
"https://kirkland.in.ua/dermatit-u-detey-simptomy-prichiny";"";""
"https://kirkland.in.ua/cooperation";"";""
"https://kirkland.in.ua/advantan-deistvennoe-reshenie";"";""
"https://kirkland.in.ua/luchshee_sredstvo_ot_pryshchej";"";""
"https://kirkland.in.ua/maz-dlya-lecheniya-psoriaza";"";""
"https://kirkland.in.ua/about_us";"";""
"https://kirkland.in.ua/pravilnoe-lechenie-prischey";"";""
"https://kirkland.in.ua/effektivnaya-maz-ot-psoriaza";"";""
"https://kirkland.in.ua/chto-takoe-allergicheskij-dermatit";"";""
"https://kirkland.in.ua/contacts";"";""
"https://kirkland.in.ua/dostavka-i-oplata";"";""
"https://kirkland.in.ua/privacy";"";""
"https://kirkland.in.ua/terms";"";""
"https://kirkland.in.ua/person_danie";"";""